tx_id,from,to,amount,timestamp,asset
TX0,W0,W17,0.01,1726228000,ETH
TX1,W1,W54,0.02,1726228001,ETH
TX2,W2,W91,0.03,1726228002,ETH
TX3,W3,W128,0.04,1726228003,ETH
TX4,W4,W165,0.05,1726228004,ETH
TX5,W5,W202,0.06,1726228005,ETH
TX6,W6,W239,0.07,1726228006,ETH
TX7,W7,W276,0.08,1726228007,ETH
TX8,W8,W313,0.09,1726228008,ETH
TX9,W9,W350,0.1,1726228009,ETH
TX10,W10,W387,0.11,1726228010,ETH
TX11,W11,W424,0.12,1726228011,ETH
TX12,W12,W461,0.13,1726228012,ETH
TX13,W13,W498,0.14,1726228013,ETH
TX14,W14,W535,0.15,1726228014,ETH
TX15,W15,W572,0.16,1726228015,ETH
TX16,W16,W609,0.17,1726228016,ETH
TX17,W17,W646,0.18,1726228017,ETH
TX18,W18,W683,0.19,1726228018,ETH
TX19,W19,W720,0.2,1726228019,ETH
TX20,W20,W757,0.21,1726228020,ETH
TX21,W21,W794,0.22,1726228021,ETH
TX22,W22,W831,0.23,1726228022,ETH
TX23,W23,W868,0.24,1726228023,ETH
TX24,W24,W905,0.25,1726228024,ETH
TX25,W25,W942,0.26,1726228025,ETH
TX26,W26,W979,0.27,1726228026,ETH
TX27,W27,W1016,0.28,1726228027,ETH
TX28,W28,W1053,0.29,1726228028,ETH
TX29,W29,W1090,0.3,1726228029,ETH
TX30,W30,W1127,0.31,1726228030,ETH
TX31,W31,W1164,0.32,1726228031,ETH
TX32,W32,W1201,0.33,1726228032,ETH
TX33,W33,W1238,0.34,1726228033,ETH
TX34,W34,W1275,0.35,1726228034,ETH
TX35,W35,W1312,0.36,1726228035,ETH
TX36,W36,W1349,0.37,1726228036,ETH
TX37,W37,W1386,0.38,1726228037,ETH
TX38,W38,W1423,0.39,1726228038,ETH
TX39,W39,W1460,0.4,1726228039,ETH
TX40,W40,W1497,0.41,1726228040,ETH
TX41,W41,W1534,0.42,1726228041,ETH
TX42,W42,W1571,0.43,1726228042,ETH
TX43,W43,W1608,0.44,1726228043,ETH
TX44,W44,W1645,0.45,1726228044,ETH
TX45,W45,W1682,0.46,1726228045,ETH
TX46,W46,W1719,0.47,1726228046,ETH
TX47,W47,W1756,0.48,1726228047,ETH
TX48,W48,W1793,0.49,1726228048,ETH
TX49,W49,W1830,0.5,1726228049,ETH
TX50,W50,W1867,0.51,1726228050,ETH
TX51,W51,W1904,0.52,1726228051,ETH
TX52,W52,W1941,0.53,1726228052,ETH
TX53,W53,W1978,0.54,1726228053,ETH
TX54,W54,W2015,0.55,1726228054,ETH
TX55,W55,W2052,0.56,1726228055,ETH
TX56,W56,W2089,0.57,1726228056,ETH
TX57,W57,W2126,0.58,1726228057,ETH
TX58,W58,W2163,0.59,1726228058,ETH
TX59,W59,W2200,0.6,1726228059,ETH
TX60,W60,W2237,0.61,1726228060,ETH
TX61,W61,W2274,0.62,1726228061,ETH
TX62,W62,W2311,0.63,1726228062,ETH
TX63,W63,W2348,0.64,1726228063,ETH
TX64,W64,W2385,0.65,1726228064,ETH
TX65,W65,W2422,0.66,1726228065,ETH
TX66,W66,W2459,0.67,1726228066,ETH
TX67,W67,W2496,0.68,1726228067,ETH
TX68,W68,W33,0.69,1726228068,ETH
TX69,W69,W70,0.7,1726228069,ETH
TX70,W70,W107,0.71,1726228070,ETH
TX71,W71,W144,0.72,1726228071,ETH
TX72,W72,W181,0.73,1726228072,ETH
TX73,W73,W218,0.74,1726228073,ETH
TX74,W74,W255,0.75,1726228074,ETH
TX75,W75,W292,0.76,1726228075,ETH
TX76,W76,W329,0.77,1726228076,ETH
TX77,W77,W366,0.78,1726228077,ETH
TX78,W78,W403,0.79,1726228078,ETH
TX79,W79,W440,0.8,1726228079,ETH
TX80,W80,W477,0.81,1726228080,ETH
TX81,W81,W514,0.82,1726228081,ETH
TX82,W82,W551,0.83,1726228082,ETH
TX83,W83,W588,0.84,1726228083,ETH
TX84,W84,W625,0.85,1726228084,ETH
TX85,W85,W662,0.86,1726228085,ETH
TX86,W86,W699,0.87,1726228086,ETH
TX87,W87,W736,0.88,1726228087,ETH
TX88,W88,W773,0.89,1726228088,ETH
TX89,W89,W810,0.9,1726228089,ETH
TX90,W90,W847,0.91,1726228090,ETH
TX91,W91,W884,0.92,1726228091,ETH
TX92,W92,W921,0.93,1726228092,ETH
TX93,W93,W958,0.94,1726228093,ETH
TX94,W94,W995,0.95,1726228094,ETH
TX95,W95,W1032,0.96,1726228095,ETH
TX96,W96,W1069,0.97,1726228096,ETH
TX97,W97,W1106,0.98,1726228097,ETH
TX98,W98,W1143,0.99,1726228098,ETH
TX99,W99,W1180,1,1726228099,ETH
TX100,W100,W1217,1.01,1726228100,ETH
TX101,W101,W1254,1.02,1726228101,ETH
TX102,W102,W1291,1.03,1726228102,ETH
TX103,W103,W1328,1.04,1726228103,ETH
TX104,W104,W1365,1.05,1726228104,ETH
TX105,W105,W1402,1.06,1726228105,ETH
TX106,W106,W1439,1.07,1726228106,ETH
TX107,W107,W1476,1.08,1726228107,ETH
TX108,W108,W1513,1.09,1726228108,ETH
TX109,W109,W1550,1.1,1726228109,ETH
TX110,W110,W1587,1.11,1726228110,ETH
TX111,W111,W1624,1.12,1726228111,ETH
TX112,W112,W1661,1.13,1726228112,ETH
TX113,W113,W1698,1.14,1726228113,ETH
TX114,W114,W1735,1.15,1726228114,ETH
TX115,W115,W1772,1.16,1726228115,ETH
TX116,W116,W1809,1.17,1726228116,ETH
TX117,W117,W1846,1.18,1726228117,ETH
TX118,W118,W1883,1.19,1726228118,ETH
TX119,W119,W1920,1.2,1726228119,ETH
TX120,W120,W1957,1.21,1726228120,ETH
TX121,W121,W1994,1.22,1726228121,ETH
TX122,W122,W2031,1.23,1726228122,ETH
TX123,W123,W2068,1.24,1726228123,ETH
TX124,W124,W2105,1.25,1726228124,ETH
TX125,W125,W2142,1.26,1726228125,ETH
TX126,W126,W2179,1.27,1726228126,ETH
TX127,W127,W2216,1.28,1726228127,ETH
TX128,W128,W2253,1.29,1726228128,ETH
TX129,W129,W2290,1.3,1726228129,ETH
TX130,W130,W2327,1.31,1726228130,ETH
TX131,W131,W2364,1.32,1726228131,ETH
TX132,W132,W2401,1.33,1726228132,ETH
TX133,W133,W2438,1.34,1726228133,ETH
TX134,W134,W2475,1.35,1726228134,ETH
TX135,W135,W12,1.36,1726228135,ETH
TX136,W136,W49,1.37,1726228136,ETH
TX137,W137,W86,1.38,1726228137,ETH
TX138,W138,W123,1.39,1726228138,ETH
TX139,W139,W160,1.4,1726228139,ETH
TX140,W140,W197,1.41,1726228140,ETH
TX141,W141,W234,1.42,1726228141,ETH
TX142,W142,W271,1.43,1726228142,ETH
TX143,W143,W308,1.44,1726228143,ETH
TX144,W144,W345,1.45,1726228144,ETH
TX145,W145,W382,1.46,1726228145,ETH
TX146,W146,W419,1.47,1726228146,ETH
TX147,W147,W456,1.48,1726228147,ETH
TX148,W148,W493,1.49,1726228148,ETH
TX149,W149,W530,1.5,1726228149,ETH
TX150,W150,W567,1.51,1726228150,ETH
TX151,W151,W604,1.52,1726228151,ETH
TX152,W152,W641,1.53,1726228152,ETH
TX153,W153,W678,1.54,1726228153,ETH
TX154,W154,W715,1.55,1726228154,ETH
TX155,W155,W752,1.56,1726228155,ETH
TX156,W156,W789,1.57,1726228156,ETH
TX157,W157,W826,1.58,1726228157,ETH
TX158,W158,W863,1.59,1726228158,ETH
TX159,W159,W900,1.6,1726228159,ETH
TX160,W160,W937,1.61,1726228160,ETH
TX161,W161,W974,1.62,1726228161,ETH
TX162,W162,W1011,1.63,1726228162,ETH
TX163,W163,W1048,1.64,1726228163,ETH
TX164,W164,W1085,1.65,1726228164,ETH
TX165,W165,W1122,1.66,1726228165,ETH
TX166,W166,W1159,1.67,1726228166,ETH
TX167,W167,W1196,1.68,1726228167,ETH
TX168,W168,W1233,1.69,1726228168,ETH
TX169,W169,W1270,1.7,1726228169,ETH
TX170,W170,W1307,1.71,1726228170,ETH
TX171,W171,W1344,1.72,1726228171,ETH
TX172,W172,W1381,1.73,1726228172,ETH
TX173,W173,W1418,1.74,1726228173,ETH
TX174,W174,W1455,1.75,1726228174,ETH
TX175,W175,W1492,1.76,1726228175,ETH
TX176,W176,W1529,1.77,1726228176,ETH
TX177,W177,W1566,1.78,1726228177,ETH
TX178,W178,W1603,1.79,1726228178,ETH
TX179,W179,W1640,1.8,1726228179,ETH
TX180,W180,W1677,1.81,1726228180,ETH
TX181,W181,W1714,1.82,1726228181,ETH
TX182,W182,W1751,1.83,1726228182,ETH
TX183,W183,W1788,1.84,1726228183,ETH
TX184,W184,W1825,1.85,1726228184,ETH
TX185,W185,W1862,1.86,1726228185,ETH
TX186,W186,W1899,1.87,1726228186,ETH
TX187,W187,W1936,1.88,1726228187,ETH
TX188,W188,W1973,1.89,1726228188,ETH
TX189,W189,W2010,1.9,1726228189,ETH
TX190,W190,W2047,1.91,1726228190,ETH
TX191,W191,W2084,1.92,1726228191,ETH
TX192,W192,W2121,1.93,1726228192,ETH
TX193,W193,W2158,1.94,1726228193,ETH
TX194,W194,W2195,1.95,1726228194,ETH
TX195,W195,W2232,1.96,1726228195,ETH
TX196,W196,W2269,1.97,1726228196,ETH
TX197,W197,W2306,1.98,1726228197,ETH
TX198,W198,W2343,1.99,1726228198,ETH
TX199,W199,W2380,2,1726228199,ETH
TX200,W200,W2417,2.01,1726228200,ETH
TX201,W201,W2454,2.02,1726228201,ETH
TX202,W202,W2491,2.03,1726228202,ETH
TX203,W203,W28,2.04,1726228203,ETH
TX204,W204,W65,2.05,1726228204,ETH
TX205,W205,W102,2.06,1726228205,ETH
TX206,W206,W139,2.07,1726228206,ETH
TX207,W207,W176,2.08,1726228207,ETH
TX208,W208,W213,2.09,1726228208,ETH
TX209,W209,W250,2.1,1726228209,ETH
TX210,W210,W287,2.11,1726228210,ETH
TX211,W211,W324,2.12,1726228211,ETH
TX212,W212,W361,2.13,1726228212,ETH
TX213,W213,W398,2.14,1726228213,ETH
TX214,W214,W435,2.15,1726228214,ETH
TX215,W215,W472,2.16,1726228215,ETH
TX216,W216,W509,2.17,1726228216,ETH
TX217,W217,W546,2.18,1726228217,ETH
TX218,W218,W583,2.19,1726228218,ETH
TX219,W219,W620,2.2,1726228219,ETH
TX220,W220,W657,2.21,1726228220,ETH
TX221,W221,W694,2.22,1726228221,ETH
TX222,W222,W731,2.23,1726228222,ETH
TX223,W223,W768,2.24,1726228223,ETH
TX224,W224,W805,2.25,1726228224,ETH
TX225,W225,W842,2.26,1726228225,ETH
TX226,W226,W879,2.27,1726228226,ETH
TX227,W227,W916,2.28,1726228227,ETH
TX228,W228,W953,2.29,1726228228,ETH
TX229,W229,W990,2.3,1726228229,ETH
TX230,W230,W1027,2.31,1726228230,ETH
TX231,W231,W1064,2.32,1726228231,ETH
TX232,W232,W1101,2.33,1726228232,ETH
TX233,W233,W1138,2.34,1726228233,ETH
TX234,W234,W1175,2.35,1726228234,ETH
TX235,W235,W1212,2.36,1726228235,ETH
TX236,W236,W1249,2.37,1726228236,ETH
TX237,W237,W1286,2.38,1726228237,ETH
TX238,W238,W1323,2.39,1726228238,ETH
TX239,W239,W1360,2.4,1726228239,ETH
TX240,W240,W1397,2.41,1726228240,ETH
TX241,W241,W1434,2.42,1726228241,ETH
TX242,W242,W1471,2.43,1726228242,ETH
TX243,W243,W1508,2.44,1726228243,ETH
TX244,W244,W1545,2.45,1726228244,ETH
TX245,W245,W1582,2.46,1726228245,ETH
TX246,W246,W1619,2.47,1726228246,ETH
TX247,W247,W1656,2.48,1726228247,ETH
TX248,W248,W1693,2.49,1726228248,ETH
TX249,W249,W1730,2.5,1726228249,ETH
TX250,W250,W1767,2.51,1726228250,ETH
TX251,W251,W1804,2.52,1726228251,ETH
TX252,W252,W1841,2.53,1726228252,ETH
TX253,W253,W1878,2.54,1726228253,ETH
TX254,W254,W1915,2.55,1726228254,ETH
TX255,W255,W1952,2.56,1726228255,ETH
TX256,W256,W1989,2.57,1726228256,ETH
TX257,W257,W2026,2.58,1726228257,ETH
TX258,W258,W2063,2.59,1726228258,ETH
TX259,W259,W2100,2.6,1726228259,ETH
TX260,W260,W2137,2.61,1726228260,ETH
TX261,W261,W2174,2.62,1726228261,ETH
TX262,W262,W2211,2.63,1726228262,ETH
TX263,W263,W2248,2.64,1726228263,ETH
TX264,W264,W2285,2.65,1726228264,ETH
TX265,W265,W2322,2.66,1726228265,ETH
TX266,W266,W2359,2.67,1726228266,ETH
TX267,W267,W2396,2.68,1726228267,ETH
TX268,W268,W2433,2.69,1726228268,ETH
TX269,W269,W2470,2.7,1726228269,ETH
TX270,W270,W7,2.71,1726228270,ETH
TX271,W271,W44,2.72,1726228271,ETH
TX272,W272,W81,2.73,1726228272,ETH
TX273,W273,W118,2.74,1726228273,ETH
TX274,W274,W155,2.75,1726228274,ETH
TX275,W275,W192,2.76,1726228275,ETH
TX276,W276,W229,2.77,1726228276,ETH
TX277,W277,W266,2.78,1726228277,ETH
TX278,W278,W303,2.79,1726228278,ETH
TX279,W279,W340,2.8,1726228279,ETH
TX280,W280,W377,2.81,1726228280,ETH
TX281,W281,W414,2.82,1726228281,ETH
TX282,W282,W451,2.83,1726228282,ETH
TX283,W283,W488,2.84,1726228283,ETH
TX284,W284,W525,2.85,1726228284,ETH
TX285,W285,W562,2.86,1726228285,ETH
TX286,W286,W599,2.87,1726228286,ETH
TX287,W287,W636,2.88,1726228287,ETH
TX288,W288,W673,2.89,1726228288,ETH
TX289,W289,W710,2.9,1726228289,ETH
TX290,W290,W747,2.91,1726228290,ETH
TX291,W291,W784,2.92,1726228291,ETH
TX292,W292,W821,2.93,1726228292,ETH
TX293,W293,W858,2.94,1726228293,ETH
TX294,W294,W895,2.95,1726228294,ETH
TX295,W295,W932,2.96,1726228295,ETH
TX296,W296,W969,2.97,1726228296,ETH
TX297,W297,W1006,2.98,1726228297,ETH
TX298,W298,W1043,2.99,1726228298,ETH
TX299,W299,W1080,3,1726228299,ETH
TX300,W300,W1117,3.01,1726228300,ETH
TX301,W301,W1154,3.02,1726228301,ETH
TX302,W302,W1191,3.03,1726228302,ETH
TX303,W303,W1228,3.04,1726228303,ETH
TX304,W304,W1265,3.05,1726228304,ETH
TX305,W305,W1302,3.06,1726228305,ETH
TX306,W306,W1339,3.07,1726228306,ETH
TX307,W307,W1376,3.08,1726228307,ETH
TX308,W308,W1413,3.09,1726228308,ETH
TX309,W309,W1450,3.1,1726228309,ETH
TX310,W310,W1487,3.11,1726228310,ETH
TX311,W311,W1524,3.12,1726228311,ETH
TX312,W312,W1561,3.13,1726228312,ETH
TX313,W313,W1598,3.14,1726228313,ETH
TX314,W314,W1635,3.15,1726228314,ETH
TX315,W315,W1672,3.16,1726228315,ETH
TX316,W316,W1709,3.17,1726228316,ETH
TX317,W317,W1746,3.18,1726228317,ETH
TX318,W318,W1783,3.19,1726228318,ETH
TX319,W319,W1820,3.2,1726228319,ETH
TX320,W320,W1857,3.21,1726228320,ETH
TX321,W321,W1894,3.22,1726228321,ETH
TX322,W322,W1931,3.23,1726228322,ETH
TX323,W323,W1968,3.24,1726228323,ETH
TX324,W324,W2005,3.25,1726228324,ETH
TX325,W325,W2042,3.26,1726228325,ETH
TX326,W326,W2079,3.27,1726228326,ETH
TX327,W327,W2116,3.28,1726228327,ETH
TX328,W328,W2153,3.29,1726228328,ETH
TX329,W329,W2190,3.3,1726228329,ETH
TX330,W330,W2227,3.31,1726228330,ETH
TX331,W331,W2264,3.32,1726228331,ETH
TX332,W332,W2301,3.33,1726228332,ETH
TX333,W333,W2338,3.34,1726228333,ETH
TX334,W334,W2375,3.35,1726228334,ETH
TX335,W335,W2412,3.36,1726228335,ETH
TX336,W336,W2449,3.37,1726228336,ETH
TX337,W337,W2486,3.38,1726228337,ETH
TX338,W338,W23,3.39,1726228338,ETH
TX339,W339,W60,3.4,1726228339,ETH
TX340,W340,W97,3.41,1726228340,ETH
TX341,W341,W134,3.42,1726228341,ETH
TX342,W342,W171,3.43,1726228342,ETH
TX343,W343,W208,3.44,1726228343,ETH
TX344,W344,W245,3.45,1726228344,ETH
TX345,W345,W282,3.46,1726228345,ETH
TX346,W346,W319,3.47,1726228346,ETH
TX347,W347,W356,3.48,1726228347,ETH
TX348,W348,W393,3.49,1726228348,ETH
TX349,W349,W430,3.5,1726228349,ETH
TX350,W350,W467,3.51,1726228350,ETH
TX351,W351,W504,3.52,1726228351,ETH
TX352,W352,W541,3.53,1726228352,ETH
TX353,W353,W578,3.54,1726228353,ETH
TX354,W354,W615,3.55,1726228354,ETH
TX355,W355,W652,3.56,1726228355,ETH
TX356,W356,W689,3.57,1726228356,ETH
TX357,W357,W726,3.58,1726228357,ETH
TX358,W358,W763,3.59,1726228358,ETH
TX359,W359,W800,3.6,1726228359,ETH
TX360,W360,W837,3.61,1726228360,ETH
TX361,W361,W874,3.62,1726228361,ETH
TX362,W362,W911,3.63,1726228362,ETH
TX363,W363,W948,3.64,1726228363,ETH
TX364,W364,W985,3.65,1726228364,ETH
TX365,W365,W1022,3.66,1726228365,ETH
TX366,W366,W1059,3.67,1726228366,ETH
TX367,W367,W1096,3.68,1726228367,ETH
TX368,W368,W1133,3.69,1726228368,ETH
TX369,W369,W1170,3.7,1726228369,ETH
TX370,W370,W1207,3.71,1726228370,ETH
TX371,W371,W1244,3.72,1726228371,ETH
TX372,W372,W1281,3.73,1726228372,ETH
TX373,W373,W1318,3.74,1726228373,ETH
TX374,W374,W1355,3.75,1726228374,ETH
TX375,W375,W1392,3.76,1726228375,ETH
TX376,W376,W1429,3.77,1726228376,ETH
TX377,W377,W1466,3.78,1726228377,ETH
TX378,W378,W1503,3.79,1726228378,ETH
TX379,W379,W1540,3.8,1726228379,ETH
TX380,W380,W1577,3.81,1726228380,ETH
TX381,W381,W1614,3.82,1726228381,ETH
TX382,W382,W1651,3.83,1726228382,ETH
TX383,W383,W1688,3.84,1726228383,ETH
TX384,W384,W1725,3.85,1726228384,ETH
TX385,W385,W1762,3.86,1726228385,ETH
TX386,W386,W1799,3.87,1726228386,ETH
TX387,W387,W1836,3.88,1726228387,ETH
TX388,W388,W1873,3.89,1726228388,ETH
TX389,W389,W1910,3.9,1726228389,ETH
TX390,W390,W1947,3.91,1726228390,ETH
TX391,W391,W1984,3.92,1726228391,ETH
TX392,W392,W2021,3.93,1726228392,ETH
TX393,W393,W2058,3.94,1726228393,ETH
TX394,W394,W2095,3.95,1726228394,ETH
TX395,W395,W2132,3.96,1726228395,ETH
TX396,W396,W2169,3.97,1726228396,ETH
TX397,W397,W2206,3.98,1726228397,ETH
TX398,W398,W2243,3.99,1726228398,ETH
TX399,W399,W2280,4,1726228399,ETH
TX400,W400,W2317,4.01,1726228400,ETH
TX401,W401,W2354,4.02,1726228401,ETH
TX402,W402,W2391,4.03,1726228402,ETH
TX403,W403,W2428,4.04,1726228403,ETH
TX404,W404,W2465,4.05,1726228404,ETH
TX405,W405,W2,4.06,1726228405,ETH
TX406,W406,W39,4.07,1726228406,ETH
TX407,W407,W76,4.08,1726228407,ETH
TX408,W408,W113,4.09,1726228408,ETH
TX409,W409,W150,4.1,1726228409,ETH
TX410,W410,W187,4.11,1726228410,ETH
TX411,W411,W224,4.12,1726228411,ETH
TX412,W412,W261,4.13,1726228412,ETH
TX413,W413,W298,4.14,1726228413,ETH
TX414,W414,W335,4.15,1726228414,ETH
TX415,W415,W372,4.16,1726228415,ETH
TX416,W416,W409,4.17,1726228416,ETH
TX417,W417,W446,4.18,1726228417,ETH
TX418,W418,W483,4.19,1726228418,ETH
TX419,W419,W520,4.2,1726228419,ETH
TX420,W420,W557,4.21,1726228420,ETH
TX421,W421,W594,4.22,1726228421,ETH
TX422,W422,W631,4.23,1726228422,ETH
TX423,W423,W668,4.24,1726228423,ETH
TX424,W424,W705,4.25,1726228424,ETH
TX425,W425,W742,4.26,1726228425,ETH
TX426,W426,W779,4.27,1726228426,ETH
TX427,W427,W816,4.28,1726228427,ETH
TX428,W428,W853,4.29,1726228428,ETH
TX429,W429,W890,4.3,1726228429,ETH
TX430,W430,W927,4.31,1726228430,ETH
TX431,W431,W964,4.32,1726228431,ETH
TX432,W432,W1001,4.33,1726228432,ETH
TX433,W433,W1038,4.34,1726228433,ETH
TX434,W434,W1075,4.35,1726228434,ETH
TX435,W435,W1112,4.36,1726228435,ETH
TX436,W436,W1149,4.37,1726228436,ETH
TX437,W437,W1186,4.38,1726228437,ETH
TX438,W438,W1223,4.39,1726228438,ETH
TX439,W439,W1260,4.4,1726228439,ETH
TX440,W440,W1297,4.41,1726228440,ETH
TX441,W441,W1334,4.42,1726228441,ETH
TX442,W442,W1371,4.43,1726228442,ETH
TX443,W443,W1408,4.44,1726228443,ETH
TX444,W444,W1445,4.45,1726228444,ETH
TX445,W445,W1482,4.46,1726228445,ETH
TX446,W446,W1519,4.47,1726228446,ETH
TX447,W447,W1556,4.48,1726228447,ETH
TX448,W448,W1593,4.49,1726228448,ETH
TX449,W449,W1630,4.5,1726228449,ETH
TX450,W450,W1667,4.51,1726228450,ETH
TX451,W451,W1704,4.52,1726228451,ETH
TX452,W452,W1741,4.53,1726228452,ETH
TX453,W453,W1778,4.54,1726228453,ETH
TX454,W454,W1815,4.55,1726228454,ETH
TX455,W455,W1852,4.56,1726228455,ETH
TX456,W456,W1889,4.57,1726228456,ETH
TX457,W457,W1926,4.58,1726228457,ETH
TX458,W458,W1963,4.59,1726228458,ETH
TX459,W459,W2000,4.6,1726228459,ETH
TX460,W460,W2037,4.61,1726228460,ETH
TX461,W461,W2074,4.62,1726228461,ETH
TX462,W462,W2111,4.63,1726228462,ETH
TX463,W463,W2148,4.64,1726228463,ETH
TX464,W464,W2185,4.65,1726228464,ETH
TX465,W465,W2222,4.66,1726228465,ETH
TX466,W466,W2259,4.67,1726228466,ETH
TX467,W467,W2296,4.68,1726228467,ETH
TX468,W468,W2333,4.69,1726228468,ETH
TX469,W469,W2370,4.7,1726228469,ETH
TX470,W470,W2407,4.71,1726228470,ETH
TX471,W471,W2444,4.72,1726228471,ETH
TX472,W472,W2481,4.73,1726228472,ETH
TX473,W473,W18,4.74,1726228473,ETH
TX474,W474,W55,4.75,1726228474,ETH
TX475,W475,W92,4.76,1726228475,ETH
TX476,W476,W129,4.77,1726228476,ETH
TX477,W477,W166,4.78,1726228477,ETH
TX478,W478,W203,4.79,1726228478,ETH
TX479,W479,W240,4.8,1726228479,ETH
TX480,W480,W277,4.81,1726228480,ETH
TX481,W481,W314,4.82,1726228481,ETH
TX482,W482,W351,4.83,1726228482,ETH
TX483,W483,W388,4.84,1726228483,ETH
TX484,W484,W425,4.85,1726228484,ETH
TX485,W485,W462,4.86,1726228485,ETH
TX486,W486,W499,4.87,1726228486,ETH
TX487,W487,W536,4.88,1726228487,ETH
TX488,W488,W573,4.89,1726228488,ETH
TX489,W489,W610,4.9,1726228489,ETH
TX490,W490,W647,4.91,1726228490,ETH
TX491,W491,W684,4.92,1726228491,ETH
TX492,W492,W721,4.93,1726228492,ETH
TX493,W493,W758,4.94,1726228493,ETH
TX494,W494,W795,4.95,1726228494,ETH
TX495,W495,W832,4.96,1726228495,ETH
TX496,W496,W869,4.97,1726228496,ETH
TX497,W497,W906,4.98,1726228497,ETH
TX498,W498,W943,4.99,1726228498,ETH
TX499,W499,W980,5,1726228499,ETH
TX500,W500,W1017,5.01,1726228500,ETH
TX501,W501,W1054,5.02,1726228501,ETH
TX502,W502,W1091,5.03,1726228502,ETH
TX503,W503,W1128,5.04,1726228503,ETH
TX504,W504,W1165,5.05,1726228504,ETH
TX505,W505,W1202,5.06,1726228505,ETH
TX506,W506,W1239,5.07,1726228506,ETH
TX507,W507,W1276,5.08,1726228507,ETH
TX508,W508,W1313,5.09,1726228508,ETH
TX509,W509,W1350,5.1,1726228509,ETH
TX510,W510,W1387,5.11,1726228510,ETH
TX511,W511,W1424,5.12,1726228511,ETH
TX512,W512,W1461,5.13,1726228512,ETH
TX513,W513,W1498,5.14,1726228513,ETH
TX514,W514,W1535,5.15,1726228514,ETH
TX515,W515,W1572,5.16,1726228515,ETH
TX516,W516,W1609,5.17,1726228516,ETH
TX517,W517,W1646,5.18,1726228517,ETH
TX518,W518,W1683,5.19,1726228518,ETH
TX519,W519,W1720,5.2,1726228519,ETH
TX520,W520,W1757,5.21,1726228520,ETH
TX521,W521,W1794,5.22,1726228521,ETH
TX522,W522,W1831,5.23,1726228522,ETH
TX523,W523,W1868,5.24,1726228523,ETH
TX524,W524,W1905,5.25,1726228524,ETH
TX525,W525,W1942,5.26,1726228525,ETH
TX526,W526,W1979,5.27,1726228526,ETH
TX527,W527,W2016,5.28,1726228527,ETH
TX528,W528,W2053,5.29,1726228528,ETH
TX529,W529,W2090,5.3,1726228529,ETH
TX530,W530,W2127,5.31,1726228530,ETH
TX531,W531,W2164,5.32,1726228531,ETH
TX532,W532,W2201,5.33,1726228532,ETH
TX533,W533,W2238,5.34,1726228533,ETH
TX534,W534,W2275,5.35,1726228534,ETH
TX535,W535,W2312,5.36,1726228535,ETH
TX536,W536,W2349,5.37,1726228536,ETH
TX537,W537,W2386,5.38,1726228537,ETH
TX538,W538,W2423,5.39,1726228538,ETH
TX539,W539,W2460,5.4,1726228539,ETH
TX540,W540,W2497,5.41,1726228540,ETH
TX541,W541,W34,5.42,1726228541,ETH
TX542,W542,W71,5.43,1726228542,ETH
TX543,W543,W108,5.44,1726228543,ETH
TX544,W544,W145,5.45,1726228544,ETH
TX545,W545,W182,5.46,1726228545,ETH
TX546,W546,W219,5.47,1726228546,ETH
TX547,W547,W256,5.48,1726228547,ETH
TX548,W548,W293,5.49,1726228548,ETH
TX549,W549,W330,5.5,1726228549,ETH
TX550,W550,W367,5.51,1726228550,ETH
TX551,W551,W404,5.52,1726228551,ETH
TX552,W552,W441,5.53,1726228552,ETH
TX553,W553,W478,5.54,1726228553,ETH
TX554,W554,W515,5.55,1726228554,ETH
TX555,W555,W552,5.56,1726228555,ETH
TX556,W556,W589,5.57,1726228556,ETH
TX557,W557,W626,5.58,1726228557,ETH
TX558,W558,W663,5.59,1726228558,ETH
TX559,W559,W700,5.6,1726228559,ETH
TX560,W560,W737,5.61,1726228560,ETH
TX561,W561,W774,5.62,1726228561,ETH
TX562,W562,W811,5.63,1726228562,ETH
TX563,W563,W848,5.64,1726228563,ETH
TX564,W564,W885,5.65,1726228564,ETH
TX565,W565,W922,5.66,1726228565,ETH
TX566,W566,W959,5.67,1726228566,ETH
TX567,W567,W996,5.68,1726228567,ETH
TX568,W568,W1033,5.69,1726228568,ETH
TX569,W569,W1070,5.7,1726228569,ETH
TX570,W570,W1107,5.71,1726228570,ETH
TX571,W571,W1144,5.72,1726228571,ETH
TX572,W572,W1181,5.73,1726228572,ETH
TX573,W573,W1218,5.74,1726228573,ETH
TX574,W574,W1255,5.75,1726228574,ETH
TX575,W575,W1292,5.76,1726228575,ETH
TX576,W576,W1329,5.77,1726228576,ETH
TX577,W577,W1366,5.78,1726228577,ETH
TX578,W578,W1403,5.79,1726228578,ETH
TX579,W579,W1440,5.8,1726228579,ETH
TX580,W580,W1477,5.81,1726228580,ETH
TX581,W581,W1514,5.82,1726228581,ETH
TX582,W582,W1551,5.83,1726228582,ETH
TX583,W583,W1588,5.84,1726228583,ETH
TX584,W584,W1625,5.85,1726228584,ETH
TX585,W585,W1662,5.86,1726228585,ETH
TX586,W586,W1699,5.87,1726228586,ETH
TX587,W587,W1736,5.88,1726228587,ETH
TX588,W588,W1773,5.89,1726228588,ETH
TX589,W589,W1810,5.9,1726228589,ETH
TX590,W590,W1847,5.91,1726228590,ETH
TX591,W591,W1884,5.92,1726228591,ETH
TX592,W592,W1921,5.93,1726228592,ETH
TX593,W593,W1958,5.94,1726228593,ETH
TX594,W594,W1995,5.95,1726228594,ETH
TX595,W595,W2032,5.96,1726228595,ETH
TX596,W596,W2069,5.97,1726228596,ETH
TX597,W597,W2106,5.98,1726228597,ETH
TX598,W598,W2143,5.99,1726228598,ETH
TX599,W599,W2180,6,1726228599,ETH
TX600,W600,W2217,6.01,1726228600,ETH
TX601,W601,W2254,6.02,1726228601,ETH
TX602,W602,W2291,6.03,1726228602,ETH
TX603,W603,W2328,6.04,1726228603,ETH
TX604,W604,W2365,6.05,1726228604,ETH
TX605,W605,W2402,6.06,1726228605,ETH
TX606,W606,W2439,6.07,1726228606,ETH
TX607,W607,W2476,6.08,1726228607,ETH
TX608,W608,W13,6.09,1726228608,ETH
TX609,W609,W50,6.1,1726228609,ETH
TX610,W610,W87,6.11,1726228610,ETH
TX611,W611,W124,6.12,1726228611,ETH
TX612,W612,W161,6.13,1726228612,ETH
TX613,W613,W198,6.14,1726228613,ETH
TX614,W614,W235,6.15,1726228614,ETH
TX615,W615,W272,6.16,1726228615,ETH
TX616,W616,W309,6.17,1726228616,ETH
TX617,W617,W346,6.18,1726228617,ETH
TX618,W618,W383,6.19,1726228618,ETH
TX619,W619,W420,6.2,1726228619,ETH
TX620,W620,W457,6.21,1726228620,ETH
TX621,W621,W494,6.22,1726228621,ETH
TX622,W622,W531,6.23,1726228622,ETH
TX623,W623,W568,6.24,1726228623,ETH
TX624,W624,W605,6.25,1726228624,ETH
TX625,W625,W642,6.26,1726228625,ETH
TX626,W626,W679,6.27,1726228626,ETH
TX627,W627,W716,6.28,1726228627,ETH
TX628,W628,W753,6.29,1726228628,ETH
TX629,W629,W790,6.3,1726228629,ETH
TX630,W630,W827,6.31,1726228630,ETH
TX631,W631,W864,6.32,1726228631,ETH
TX632,W632,W901,6.33,1726228632,ETH
TX633,W633,W938,6.34,1726228633,ETH
TX634,W634,W975,6.35,1726228634,ETH
TX635,W635,W1012,6.36,1726228635,ETH
TX636,W636,W1049,6.37,1726228636,ETH
TX637,W637,W1086,6.38,1726228637,ETH
TX638,W638,W1123,6.39,1726228638,ETH
TX639,W639,W1160,6.4,1726228639,ETH
TX640,W640,W1197,6.41,1726228640,ETH
TX641,W641,W1234,6.42,1726228641,ETH
TX642,W642,W1271,6.43,1726228642,ETH
TX643,W643,W1308,6.44,1726228643,ETH
TX644,W644,W1345,6.45,1726228644,ETH
TX645,W645,W1382,6.46,1726228645,ETH
TX646,W646,W1419,6.47,1726228646,ETH
TX647,W647,W1456,6.48,1726228647,ETH
TX648,W648,W1493,6.49,1726228648,ETH
TX649,W649,W1530,6.5,1726228649,ETH
TX650,W650,W1567,6.51,1726228650,ETH
TX651,W651,W1604,6.52,1726228651,ETH
TX652,W652,W1641,6.53,1726228652,ETH
TX653,W653,W1678,6.54,1726228653,ETH
TX654,W654,W1715,6.55,1726228654,ETH
TX655,W655,W1752,6.56,1726228655,ETH
TX656,W656,W1789,6.57,1726228656,ETH
TX657,W657,W1826,6.58,1726228657,ETH
TX658,W658,W1863,6.59,1726228658,ETH
TX659,W659,W1900,6.6,1726228659,ETH
TX660,W660,W1937,6.61,1726228660,ETH
TX661,W661,W1974,6.62,1726228661,ETH
TX662,W662,W2011,6.63,1726228662,ETH
TX663,W663,W2048,6.64,1726228663,ETH
TX664,W664,W2085,6.65,1726228664,ETH
TX665,W665,W2122,6.66,1726228665,ETH
TX666,W666,W2159,6.67,1726228666,ETH
TX667,W667,W2196,6.68,1726228667,ETH
TX668,W668,W2233,6.69,1726228668,ETH
TX669,W669,W2270,6.7,1726228669,ETH
TX670,W670,W2307,6.71,1726228670,ETH
TX671,W671,W2344,6.72,1726228671,ETH
TX672,W672,W2381,6.73,1726228672,ETH
TX673,W673,W2418,6.74,1726228673,ETH
TX674,W674,W2455,6.75,1726228674,ETH
TX675,W675,W2492,6.76,1726228675,ETH
TX676,W676,W29,6.77,1726228676,ETH
TX677,W677,W66,6.78,1726228677,ETH
TX678,W678,W103,6.79,1726228678,ETH
TX679,W679,W140,6.8,1726228679,ETH
TX680,W680,W177,6.81,1726228680,ETH
TX681,W681,W214,6.82,1726228681,ETH
TX682,W682,W251,6.83,1726228682,ETH
TX683,W683,W288,6.84,1726228683,ETH
TX684,W684,W325,6.85,1726228684,ETH
TX685,W685,W362,6.86,1726228685,ETH
TX686,W686,W399,6.87,1726228686,ETH
TX687,W687,W436,6.88,1726228687,ETH
TX688,W688,W473,6.89,1726228688,ETH
TX689,W689,W510,6.9,1726228689,ETH
TX690,W690,W547,6.91,1726228690,ETH
TX691,W691,W584,6.92,1726228691,ETH
TX692,W692,W621,6.93,1726228692,ETH
TX693,W693,W658,6.94,1726228693,ETH
TX694,W694,W695,6.95,1726228694,ETH
TX695,W695,W732,6.96,1726228695,ETH
TX696,W696,W769,6.97,1726228696,ETH
TX697,W697,W806,6.98,1726228697,ETH
TX698,W698,W843,6.99,1726228698,ETH
TX699,W699,W880,7,1726228699,ETH
TX700,W700,W917,7.01,1726228700,ETH
TX701,W701,W954,7.02,1726228701,ETH
TX702,W702,W991,7.03,1726228702,ETH
TX703,W703,W1028,7.04,1726228703,ETH
TX704,W704,W1065,7.05,1726228704,ETH
TX705,W705,W1102,7.06,1726228705,ETH
TX706,W706,W1139,7.07,1726228706,ETH
TX707,W707,W1176,7.08,1726228707,ETH
TX708,W708,W1213,7.09,1726228708,ETH
TX709,W709,W1250,7.1,1726228709,ETH
TX710,W710,W1287,7.11,1726228710,ETH
TX711,W711,W1324,7.12,1726228711,ETH
TX712,W712,W1361,7.13,1726228712,ETH
TX713,W713,W1398,7.14,1726228713,ETH
TX714,W714,W1435,7.15,1726228714,ETH
TX715,W715,W1472,7.16,1726228715,ETH
TX716,W716,W1509,7.17,1726228716,ETH
TX717,W717,W1546,7.18,1726228717,ETH
TX718,W718,W1583,7.19,1726228718,ETH
TX719,W719,W1620,7.2,1726228719,ETH
TX720,W720,W1657,7.21,1726228720,ETH
TX721,W721,W1694,7.22,1726228721,ETH
TX722,W722,W1731,7.23,1726228722,ETH
TX723,W723,W1768,7.24,1726228723,ETH
TX724,W724,W1805,7.25,1726228724,ETH
TX725,W725,W1842,7.26,1726228725,ETH
TX726,W726,W1879,7.27,1726228726,ETH
TX727,W727,W1916,7.28,1726228727,ETH
TX728,W728,W1953,7.29,1726228728,ETH
TX729,W729,W1990,7.3,1726228729,ETH
TX730,W730,W2027,7.31,1726228730,ETH
TX731,W731,W2064,7.32,1726228731,ETH
TX732,W732,W2101,7.33,1726228732,ETH
TX733,W733,W2138,7.34,1726228733,ETH
TX734,W734,W2175,7.35,1726228734,ETH
TX735,W735,W2212,7.36,1726228735,ETH
TX736,W736,W2249,7.37,1726228736,ETH
TX737,W737,W2286,7.38,1726228737,ETH
TX738,W738,W2323,7.39,1726228738,ETH
TX739,W739,W2360,7.4,1726228739,ETH
TX740,W740,W2397,7.41,1726228740,ETH
TX741,W741,W2434,7.42,1726228741,ETH
TX742,W742,W2471,7.43,1726228742,ETH
TX743,W743,W8,7.44,1726228743,ETH
TX744,W744,W45,7.45,1726228744,ETH
TX745,W745,W82,7.46,1726228745,ETH
TX746,W746,W119,7.47,1726228746,ETH
TX747,W747,W156,7.48,1726228747,ETH
TX748,W748,W193,7.49,1726228748,ETH
TX749,W749,W230,7.5,1726228749,ETH
TX750,W750,W267,7.51,1726228750,ETH
TX751,W751,W304,7.52,1726228751,ETH
TX752,W752,W341,7.53,1726228752,ETH
TX753,W753,W378,7.54,1726228753,ETH
TX754,W754,W415,7.55,1726228754,ETH
TX755,W755,W452,7.56,1726228755,ETH
TX756,W756,W489,7.57,1726228756,ETH
TX757,W757,W526,7.58,1726228757,ETH
TX758,W758,W563,7.59,1726228758,ETH
TX759,W759,W600,7.6,1726228759,ETH
TX760,W760,W637,7.61,1726228760,ETH
TX761,W761,W674,7.62,1726228761,ETH
TX762,W762,W711,7.63,1726228762,ETH
TX763,W763,W748,7.64,1726228763,ETH
TX764,W764,W785,7.65,1726228764,ETH
TX765,W765,W822,7.66,1726228765,ETH
TX766,W766,W859,7.67,1726228766,ETH
TX767,W767,W896,7.68,1726228767,ETH
TX768,W768,W933,7.69,1726228768,ETH
TX769,W769,W970,7.7,1726228769,ETH
TX770,W770,W1007,7.71,1726228770,ETH
TX771,W771,W1044,7.72,1726228771,ETH
TX772,W772,W1081,7.73,1726228772,ETH
TX773,W773,W1118,7.74,1726228773,ETH
TX774,W774,W1155,7.75,1726228774,ETH
TX775,W775,W1192,7.76,1726228775,ETH
TX776,W776,W1229,7.77,1726228776,ETH
TX777,W777,W1266,7.78,1726228777,ETH
TX778,W778,W1303,7.79,1726228778,ETH
TX779,W779,W1340,7.8,1726228779,ETH
TX780,W780,W1377,7.81,1726228780,ETH
TX781,W781,W1414,7.82,1726228781,ETH
TX782,W782,W1451,7.83,1726228782,ETH
TX783,W783,W1488,7.84,1726228783,ETH
TX784,W784,W1525,7.85,1726228784,ETH
TX785,W785,W1562,7.86,1726228785,ETH
TX786,W786,W1599,7.87,1726228786,ETH
TX787,W787,W1636,7.88,1726228787,ETH
TX788,W788,W1673,7.89,1726228788,ETH
TX789,W789,W1710,7.9,1726228789,ETH
TX790,W790,W1747,7.91,1726228790,ETH
TX791,W791,W1784,7.92,1726228791,ETH
TX792,W792,W1821,7.93,1726228792,ETH
TX793,W793,W1858,7.94,1726228793,ETH
TX794,W794,W1895,7.95,1726228794,ETH
TX795,W795,W1932,7.96,1726228795,ETH
TX796,W796,W1969,7.97,1726228796,ETH
TX797,W797,W2006,7.98,1726228797,ETH
TX798,W798,W2043,7.99,1726228798,ETH
TX799,W799,W2080,8,1726228799,ETH
TX800,W800,W2117,8.01,1726228800,ETH
TX801,W801,W2154,8.02,1726228801,ETH
TX802,W802,W2191,8.03,1726228802,ETH
TX803,W803,W2228,8.04,1726228803,ETH
TX804,W804,W2265,8.05,1726228804,ETH
TX805,W805,W2302,8.06,1726228805,ETH
TX806,W806,W2339,8.07,1726228806,ETH
TX807,W807,W2376,8.08,1726228807,ETH
TX808,W808,W2413,8.09,1726228808,ETH
TX809,W809,W2450,8.1,1726228809,ETH
TX810,W810,W2487,8.11,1726228810,ETH
TX811,W811,W24,8.12,1726228811,ETH
TX812,W812,W61,8.13,1726228812,ETH
TX813,W813,W98,8.14,1726228813,ETH
TX814,W814,W135,8.15,1726228814,ETH
TX815,W815,W172,8.16,1726228815,ETH
TX816,W816,W209,8.17,1726228816,ETH
TX817,W817,W246,8.18,1726228817,ETH
TX818,W818,W283,8.19,1726228818,ETH
TX819,W819,W320,8.2,1726228819,ETH
TX820,W820,W357,8.21,1726228820,ETH
TX821,W821,W394,8.22,1726228821,ETH
TX822,W822,W431,8.23,1726228822,ETH
TX823,W823,W468,8.24,1726228823,ETH
TX824,W824,W505,8.25,1726228824,ETH
TX825,W825,W542,8.26,1726228825,ETH
TX826,W826,W579,8.27,1726228826,ETH
TX827,W827,W616,8.28,1726228827,ETH
TX828,W828,W653,8.29,1726228828,ETH
TX829,W829,W690,8.3,1726228829,ETH
TX830,W830,W727,8.31,1726228830,ETH
TX831,W831,W764,8.32,1726228831,ETH
TX832,W832,W801,8.33,1726228832,ETH
TX833,W833,W838,8.34,1726228833,ETH
TX834,W834,W875,8.35,1726228834,ETH
TX835,W835,W912,8.36,1726228835,ETH
TX836,W836,W949,8.37,1726228836,ETH
TX837,W837,W986,8.38,1726228837,ETH
TX838,W838,W1023,8.39,1726228838,ETH
TX839,W839,W1060,8.4,1726228839,ETH
TX840,W840,W1097,8.41,1726228840,ETH
TX841,W841,W1134,8.42,1726228841,ETH
TX842,W842,W1171,8.43,1726228842,ETH
TX843,W843,W1208,8.44,1726228843,ETH
TX844,W844,W1245,8.45,1726228844,ETH
TX845,W845,W1282,8.46,1726228845,ETH
TX846,W846,W1319,8.47,1726228846,ETH
TX847,W847,W1356,8.48,1726228847,ETH
TX848,W848,W1393,8.49,1726228848,ETH
TX849,W849,W1430,8.5,1726228849,ETH
TX850,W850,W1467,8.51,1726228850,ETH
TX851,W851,W1504,8.52,1726228851,ETH
TX852,W852,W1541,8.53,1726228852,ETH
TX853,W853,W1578,8.54,1726228853,ETH
TX854,W854,W1615,8.55,1726228854,ETH
TX855,W855,W1652,8.56,1726228855,ETH
TX856,W856,W1689,8.57,1726228856,ETH
TX857,W857,W1726,8.58,1726228857,ETH
TX858,W858,W1763,8.59,1726228858,ETH
TX859,W859,W1800,8.6,1726228859,ETH
TX860,W860,W1837,8.61,1726228860,ETH
TX861,W861,W1874,8.62,1726228861,ETH
TX862,W862,W1911,8.63,1726228862,ETH
TX863,W863,W1948,8.64,1726228863,ETH
TX864,W864,W1985,8.65,1726228864,ETH
TX865,W865,W2022,8.66,1726228865,ETH
TX866,W866,W2059,8.67,1726228866,ETH
TX867,W867,W2096,8.68,1726228867,ETH
TX868,W868,W2133,8.69,1726228868,ETH
TX869,W869,W2170,8.7,1726228869,ETH
TX870,W870,W2207,8.71,1726228870,ETH
TX871,W871,W2244,8.72,1726228871,ETH
TX872,W872,W2281,8.73,1726228872,ETH
TX873,W873,W2318,8.74,1726228873,ETH
TX874,W874,W2355,8.75,1726228874,ETH
TX875,W875,W2392,8.76,1726228875,ETH
TX876,W876,W2429,8.77,1726228876,ETH
TX877,W877,W2466,8.78,1726228877,ETH
TX878,W878,W3,8.79,1726228878,ETH
TX879,W879,W40,8.8,1726228879,ETH
TX880,W880,W77,8.81,1726228880,ETH
TX881,W881,W114,8.82,1726228881,ETH
TX882,W882,W151,8.83,1726228882,ETH
TX883,W883,W188,8.84,1726228883,ETH
TX884,W884,W225,8.85,1726228884,ETH
TX885,W885,W262,8.86,1726228885,ETH
TX886,W886,W299,8.87,1726228886,ETH
TX887,W887,W336,8.88,1726228887,ETH
TX888,W888,W373,8.89,1726228888,ETH
TX889,W889,W410,8.9,1726228889,ETH
TX890,W890,W447,8.91,1726228890,ETH
TX891,W891,W484,8.92,1726228891,ETH
TX892,W892,W521,8.93,1726228892,ETH
TX893,W893,W558,8.94,1726228893,ETH
TX894,W894,W595,8.95,1726228894,ETH
TX895,W895,W632,8.96,1726228895,ETH
TX896,W896,W669,8.97,1726228896,ETH
TX897,W897,W706,8.98,1726228897,ETH
TX898,W898,W743,8.99,1726228898,ETH
TX899,W899,W780,9,1726228899,ETH
TX900,W900,W817,9.01,1726228900,ETH
TX901,W901,W854,9.02,1726228901,ETH
TX902,W902,W891,9.03,1726228902,ETH
TX903,W903,W928,9.04,1726228903,ETH
TX904,W904,W965,9.05,1726228904,ETH
TX905,W905,W1002,9.06,1726228905,ETH
TX906,W906,W1039,9.07,1726228906,ETH
TX907,W907,W1076,9.08,1726228907,ETH
TX908,W908,W1113,9.09,1726228908,ETH
TX909,W909,W1150,9.1,1726228909,ETH
TX910,W910,W1187,9.11,1726228910,ETH
TX911,W911,W1224,9.12,1726228911,ETH
TX912,W912,W1261,9.13,1726228912,ETH
TX913,W913,W1298,9.14,1726228913,ETH
TX914,W914,W1335,9.15,1726228914,ETH
TX915,W915,W1372,9.16,1726228915,ETH
TX916,W916,W1409,9.17,1726228916,ETH
TX917,W917,W1446,9.18,1726228917,ETH
TX918,W918,W1483,9.19,1726228918,ETH
TX919,W919,W1520,9.2,1726228919,ETH
TX920,W920,W1557,9.21,1726228920,ETH
TX921,W921,W1594,9.22,1726228921,ETH
TX922,W922,W1631,9.23,1726228922,ETH
TX923,W923,W1668,9.24,1726228923,ETH
TX924,W924,W1705,9.25,1726228924,ETH
TX925,W925,W1742,9.26,1726228925,ETH
TX926,W926,W1779,9.27,1726228926,ETH
TX927,W927,W1816,9.28,1726228927,ETH
TX928,W928,W1853,9.29,1726228928,ETH
TX929,W929,W1890,9.3,1726228929,ETH
TX930,W930,W1927,9.31,1726228930,ETH
TX931,W931,W1964,9.32,1726228931,ETH
TX932,W932,W2001,9.33,1726228932,ETH
TX933,W933,W2038,9.34,1726228933,ETH
TX934,W934,W2075,9.35,1726228934,ETH
TX935,W935,W2112,9.36,1726228935,ETH
TX936,W936,W2149,9.37,1726228936,ETH
TX937,W937,W2186,9.38,1726228937,ETH
TX938,W938,W2223,9.39,1726228938,ETH
TX939,W939,W2260,9.4,1726228939,ETH
TX940,W940,W2297,9.41,1726228940,ETH
TX941,W941,W2334,9.42,1726228941,ETH
TX942,W942,W2371,9.43,1726228942,ETH
TX943,W943,W2408,9.44,1726228943,ETH
TX944,W944,W2445,9.45,1726228944,ETH
TX945,W945,W2482,9.46,1726228945,ETH
TX946,W946,W19,9.47,1726228946,ETH
TX947,W947,W56,9.48,1726228947,ETH
TX948,W948,W93,9.49,1726228948,ETH
TX949,W949,W130,9.5,1726228949,ETH
TX950,W950,W167,9.51,1726228950,ETH
TX951,W951,W204,9.52,1726228951,ETH
TX952,W952,W241,9.53,1726228952,ETH
TX953,W953,W278,9.54,1726228953,ETH
TX954,W954,W315,9.55,1726228954,ETH
TX955,W955,W352,9.56,1726228955,ETH
TX956,W956,W389,9.57,1726228956,ETH
TX957,W957,W426,9.58,1726228957,ETH
TX958,W958,W463,9.59,1726228958,ETH
TX959,W959,W500,9.6,1726228959,ETH
TX960,W960,W537,9.61,1726228960,ETH
TX961,W961,W574,9.62,1726228961,ETH
TX962,W962,W611,9.63,1726228962,ETH
TX963,W963,W648,9.64,1726228963,ETH
TX964,W964,W685,9.65,1726228964,ETH
TX965,W965,W722,9.66,1726228965,ETH
TX966,W966,W759,9.67,1726228966,ETH
TX967,W967,W796,9.68,1726228967,ETH
TX968,W968,W833,9.69,1726228968,ETH
TX969,W969,W870,9.7,1726228969,ETH
TX970,W970,W907,9.71,1726228970,ETH
TX971,W971,W944,9.72,1726228971,ETH
TX972,W972,W981,9.73,1726228972,ETH
TX973,W973,W1018,9.74,1726228973,ETH
TX974,W974,W1055,9.75,1726228974,ETH
TX975,W975,W1092,9.76,1726228975,ETH
TX976,W976,W1129,9.77,1726228976,ETH
TX977,W977,W1166,9.78,1726228977,ETH
TX978,W978,W1203,9.79,1726228978,ETH
TX979,W979,W1240,9.8,1726228979,ETH
TX980,W980,W1277,9.81,1726228980,ETH
TX981,W981,W1314,9.82,1726228981,ETH
TX982,W982,W1351,9.83,1726228982,ETH
TX983,W983,W1388,9.84,1726228983,ETH
TX984,W984,W1425,9.85,1726228984,ETH
TX985,W985,W1462,9.86,1726228985,ETH
TX986,W986,W1499,9.87,1726228986,ETH
TX987,W987,W1536,9.88,1726228987,ETH
TX988,W988,W1573,9.89,1726228988,ETH
TX989,W989,W1610,9.9,1726228989,ETH
TX990,W990,W1647,9.91,1726228990,ETH
TX991,W991,W1684,9.92,1726228991,ETH
TX992,W992,W1721,9.93,1726228992,ETH
TX993,W993,W1758,9.94,1726228993,ETH
TX994,W994,W1795,9.95,1726228994,ETH
TX995,W995,W1832,9.96,1726228995,ETH
TX996,W996,W1869,9.97,1726228996,ETH
TX997,W997,W1906,9.98,1726228997,ETH
TX998,W998,W1943,9.99,1726228998,ETH
TX999,W999,W1980,10,1726228999,ETH
TX1000,W1000,W2017,0.01,1726229000,ETH
TX1001,W1001,W2054,0.02,1726229001,ETH
TX1002,W1002,W2091,0.03,1726229002,ETH
TX1003,W1003,W2128,0.04,1726229003,ETH
TX1004,W1004,W2165,0.05,1726229004,ETH
TX1005,W1005,W2202,0.06,1726229005,ETH
TX1006,W1006,W2239,0.07,1726229006,ETH
TX1007,W1007,W2276,0.08,1726229007,ETH
TX1008,W1008,W2313,0.09,1726229008,ETH
TX1009,W1009,W2350,0.1,1726229009,ETH
TX1010,W1010,W2387,0.11,1726229010,ETH
TX1011,W1011,W2424,0.12,1726229011,ETH
TX1012,W1012,W2461,0.13,1726229012,ETH
TX1013,W1013,W2498,0.14,1726229013,ETH
TX1014,W1014,W35,0.15,1726229014,ETH
TX1015,W1015,W72,0.16,1726229015,ETH
TX1016,W1016,W109,0.17,1726229016,ETH
TX1017,W1017,W146,0.18,1726229017,ETH
TX1018,W1018,W183,0.19,1726229018,ETH
TX1019,W1019,W220,0.2,1726229019,ETH
TX1020,W1020,W257,0.21,1726229020,ETH
TX1021,W1021,W294,0.22,1726229021,ETH
TX1022,W1022,W331,0.23,1726229022,ETH
TX1023,W1023,W368,0.24,1726229023,ETH
TX1024,W1024,W405,0.25,1726229024,ETH
TX1025,W1025,W442,0.26,1726229025,ETH
TX1026,W1026,W479,0.27,1726229026,ETH
TX1027,W1027,W516,0.28,1726229027,ETH
TX1028,W1028,W553,0.29,1726229028,ETH
TX1029,W1029,W590,0.3,1726229029,ETH
TX1030,W1030,W627,0.31,1726229030,ETH
TX1031,W1031,W664,0.32,1726229031,ETH
TX1032,W1032,W701,0.33,1726229032,ETH
TX1033,W1033,W738,0.34,1726229033,ETH
TX1034,W1034,W775,0.35,1726229034,ETH
TX1035,W1035,W812,0.36,1726229035,ETH
TX1036,W1036,W849,0.37,1726229036,ETH
TX1037,W1037,W886,0.38,1726229037,ETH
TX1038,W1038,W923,0.39,1726229038,ETH
TX1039,W1039,W960,0.4,1726229039,ETH
TX1040,W1040,W997,0.41,1726229040,ETH
TX1041,W1041,W1034,0.42,1726229041,ETH
TX1042,W1042,W1071,0.43,1726229042,ETH
TX1043,W1043,W1108,0.44,1726229043,ETH
TX1044,W1044,W1145,0.45,1726229044,ETH
TX1045,W1045,W1182,0.46,1726229045,ETH
TX1046,W1046,W1219,0.47,1726229046,ETH
TX1047,W1047,W1256,0.48,1726229047,ETH
TX1048,W1048,W1293,0.49,1726229048,ETH
TX1049,W1049,W1330,0.5,1726229049,ETH
TX1050,W1050,W1367,0.51,1726229050,ETH
TX1051,W1051,W1404,0.52,1726229051,ETH
TX1052,W1052,W1441,0.53,1726229052,ETH
TX1053,W1053,W1478,0.54,1726229053,ETH
TX1054,W1054,W1515,0.55,1726229054,ETH
TX1055,W1055,W1552,0.56,1726229055,ETH
TX1056,W1056,W1589,0.57,1726229056,ETH
TX1057,W1057,W1626,0.58,1726229057,ETH
TX1058,W1058,W1663,0.59,1726229058,ETH
TX1059,W1059,W1700,0.6,1726229059,ETH
TX1060,W1060,W1737,0.61,1726229060,ETH
TX1061,W1061,W1774,0.62,1726229061,ETH
TX1062,W1062,W1811,0.63,1726229062,ETH
TX1063,W1063,W1848,0.64,1726229063,ETH
TX1064,W1064,W1885,0.65,1726229064,ETH
TX1065,W1065,W1922,0.66,1726229065,ETH
TX1066,W1066,W1959,0.67,1726229066,ETH
TX1067,W1067,W1996,0.68,1726229067,ETH
TX1068,W1068,W2033,0.69,1726229068,ETH
TX1069,W1069,W2070,0.7,1726229069,ETH
TX1070,W1070,W2107,0.71,1726229070,ETH
TX1071,W1071,W2144,0.72,1726229071,ETH
TX1072,W1072,W2181,0.73,1726229072,ETH
TX1073,W1073,W2218,0.74,1726229073,ETH
TX1074,W1074,W2255,0.75,1726229074,ETH
TX1075,W1075,W2292,0.76,1726229075,ETH
TX1076,W1076,W2329,0.77,1726229076,ETH
TX1077,W1077,W2366,0.78,1726229077,ETH
TX1078,W1078,W2403,0.79,1726229078,ETH
TX1079,W1079,W2440,0.8,1726229079,ETH
TX1080,W1080,W2477,0.81,1726229080,ETH
TX1081,W1081,W14,0.82,1726229081,ETH
TX1082,W1082,W51,0.83,1726229082,ETH
TX1083,W1083,W88,0.84,1726229083,ETH
TX1084,W1084,W125,0.85,1726229084,ETH
TX1085,W1085,W162,0.86,1726229085,ETH
TX1086,W1086,W199,0.87,1726229086,ETH
TX1087,W1087,W236,0.88,1726229087,ETH
TX1088,W1088,W273,0.89,1726229088,ETH
TX1089,W1089,W310,0.9,1726229089,ETH
TX1090,W1090,W347,0.91,1726229090,ETH
TX1091,W1091,W384,0.92,1726229091,ETH
TX1092,W1092,W421,0.93,1726229092,ETH
TX1093,W1093,W458,0.94,1726229093,ETH
TX1094,W1094,W495,0.95,1726229094,ETH
TX1095,W1095,W532,0.96,1726229095,ETH
TX1096,W1096,W569,0.97,1726229096,ETH
TX1097,W1097,W606,0.98,1726229097,ETH
TX1098,W1098,W643,0.99,1726229098,ETH
TX1099,W1099,W680,1,1726229099,ETH
TX1100,W1100,W717,1.01,1726229100,ETH
TX1101,W1101,W754,1.02,1726229101,ETH
TX1102,W1102,W791,1.03,1726229102,ETH
TX1103,W1103,W828,1.04,1726229103,ETH
TX1104,W1104,W865,1.05,1726229104,ETH
TX1105,W1105,W902,1.06,1726229105,ETH
TX1106,W1106,W939,1.07,1726229106,ETH
TX1107,W1107,W976,1.08,1726229107,ETH
TX1108,W1108,W1013,1.09,1726229108,ETH
TX1109,W1109,W1050,1.1,1726229109,ETH
TX1110,W1110,W1087,1.11,1726229110,ETH
TX1111,W1111,W1124,1.12,1726229111,ETH
TX1112,W1112,W1161,1.13,1726229112,ETH
TX1113,W1113,W1198,1.14,1726229113,ETH
TX1114,W1114,W1235,1.15,1726229114,ETH
TX1115,W1115,W1272,1.16,1726229115,ETH
TX1116,W1116,W1309,1.17,1726229116,ETH
TX1117,W1117,W1346,1.18,1726229117,ETH
TX1118,W1118,W1383,1.19,1726229118,ETH
TX1119,W1119,W1420,1.2,1726229119,ETH
TX1120,W1120,W1457,1.21,1726229120,ETH
TX1121,W1121,W1494,1.22,1726229121,ETH
TX1122,W1122,W1531,1.23,1726229122,ETH
TX1123,W1123,W1568,1.24,1726229123,ETH
TX1124,W1124,W1605,1.25,1726229124,ETH
TX1125,W1125,W1642,1.26,1726229125,ETH
TX1126,W1126,W1679,1.27,1726229126,ETH
TX1127,W1127,W1716,1.28,1726229127,ETH
TX1128,W1128,W1753,1.29,1726229128,ETH
TX1129,W1129,W1790,1.3,1726229129,ETH
TX1130,W1130,W1827,1.31,1726229130,ETH
TX1131,W1131,W1864,1.32,1726229131,ETH
TX1132,W1132,W1901,1.33,1726229132,ETH
TX1133,W1133,W1938,1.34,1726229133,ETH
TX1134,W1134,W1975,1.35,1726229134,ETH
TX1135,W1135,W2012,1.36,1726229135,ETH
TX1136,W1136,W2049,1.37,1726229136,ETH
TX1137,W1137,W2086,1.38,1726229137,ETH
TX1138,W1138,W2123,1.39,1726229138,ETH
TX1139,W1139,W2160,1.4,1726229139,ETH
TX1140,W1140,W2197,1.41,1726229140,ETH
TX1141,W1141,W2234,1.42,1726229141,ETH
TX1142,W1142,W2271,1.43,1726229142,ETH
TX1143,W1143,W2308,1.44,1726229143,ETH
TX1144,W1144,W2345,1.45,1726229144,ETH
TX1145,W1145,W2382,1.46,1726229145,ETH
TX1146,W1146,W2419,1.47,1726229146,ETH
TX1147,W1147,W2456,1.48,1726229147,ETH
TX1148,W1148,W2493,1.49,1726229148,ETH
TX1149,W1149,W30,1.5,1726229149,ETH
TX1150,W1150,W67,1.51,1726229150,ETH
TX1151,W1151,W104,1.52,1726229151,ETH
TX1152,W1152,W141,1.53,1726229152,ETH
TX1153,W1153,W178,1.54,1726229153,ETH
TX1154,W1154,W215,1.55,1726229154,ETH
TX1155,W1155,W252,1.56,1726229155,ETH
TX1156,W1156,W289,1.57,1726229156,ETH
TX1157,W1157,W326,1.58,1726229157,ETH
TX1158,W1158,W363,1.59,1726229158,ETH
TX1159,W1159,W400,1.6,1726229159,ETH
TX1160,W1160,W437,1.61,1726229160,ETH
TX1161,W1161,W474,1.62,1726229161,ETH
TX1162,W1162,W511,1.63,1726229162,ETH
TX1163,W1163,W548,1.64,1726229163,ETH
TX1164,W1164,W585,1.65,1726229164,ETH
TX1165,W1165,W622,1.66,1726229165,ETH
TX1166,W1166,W659,1.67,1726229166,ETH
TX1167,W1167,W696,1.68,1726229167,ETH
TX1168,W1168,W733,1.69,1726229168,ETH
TX1169,W1169,W770,1.7,1726229169,ETH
TX1170,W1170,W807,1.71,1726229170,ETH
TX1171,W1171,W844,1.72,1726229171,ETH
TX1172,W1172,W881,1.73,1726229172,ETH
TX1173,W1173,W918,1.74,1726229173,ETH
TX1174,W1174,W955,1.75,1726229174,ETH
TX1175,W1175,W992,1.76,1726229175,ETH
TX1176,W1176,W1029,1.77,1726229176,ETH
TX1177,W1177,W1066,1.78,1726229177,ETH
TX1178,W1178,W1103,1.79,1726229178,ETH
TX1179,W1179,W1140,1.8,1726229179,ETH
TX1180,W1180,W1177,1.81,1726229180,ETH
TX1181,W1181,W1214,1.82,1726229181,ETH
TX1182,W1182,W1251,1.83,1726229182,ETH
TX1183,W1183,W1288,1.84,1726229183,ETH
TX1184,W1184,W1325,1.85,1726229184,ETH
TX1185,W1185,W1362,1.86,1726229185,ETH
TX1186,W1186,W1399,1.87,1726229186,ETH
TX1187,W1187,W1436,1.88,1726229187,ETH
TX1188,W1188,W1473,1.89,1726229188,ETH
TX1189,W1189,W1510,1.9,1726229189,ETH
TX1190,W1190,W1547,1.91,1726229190,ETH
TX1191,W1191,W1584,1.92,1726229191,ETH
TX1192,W1192,W1621,1.93,1726229192,ETH
TX1193,W1193,W1658,1.94,1726229193,ETH
TX1194,W1194,W1695,1.95,1726229194,ETH
TX1195,W1195,W1732,1.96,1726229195,ETH
TX1196,W1196,W1769,1.97,1726229196,ETH
TX1197,W1197,W1806,1.98,1726229197,ETH
TX1198,W1198,W1843,1.99,1726229198,ETH
TX1199,W1199,W1880,2,1726229199,ETH
TX1200,W1200,W1917,2.01,1726229200,ETH
TX1201,W1201,W1954,2.02,1726229201,ETH
TX1202,W1202,W1991,2.03,1726229202,ETH
TX1203,W1203,W2028,2.04,1726229203,ETH
TX1204,W1204,W2065,2.05,1726229204,ETH
TX1205,W1205,W2102,2.06,1726229205,ETH
TX1206,W1206,W2139,2.07,1726229206,ETH
TX1207,W1207,W2176,2.08,1726229207,ETH
TX1208,W1208,W2213,2.09,1726229208,ETH
TX1209,W1209,W2250,2.1,1726229209,ETH
TX1210,W1210,W2287,2.11,1726229210,ETH
TX1211,W1211,W2324,2.12,1726229211,ETH
TX1212,W1212,W2361,2.13,1726229212,ETH
TX1213,W1213,W2398,2.14,1726229213,ETH
TX1214,W1214,W2435,2.15,1726229214,ETH
TX1215,W1215,W2472,2.16,1726229215,ETH
TX1216,W1216,W9,2.17,1726229216,ETH
TX1217,W1217,W46,2.18,1726229217,ETH
TX1218,W1218,W83,2.19,1726229218,ETH
TX1219,W1219,W120,2.2,1726229219,ETH
TX1220,W1220,W157,2.21,1726229220,ETH
TX1221,W1221,W194,2.22,1726229221,ETH
TX1222,W1222,W231,2.23,1726229222,ETH
TX1223,W1223,W268,2.24,1726229223,ETH
TX1224,W1224,W305,2.25,1726229224,ETH
TX1225,W1225,W342,2.26,1726229225,ETH
TX1226,W1226,W379,2.27,1726229226,ETH
TX1227,W1227,W416,2.28,1726229227,ETH
TX1228,W1228,W453,2.29,1726229228,ETH
TX1229,W1229,W490,2.3,1726229229,ETH
TX1230,W1230,W527,2.31,1726229230,ETH
TX1231,W1231,W564,2.32,1726229231,ETH
TX1232,W1232,W601,2.33,1726229232,ETH
TX1233,W1233,W638,2.34,1726229233,ETH
TX1234,W1234,W675,2.35,1726229234,ETH
TX1235,W1235,W712,2.36,1726229235,ETH
TX1236,W1236,W749,2.37,1726229236,ETH
TX1237,W1237,W786,2.38,1726229237,ETH
TX1238,W1238,W823,2.39,1726229238,ETH
TX1239,W1239,W860,2.4,1726229239,ETH
TX1240,W1240,W897,2.41,1726229240,ETH
TX1241,W1241,W934,2.42,1726229241,ETH
TX1242,W1242,W971,2.43,1726229242,ETH
TX1243,W1243,W1008,2.44,1726229243,ETH
TX1244,W1244,W1045,2.45,1726229244,ETH
TX1245,W1245,W1082,2.46,1726229245,ETH
TX1246,W1246,W1119,2.47,1726229246,ETH
TX1247,W1247,W1156,2.48,1726229247,ETH
TX1248,W1248,W1193,2.49,1726229248,ETH
TX1249,W1249,W1230,2.5,1726229249,ETH
TX1250,W1250,W1267,2.51,1726229250,ETH
TX1251,W1251,W1304,2.52,1726229251,ETH
TX1252,W1252,W1341,2.53,1726229252,ETH
TX1253,W1253,W1378,2.54,1726229253,ETH
TX1254,W1254,W1415,2.55,1726229254,ETH
TX1255,W1255,W1452,2.56,1726229255,ETH
TX1256,W1256,W1489,2.57,1726229256,ETH
TX1257,W1257,W1526,2.58,1726229257,ETH
TX1258,W1258,W1563,2.59,1726229258,ETH
TX1259,W1259,W1600,2.6,1726229259,ETH
TX1260,W1260,W1637,2.61,1726229260,ETH
TX1261,W1261,W1674,2.62,1726229261,ETH
TX1262,W1262,W1711,2.63,1726229262,ETH
TX1263,W1263,W1748,2.64,1726229263,ETH
TX1264,W1264,W1785,2.65,1726229264,ETH
TX1265,W1265,W1822,2.66,1726229265,ETH
TX1266,W1266,W1859,2.67,1726229266,ETH
TX1267,W1267,W1896,2.68,1726229267,ETH
TX1268,W1268,W1933,2.69,1726229268,ETH
TX1269,W1269,W1970,2.7,1726229269,ETH
TX1270,W1270,W2007,2.71,1726229270,ETH
TX1271,W1271,W2044,2.72,1726229271,ETH
TX1272,W1272,W2081,2.73,1726229272,ETH
TX1273,W1273,W2118,2.74,1726229273,ETH
TX1274,W1274,W2155,2.75,1726229274,ETH
TX1275,W1275,W2192,2.76,1726229275,ETH
TX1276,W1276,W2229,2.77,1726229276,ETH
TX1277,W1277,W2266,2.78,1726229277,ETH
TX1278,W1278,W2303,2.79,1726229278,ETH
TX1279,W1279,W2340,2.8,1726229279,ETH
TX1280,W1280,W2377,2.81,1726229280,ETH
TX1281,W1281,W2414,2.82,1726229281,ETH
TX1282,W1282,W2451,2.83,1726229282,ETH
TX1283,W1283,W2488,2.84,1726229283,ETH
TX1284,W1284,W25,2.85,1726229284,ETH
TX1285,W1285,W62,2.86,1726229285,ETH
TX1286,W1286,W99,2.87,1726229286,ETH
TX1287,W1287,W136,2.88,1726229287,ETH
TX1288,W1288,W173,2.89,1726229288,ETH
TX1289,W1289,W210,2.9,1726229289,ETH
TX1290,W1290,W247,2.91,1726229290,ETH
TX1291,W1291,W284,2.92,1726229291,ETH
TX1292,W1292,W321,2.93,1726229292,ETH
TX1293,W1293,W358,2.94,1726229293,ETH
TX1294,W1294,W395,2.95,1726229294,ETH
TX1295,W1295,W432,2.96,1726229295,ETH
TX1296,W1296,W469,2.97,1726229296,ETH
TX1297,W1297,W506,2.98,1726229297,ETH
TX1298,W1298,W543,2.99,1726229298,ETH
TX1299,W1299,W580,3,1726229299,ETH
TX1300,W1300,W617,3.01,1726229300,ETH
TX1301,W1301,W654,3.02,1726229301,ETH
TX1302,W1302,W691,3.03,1726229302,ETH
TX1303,W1303,W728,3.04,1726229303,ETH
TX1304,W1304,W765,3.05,1726229304,ETH
TX1305,W1305,W802,3.06,1726229305,ETH
TX1306,W1306,W839,3.07,1726229306,ETH
TX1307,W1307,W876,3.08,1726229307,ETH
TX1308,W1308,W913,3.09,1726229308,ETH
TX1309,W1309,W950,3.1,1726229309,ETH
TX1310,W1310,W987,3.11,1726229310,ETH
TX1311,W1311,W1024,3.12,1726229311,ETH
TX1312,W1312,W1061,3.13,1726229312,ETH
TX1313,W1313,W1098,3.14,1726229313,ETH
TX1314,W1314,W1135,3.15,1726229314,ETH
TX1315,W1315,W1172,3.16,1726229315,ETH
TX1316,W1316,W1209,3.17,1726229316,ETH
TX1317,W1317,W1246,3.18,1726229317,ETH
TX1318,W1318,W1283,3.19,1726229318,ETH
TX1319,W1319,W1320,3.2,1726229319,ETH
TX1320,W1320,W1357,3.21,1726229320,ETH
TX1321,W1321,W1394,3.22,1726229321,ETH
TX1322,W1322,W1431,3.23,1726229322,ETH
TX1323,W1323,W1468,3.24,1726229323,ETH
TX1324,W1324,W1505,3.25,1726229324,ETH
TX1325,W1325,W1542,3.26,1726229325,ETH
TX1326,W1326,W1579,3.27,1726229326,ETH
TX1327,W1327,W1616,3.28,1726229327,ETH
TX1328,W1328,W1653,3.29,1726229328,ETH
TX1329,W1329,W1690,3.3,1726229329,ETH
TX1330,W1330,W1727,3.31,1726229330,ETH
TX1331,W1331,W1764,3.32,1726229331,ETH
TX1332,W1332,W1801,3.33,1726229332,ETH
TX1333,W1333,W1838,3.34,1726229333,ETH
TX1334,W1334,W1875,3.35,1726229334,ETH
TX1335,W1335,W1912,3.36,1726229335,ETH
TX1336,W1336,W1949,3.37,1726229336,ETH
TX1337,W1337,W1986,3.38,1726229337,ETH
TX1338,W1338,W2023,3.39,1726229338,ETH
TX1339,W1339,W2060,3.4,1726229339,ETH
TX1340,W1340,W2097,3.41,1726229340,ETH
TX1341,W1341,W2134,3.42,1726229341,ETH
TX1342,W1342,W2171,3.43,1726229342,ETH
TX1343,W1343,W2208,3.44,1726229343,ETH
TX1344,W1344,W2245,3.45,1726229344,ETH
TX1345,W1345,W2282,3.46,1726229345,ETH
TX1346,W1346,W2319,3.47,1726229346,ETH
TX1347,W1347,W2356,3.48,1726229347,ETH
TX1348,W1348,W2393,3.49,1726229348,ETH
TX1349,W1349,W2430,3.5,1726229349,ETH
TX1350,W1350,W2467,3.51,1726229350,ETH
TX1351,W1351,W4,3.52,1726229351,ETH
TX1352,W1352,W41,3.53,1726229352,ETH
TX1353,W1353,W78,3.54,1726229353,ETH
TX1354,W1354,W115,3.55,1726229354,ETH
TX1355,W1355,W152,3.56,1726229355,ETH
TX1356,W1356,W189,3.57,1726229356,ETH
TX1357,W1357,W226,3.58,1726229357,ETH
TX1358,W1358,W263,3.59,1726229358,ETH
TX1359,W1359,W300,3.6,1726229359,ETH
TX1360,W1360,W337,3.61,1726229360,ETH
TX1361,W1361,W374,3.62,1726229361,ETH
TX1362,W1362,W411,3.63,1726229362,ETH
TX1363,W1363,W448,3.64,1726229363,ETH
TX1364,W1364,W485,3.65,1726229364,ETH
TX1365,W1365,W522,3.66,1726229365,ETH
TX1366,W1366,W559,3.67,1726229366,ETH
TX1367,W1367,W596,3.68,1726229367,ETH
TX1368,W1368,W633,3.69,1726229368,ETH
TX1369,W1369,W670,3.7,1726229369,ETH
TX1370,W1370,W707,3.71,1726229370,ETH
TX1371,W1371,W744,3.72,1726229371,ETH
TX1372,W1372,W781,3.73,1726229372,ETH
TX1373,W1373,W818,3.74,1726229373,ETH
TX1374,W1374,W855,3.75,1726229374,ETH
TX1375,W1375,W892,3.76,1726229375,ETH
TX1376,W1376,W929,3.77,1726229376,ETH
TX1377,W1377,W966,3.78,1726229377,ETH
TX1378,W1378,W1003,3.79,1726229378,ETH
TX1379,W1379,W1040,3.8,1726229379,ETH
TX1380,W1380,W1077,3.81,1726229380,ETH
TX1381,W1381,W1114,3.82,1726229381,ETH
TX1382,W1382,W1151,3.83,1726229382,ETH
TX1383,W1383,W1188,3.84,1726229383,ETH
TX1384,W1384,W1225,3.85,1726229384,ETH
TX1385,W1385,W1262,3.86,1726229385,ETH
TX1386,W1386,W1299,3.87,1726229386,ETH
TX1387,W1387,W1336,3.88,1726229387,ETH
TX1388,W1388,W1373,3.89,1726229388,ETH
TX1389,W1389,W1410,3.9,1726229389,ETH
TX1390,W1390,W1447,3.91,1726229390,ETH
TX1391,W1391,W1484,3.92,1726229391,ETH
TX1392,W1392,W1521,3.93,1726229392,ETH
TX1393,W1393,W1558,3.94,1726229393,ETH
TX1394,W1394,W1595,3.95,1726229394,ETH
TX1395,W1395,W1632,3.96,1726229395,ETH
TX1396,W1396,W1669,3.97,1726229396,ETH
TX1397,W1397,W1706,3.98,1726229397,ETH
TX1398,W1398,W1743,3.99,1726229398,ETH
TX1399,W1399,W1780,4,1726229399,ETH
TX1400,W1400,W1817,4.01,1726229400,ETH
TX1401,W1401,W1854,4.02,1726229401,ETH
TX1402,W1402,W1891,4.03,1726229402,ETH
TX1403,W1403,W1928,4.04,1726229403,ETH
TX1404,W1404,W1965,4.05,1726229404,ETH
TX1405,W1405,W2002,4.06,1726229405,ETH
TX1406,W1406,W2039,4.07,1726229406,ETH
TX1407,W1407,W2076,4.08,1726229407,ETH
TX1408,W1408,W2113,4.09,1726229408,ETH
TX1409,W1409,W2150,4.1,1726229409,ETH
TX1410,W1410,W2187,4.11,1726229410,ETH
TX1411,W1411,W2224,4.12,1726229411,ETH
TX1412,W1412,W2261,4.13,1726229412,ETH
TX1413,W1413,W2298,4.14,1726229413,ETH
TX1414,W1414,W2335,4.15,1726229414,ETH
TX1415,W1415,W2372,4.16,1726229415,ETH
TX1416,W1416,W2409,4.17,1726229416,ETH
TX1417,W1417,W2446,4.18,1726229417,ETH
TX1418,W1418,W2483,4.19,1726229418,ETH
TX1419,W1419,W20,4.2,1726229419,ETH
TX1420,W1420,W57,4.21,1726229420,ETH
TX1421,W1421,W94,4.22,1726229421,ETH
TX1422,W1422,W131,4.23,1726229422,ETH
TX1423,W1423,W168,4.24,1726229423,ETH
TX1424,W1424,W205,4.25,1726229424,ETH
TX1425,W1425,W242,4.26,1726229425,ETH
TX1426,W1426,W279,4.27,1726229426,ETH
TX1427,W1427,W316,4.28,1726229427,ETH
TX1428,W1428,W353,4.29,1726229428,ETH
TX1429,W1429,W390,4.3,1726229429,ETH
TX1430,W1430,W427,4.31,1726229430,ETH
TX1431,W1431,W464,4.32,1726229431,ETH
TX1432,W1432,W501,4.33,1726229432,ETH
TX1433,W1433,W538,4.34,1726229433,ETH
TX1434,W1434,W575,4.35,1726229434,ETH
TX1435,W1435,W612,4.36,1726229435,ETH
TX1436,W1436,W649,4.37,1726229436,ETH
TX1437,W1437,W686,4.38,1726229437,ETH
TX1438,W1438,W723,4.39,1726229438,ETH
TX1439,W1439,W760,4.4,1726229439,ETH
TX1440,W1440,W797,4.41,1726229440,ETH
TX1441,W1441,W834,4.42,1726229441,ETH
TX1442,W1442,W871,4.43,1726229442,ETH
TX1443,W1443,W908,4.44,1726229443,ETH
TX1444,W1444,W945,4.45,1726229444,ETH
TX1445,W1445,W982,4.46,1726229445,ETH
TX1446,W1446,W1019,4.47,1726229446,ETH
TX1447,W1447,W1056,4.48,1726229447,ETH
TX1448,W1448,W1093,4.49,1726229448,ETH
TX1449,W1449,W1130,4.5,1726229449,ETH
TX1450,W1450,W1167,4.51,1726229450,ETH
TX1451,W1451,W1204,4.52,1726229451,ETH
TX1452,W1452,W1241,4.53,1726229452,ETH
TX1453,W1453,W1278,4.54,1726229453,ETH
TX1454,W1454,W1315,4.55,1726229454,ETH
TX1455,W1455,W1352,4.56,1726229455,ETH
TX1456,W1456,W1389,4.57,1726229456,ETH
TX1457,W1457,W1426,4.58,1726229457,ETH
TX1458,W1458,W1463,4.59,1726229458,ETH
TX1459,W1459,W1500,4.6,1726229459,ETH
TX1460,W1460,W1537,4.61,1726229460,ETH
TX1461,W1461,W1574,4.62,1726229461,ETH
TX1462,W1462,W1611,4.63,1726229462,ETH
TX1463,W1463,W1648,4.64,1726229463,ETH
TX1464,W1464,W1685,4.65,1726229464,ETH
TX1465,W1465,W1722,4.66,1726229465,ETH
TX1466,W1466,W1759,4.67,1726229466,ETH
TX1467,W1467,W1796,4.68,1726229467,ETH
TX1468,W1468,W1833,4.69,1726229468,ETH
TX1469,W1469,W1870,4.7,1726229469,ETH
TX1470,W1470,W1907,4.71,1726229470,ETH
TX1471,W1471,W1944,4.72,1726229471,ETH
TX1472,W1472,W1981,4.73,1726229472,ETH
TX1473,W1473,W2018,4.74,1726229473,ETH
TX1474,W1474,W2055,4.75,1726229474,ETH
TX1475,W1475,W2092,4.76,1726229475,ETH
TX1476,W1476,W2129,4.77,1726229476,ETH
TX1477,W1477,W2166,4.78,1726229477,ETH
TX1478,W1478,W2203,4.79,1726229478,ETH
TX1479,W1479,W2240,4.8,1726229479,ETH
TX1480,W1480,W2277,4.81,1726229480,ETH
TX1481,W1481,W2314,4.82,1726229481,ETH
TX1482,W1482,W2351,4.83,1726229482,ETH
TX1483,W1483,W2388,4.84,1726229483,ETH
TX1484,W1484,W2425,4.85,1726229484,ETH
TX1485,W1485,W2462,4.86,1726229485,ETH
TX1486,W1486,W2499,4.87,1726229486,ETH
TX1487,W1487,W36,4.88,1726229487,ETH
TX1488,W1488,W73,4.89,1726229488,ETH
TX1489,W1489,W110,4.9,1726229489,ETH
TX1490,W1490,W147,4.91,1726229490,ETH
TX1491,W1491,W184,4.92,1726229491,ETH
TX1492,W1492,W221,4.93,1726229492,ETH
TX1493,W1493,W258,4.94,1726229493,ETH
TX1494,W1494,W295,4.95,1726229494,ETH
TX1495,W1495,W332,4.96,1726229495,ETH
TX1496,W1496,W369,4.97,1726229496,ETH
TX1497,W1497,W406,4.98,1726229497,ETH
TX1498,W1498,W443,4.99,1726229498,ETH
TX1499,W1499,W480,5,1726229499,ETH
TX1500,W1500,W517,5.01,1726229500,ETH
TX1501,W1501,W554,5.02,1726229501,ETH
TX1502,W1502,W591,5.03,1726229502,ETH
TX1503,W1503,W628,5.04,1726229503,ETH
TX1504,W1504,W665,5.05,1726229504,ETH
TX1505,W1505,W702,5.06,1726229505,ETH
TX1506,W1506,W739,5.07,1726229506,ETH
TX1507,W1507,W776,5.08,1726229507,ETH
TX1508,W1508,W813,5.09,1726229508,ETH
TX1509,W1509,W850,5.1,1726229509,ETH
TX1510,W1510,W887,5.11,1726229510,ETH
TX1511,W1511,W924,5.12,1726229511,ETH
TX1512,W1512,W961,5.13,1726229512,ETH
TX1513,W1513,W998,5.14,1726229513,ETH
TX1514,W1514,W1035,5.15,1726229514,ETH
TX1515,W1515,W1072,5.16,1726229515,ETH
TX1516,W1516,W1109,5.17,1726229516,ETH
TX1517,W1517,W1146,5.18,1726229517,ETH
TX1518,W1518,W1183,5.19,1726229518,ETH
TX1519,W1519,W1220,5.2,1726229519,ETH
TX1520,W1520,W1257,5.21,1726229520,ETH
TX1521,W1521,W1294,5.22,1726229521,ETH
TX1522,W1522,W1331,5.23,1726229522,ETH
TX1523,W1523,W1368,5.24,1726229523,ETH
TX1524,W1524,W1405,5.25,1726229524,ETH
TX1525,W1525,W1442,5.26,1726229525,ETH
TX1526,W1526,W1479,5.27,1726229526,ETH
TX1527,W1527,W1516,5.28,1726229527,ETH
TX1528,W1528,W1553,5.29,1726229528,ETH
TX1529,W1529,W1590,5.3,1726229529,ETH
TX1530,W1530,W1627,5.31,1726229530,ETH
TX1531,W1531,W1664,5.32,1726229531,ETH
TX1532,W1532,W1701,5.33,1726229532,ETH
TX1533,W1533,W1738,5.34,1726229533,ETH
TX1534,W1534,W1775,5.35,1726229534,ETH
TX1535,W1535,W1812,5.36,1726229535,ETH
TX1536,W1536,W1849,5.37,1726229536,ETH
TX1537,W1537,W1886,5.38,1726229537,ETH
TX1538,W1538,W1923,5.39,1726229538,ETH
TX1539,W1539,W1960,5.4,1726229539,ETH
TX1540,W1540,W1997,5.41,1726229540,ETH
TX1541,W1541,W2034,5.42,1726229541,ETH
TX1542,W1542,W2071,5.43,1726229542,ETH
TX1543,W1543,W2108,5.44,1726229543,ETH
TX1544,W1544,W2145,5.45,1726229544,ETH
TX1545,W1545,W2182,5.46,1726229545,ETH
TX1546,W1546,W2219,5.47,1726229546,ETH
TX1547,W1547,W2256,5.48,1726229547,ETH
TX1548,W1548,W2293,5.49,1726229548,ETH
TX1549,W1549,W2330,5.5,1726229549,ETH
TX1550,W1550,W2367,5.51,1726229550,ETH
TX1551,W1551,W2404,5.52,1726229551,ETH
TX1552,W1552,W2441,5.53,1726229552,ETH
TX1553,W1553,W2478,5.54,1726229553,ETH
TX1554,W1554,W15,5.55,1726229554,ETH
TX1555,W1555,W52,5.56,1726229555,ETH
TX1556,W1556,W89,5.57,1726229556,ETH
TX1557,W1557,W126,5.58,1726229557,ETH
TX1558,W1558,W163,5.59,1726229558,ETH
TX1559,W1559,W200,5.6,1726229559,ETH
TX1560,W1560,W237,5.61,1726229560,ETH
TX1561,W1561,W274,5.62,1726229561,ETH
TX1562,W1562,W311,5.63,1726229562,ETH
TX1563,W1563,W348,5.64,1726229563,ETH
TX1564,W1564,W385,5.65,1726229564,ETH
TX1565,W1565,W422,5.66,1726229565,ETH
TX1566,W1566,W459,5.67,1726229566,ETH
TX1567,W1567,W496,5.68,1726229567,ETH
TX1568,W1568,W533,5.69,1726229568,ETH
TX1569,W1569,W570,5.7,1726229569,ETH
TX1570,W1570,W607,5.71,1726229570,ETH
TX1571,W1571,W644,5.72,1726229571,ETH
TX1572,W1572,W681,5.73,1726229572,ETH
TX1573,W1573,W718,5.74,1726229573,ETH
TX1574,W1574,W755,5.75,1726229574,ETH
TX1575,W1575,W792,5.76,1726229575,ETH
TX1576,W1576,W829,5.77,1726229576,ETH
TX1577,W1577,W866,5.78,1726229577,ETH
TX1578,W1578,W903,5.79,1726229578,ETH
TX1579,W1579,W940,5.8,1726229579,ETH
TX1580,W1580,W977,5.81,1726229580,ETH
TX1581,W1581,W1014,5.82,1726229581,ETH
TX1582,W1582,W1051,5.83,1726229582,ETH
TX1583,W1583,W1088,5.84,1726229583,ETH
TX1584,W1584,W1125,5.85,1726229584,ETH
TX1585,W1585,W1162,5.86,1726229585,ETH
TX1586,W1586,W1199,5.87,1726229586,ETH
TX1587,W1587,W1236,5.88,1726229587,ETH
TX1588,W1588,W1273,5.89,1726229588,ETH
TX1589,W1589,W1310,5.9,1726229589,ETH
TX1590,W1590,W1347,5.91,1726229590,ETH
TX1591,W1591,W1384,5.92,1726229591,ETH
TX1592,W1592,W1421,5.93,1726229592,ETH
TX1593,W1593,W1458,5.94,1726229593,ETH
TX1594,W1594,W1495,5.95,1726229594,ETH
TX1595,W1595,W1532,5.96,1726229595,ETH
TX1596,W1596,W1569,5.97,1726229596,ETH
TX1597,W1597,W1606,5.98,1726229597,ETH
TX1598,W1598,W1643,5.99,1726229598,ETH
TX1599,W1599,W1680,6,1726229599,ETH
TX1600,W1600,W1717,6.01,1726229600,ETH
TX1601,W1601,W1754,6.02,1726229601,ETH
TX1602,W1602,W1791,6.03,1726229602,ETH
TX1603,W1603,W1828,6.04,1726229603,ETH
TX1604,W1604,W1865,6.05,1726229604,ETH
TX1605,W1605,W1902,6.06,1726229605,ETH
TX1606,W1606,W1939,6.07,1726229606,ETH
TX1607,W1607,W1976,6.08,1726229607,ETH
TX1608,W1608,W2013,6.09,1726229608,ETH
TX1609,W1609,W2050,6.1,1726229609,ETH
TX1610,W1610,W2087,6.11,1726229610,ETH
TX1611,W1611,W2124,6.12,1726229611,ETH
TX1612,W1612,W2161,6.13,1726229612,ETH
TX1613,W1613,W2198,6.14,1726229613,ETH
TX1614,W1614,W2235,6.15,1726229614,ETH
TX1615,W1615,W2272,6.16,1726229615,ETH
TX1616,W1616,W2309,6.17,1726229616,ETH
TX1617,W1617,W2346,6.18,1726229617,ETH
TX1618,W1618,W2383,6.19,1726229618,ETH
TX1619,W1619,W2420,6.2,1726229619,ETH
TX1620,W1620,W2457,6.21,1726229620,ETH
TX1621,W1621,W2494,6.22,1726229621,ETH
TX1622,W1622,W31,6.23,1726229622,ETH
TX1623,W1623,W68,6.24,1726229623,ETH
TX1624,W1624,W105,6.25,1726229624,ETH
TX1625,W1625,W142,6.26,1726229625,ETH
TX1626,W1626,W179,6.27,1726229626,ETH
TX1627,W1627,W216,6.28,1726229627,ETH
TX1628,W1628,W253,6.29,1726229628,ETH
TX1629,W1629,W290,6.3,1726229629,ETH
TX1630,W1630,W327,6.31,1726229630,ETH
TX1631,W1631,W364,6.32,1726229631,ETH
TX1632,W1632,W401,6.33,1726229632,ETH
TX1633,W1633,W438,6.34,1726229633,ETH
TX1634,W1634,W475,6.35,1726229634,ETH
TX1635,W1635,W512,6.36,1726229635,ETH
TX1636,W1636,W549,6.37,1726229636,ETH
TX1637,W1637,W586,6.38,1726229637,ETH
TX1638,W1638,W623,6.39,1726229638,ETH
TX1639,W1639,W660,6.4,1726229639,ETH
TX1640,W1640,W697,6.41,1726229640,ETH
TX1641,W1641,W734,6.42,1726229641,ETH
TX1642,W1642,W771,6.43,1726229642,ETH
TX1643,W1643,W808,6.44,1726229643,ETH
TX1644,W1644,W845,6.45,1726229644,ETH
TX1645,W1645,W882,6.46,1726229645,ETH
TX1646,W1646,W919,6.47,1726229646,ETH
TX1647,W1647,W956,6.48,1726229647,ETH
TX1648,W1648,W993,6.49,1726229648,ETH
TX1649,W1649,W1030,6.5,1726229649,ETH
TX1650,W1650,W1067,6.51,1726229650,ETH
TX1651,W1651,W1104,6.52,1726229651,ETH
TX1652,W1652,W1141,6.53,1726229652,ETH
TX1653,W1653,W1178,6.54,1726229653,ETH
TX1654,W1654,W1215,6.55,1726229654,ETH
TX1655,W1655,W1252,6.56,1726229655,ETH
TX1656,W1656,W1289,6.57,1726229656,ETH
TX1657,W1657,W1326,6.58,1726229657,ETH
TX1658,W1658,W1363,6.59,1726229658,ETH
TX1659,W1659,W1400,6.6,1726229659,ETH
TX1660,W1660,W1437,6.61,1726229660,ETH
TX1661,W1661,W1474,6.62,1726229661,ETH
TX1662,W1662,W1511,6.63,1726229662,ETH
TX1663,W1663,W1548,6.64,1726229663,ETH
TX1664,W1664,W1585,6.65,1726229664,ETH
TX1665,W1665,W1622,6.66,1726229665,ETH
TX1666,W1666,W1659,6.67,1726229666,ETH
TX1667,W1667,W1696,6.68,1726229667,ETH
TX1668,W1668,W1733,6.69,1726229668,ETH
TX1669,W1669,W1770,6.7,1726229669,ETH
TX1670,W1670,W1807,6.71,1726229670,ETH
TX1671,W1671,W1844,6.72,1726229671,ETH
TX1672,W1672,W1881,6.73,1726229672,ETH
TX1673,W1673,W1918,6.74,1726229673,ETH
TX1674,W1674,W1955,6.75,1726229674,ETH
TX1675,W1675,W1992,6.76,1726229675,ETH
TX1676,W1676,W2029,6.77,1726229676,ETH
TX1677,W1677,W2066,6.78,1726229677,ETH
TX1678,W1678,W2103,6.79,1726229678,ETH
TX1679,W1679,W2140,6.8,1726229679,ETH
TX1680,W1680,W2177,6.81,1726229680,ETH
TX1681,W1681,W2214,6.82,1726229681,ETH
TX1682,W1682,W2251,6.83,1726229682,ETH
TX1683,W1683,W2288,6.84,1726229683,ETH
TX1684,W1684,W2325,6.85,1726229684,ETH
TX1685,W1685,W2362,6.86,1726229685,ETH
TX1686,W1686,W2399,6.87,1726229686,ETH
TX1687,W1687,W2436,6.88,1726229687,ETH
TX1688,W1688,W2473,6.89,1726229688,ETH
TX1689,W1689,W10,6.9,1726229689,ETH
TX1690,W1690,W47,6.91,1726229690,ETH
TX1691,W1691,W84,6.92,1726229691,ETH
TX1692,W1692,W121,6.93,1726229692,ETH
TX1693,W1693,W158,6.94,1726229693,ETH
TX1694,W1694,W195,6.95,1726229694,ETH
TX1695,W1695,W232,6.96,1726229695,ETH
TX1696,W1696,W269,6.97,1726229696,ETH
TX1697,W1697,W306,6.98,1726229697,ETH
TX1698,W1698,W343,6.99,1726229698,ETH
TX1699,W1699,W380,7,1726229699,ETH
TX1700,W1700,W417,7.01,1726229700,ETH
TX1701,W1701,W454,7.02,1726229701,ETH
TX1702,W1702,W491,7.03,1726229702,ETH
TX1703,W1703,W528,7.04,1726229703,ETH
TX1704,W1704,W565,7.05,1726229704,ETH
TX1705,W1705,W602,7.06,1726229705,ETH
TX1706,W1706,W639,7.07,1726229706,ETH
TX1707,W1707,W676,7.08,1726229707,ETH
TX1708,W1708,W713,7.09,1726229708,ETH
TX1709,W1709,W750,7.1,1726229709,ETH
TX1710,W1710,W787,7.11,1726229710,ETH
TX1711,W1711,W824,7.12,1726229711,ETH
TX1712,W1712,W861,7.13,1726229712,ETH
TX1713,W1713,W898,7.14,1726229713,ETH
TX1714,W1714,W935,7.15,1726229714,ETH
TX1715,W1715,W972,7.16,1726229715,ETH
TX1716,W1716,W1009,7.17,1726229716,ETH
TX1717,W1717,W1046,7.18,1726229717,ETH
TX1718,W1718,W1083,7.19,1726229718,ETH
TX1719,W1719,W1120,7.2,1726229719,ETH
TX1720,W1720,W1157,7.21,1726229720,ETH
TX1721,W1721,W1194,7.22,1726229721,ETH
TX1722,W1722,W1231,7.23,1726229722,ETH
TX1723,W1723,W1268,7.24,1726229723,ETH
TX1724,W1724,W1305,7.25,1726229724,ETH
TX1725,W1725,W1342,7.26,1726229725,ETH
TX1726,W1726,W1379,7.27,1726229726,ETH
TX1727,W1727,W1416,7.28,1726229727,ETH
TX1728,W1728,W1453,7.29,1726229728,ETH
TX1729,W1729,W1490,7.3,1726229729,ETH
TX1730,W1730,W1527,7.31,1726229730,ETH
TX1731,W1731,W1564,7.32,1726229731,ETH
TX1732,W1732,W1601,7.33,1726229732,ETH
TX1733,W1733,W1638,7.34,1726229733,ETH
TX1734,W1734,W1675,7.35,1726229734,ETH
TX1735,W1735,W1712,7.36,1726229735,ETH
TX1736,W1736,W1749,7.37,1726229736,ETH
TX1737,W1737,W1786,7.38,1726229737,ETH
TX1738,W1738,W1823,7.39,1726229738,ETH
TX1739,W1739,W1860,7.4,1726229739,ETH
TX1740,W1740,W1897,7.41,1726229740,ETH
TX1741,W1741,W1934,7.42,1726229741,ETH
TX1742,W1742,W1971,7.43,1726229742,ETH
TX1743,W1743,W2008,7.44,1726229743,ETH
TX1744,W1744,W2045,7.45,1726229744,ETH
TX1745,W1745,W2082,7.46,1726229745,ETH
TX1746,W1746,W2119,7.47,1726229746,ETH
TX1747,W1747,W2156,7.48,1726229747,ETH
TX1748,W1748,W2193,7.49,1726229748,ETH
TX1749,W1749,W2230,7.5,1726229749,ETH
TX1750,W1750,W2267,7.51,1726229750,ETH
TX1751,W1751,W2304,7.52,1726229751,ETH
TX1752,W1752,W2341,7.53,1726229752,ETH
TX1753,W1753,W2378,7.54,1726229753,ETH
TX1754,W1754,W2415,7.55,1726229754,ETH
TX1755,W1755,W2452,7.56,1726229755,ETH
TX1756,W1756,W2489,7.57,1726229756,ETH
TX1757,W1757,W26,7.58,1726229757,ETH
TX1758,W1758,W63,7.59,1726229758,ETH
TX1759,W1759,W100,7.6,1726229759,ETH
TX1760,W1760,W137,7.61,1726229760,ETH
TX1761,W1761,W174,7.62,1726229761,ETH
TX1762,W1762,W211,7.63,1726229762,ETH
TX1763,W1763,W248,7.64,1726229763,ETH
TX1764,W1764,W285,7.65,1726229764,ETH
TX1765,W1765,W322,7.66,1726229765,ETH
TX1766,W1766,W359,7.67,1726229766,ETH
TX1767,W1767,W396,7.68,1726229767,ETH
TX1768,W1768,W433,7.69,1726229768,ETH
TX1769,W1769,W470,7.7,1726229769,ETH
TX1770,W1770,W507,7.71,1726229770,ETH
TX1771,W1771,W544,7.72,1726229771,ETH
TX1772,W1772,W581,7.73,1726229772,ETH
TX1773,W1773,W618,7.74,1726229773,ETH
TX1774,W1774,W655,7.75,1726229774,ETH
TX1775,W1775,W692,7.76,1726229775,ETH
TX1776,W1776,W729,7.77,1726229776,ETH
TX1777,W1777,W766,7.78,1726229777,ETH
TX1778,W1778,W803,7.79,1726229778,ETH
TX1779,W1779,W840,7.8,1726229779,ETH
TX1780,W1780,W877,7.81,1726229780,ETH
TX1781,W1781,W914,7.82,1726229781,ETH
TX1782,W1782,W951,7.83,1726229782,ETH
TX1783,W1783,W988,7.84,1726229783,ETH
TX1784,W1784,W1025,7.85,1726229784,ETH
TX1785,W1785,W1062,7.86,1726229785,ETH
TX1786,W1786,W1099,7.87,1726229786,ETH
TX1787,W1787,W1136,7.88,1726229787,ETH
TX1788,W1788,W1173,7.89,1726229788,ETH
TX1789,W1789,W1210,7.9,1726229789,ETH
TX1790,W1790,W1247,7.91,1726229790,ETH
TX1791,W1791,W1284,7.92,1726229791,ETH
TX1792,W1792,W1321,7.93,1726229792,ETH
TX1793,W1793,W1358,7.94,1726229793,ETH
TX1794,W1794,W1395,7.95,1726229794,ETH
TX1795,W1795,W1432,7.96,1726229795,ETH
TX1796,W1796,W1469,7.97,1726229796,ETH
TX1797,W1797,W1506,7.98,1726229797,ETH
TX1798,W1798,W1543,7.99,1726229798,ETH
TX1799,W1799,W1580,8,1726229799,ETH
TX1800,W1800,W1617,8.01,1726229800,ETH
TX1801,W1801,W1654,8.02,1726229801,ETH
TX1802,W1802,W1691,8.03,1726229802,ETH
TX1803,W1803,W1728,8.04,1726229803,ETH
TX1804,W1804,W1765,8.05,1726229804,ETH
TX1805,W1805,W1802,8.06,1726229805,ETH
TX1806,W1806,W1839,8.07,1726229806,ETH
TX1807,W1807,W1876,8.08,1726229807,ETH
TX1808,W1808,W1913,8.09,1726229808,ETH
TX1809,W1809,W1950,8.1,1726229809,ETH
TX1810,W1810,W1987,8.11,1726229810,ETH
TX1811,W1811,W2024,8.12,1726229811,ETH
TX1812,W1812,W2061,8.13,1726229812,ETH
TX1813,W1813,W2098,8.14,1726229813,ETH
TX1814,W1814,W2135,8.15,1726229814,ETH
TX1815,W1815,W2172,8.16,1726229815,ETH
TX1816,W1816,W2209,8.17,1726229816,ETH
TX1817,W1817,W2246,8.18,1726229817,ETH
TX1818,W1818,W2283,8.19,1726229818,ETH
TX1819,W1819,W2320,8.2,1726229819,ETH
TX1820,W1820,W2357,8.21,1726229820,ETH
TX1821,W1821,W2394,8.22,1726229821,ETH
TX1822,W1822,W2431,8.23,1726229822,ETH
TX1823,W1823,W2468,8.24,1726229823,ETH
TX1824,W1824,W5,8.25,1726229824,ETH
TX1825,W1825,W42,8.26,1726229825,ETH
TX1826,W1826,W79,8.27,1726229826,ETH
TX1827,W1827,W116,8.28,1726229827,ETH
TX1828,W1828,W153,8.29,1726229828,ETH
TX1829,W1829,W190,8.3,1726229829,ETH
TX1830,W1830,W227,8.31,1726229830,ETH
TX1831,W1831,W264,8.32,1726229831,ETH
TX1832,W1832,W301,8.33,1726229832,ETH
TX1833,W1833,W338,8.34,1726229833,ETH
TX1834,W1834,W375,8.35,1726229834,ETH
TX1835,W1835,W412,8.36,1726229835,ETH
TX1836,W1836,W449,8.37,1726229836,ETH
TX1837,W1837,W486,8.38,1726229837,ETH
TX1838,W1838,W523,8.39,1726229838,ETH
TX1839,W1839,W560,8.4,1726229839,ETH
TX1840,W1840,W597,8.41,1726229840,ETH
TX1841,W1841,W634,8.42,1726229841,ETH
TX1842,W1842,W671,8.43,1726229842,ETH
TX1843,W1843,W708,8.44,1726229843,ETH
TX1844,W1844,W745,8.45,1726229844,ETH
TX1845,W1845,W782,8.46,1726229845,ETH
TX1846,W1846,W819,8.47,1726229846,ETH
TX1847,W1847,W856,8.48,1726229847,ETH
TX1848,W1848,W893,8.49,1726229848,ETH
TX1849,W1849,W930,8.5,1726229849,ETH
TX1850,W1850,W967,8.51,1726229850,ETH
TX1851,W1851,W1004,8.52,1726229851,ETH
TX1852,W1852,W1041,8.53,1726229852,ETH
TX1853,W1853,W1078,8.54,1726229853,ETH
TX1854,W1854,W1115,8.55,1726229854,ETH
TX1855,W1855,W1152,8.56,1726229855,ETH
TX1856,W1856,W1189,8.57,1726229856,ETH
TX1857,W1857,W1226,8.58,1726229857,ETH
TX1858,W1858,W1263,8.59,1726229858,ETH
TX1859,W1859,W1300,8.6,1726229859,ETH
TX1860,W1860,W1337,8.61,1726229860,ETH
TX1861,W1861,W1374,8.62,1726229861,ETH
TX1862,W1862,W1411,8.63,1726229862,ETH
TX1863,W1863,W1448,8.64,1726229863,ETH
TX1864,W1864,W1485,8.65,1726229864,ETH
TX1865,W1865,W1522,8.66,1726229865,ETH
TX1866,W1866,W1559,8.67,1726229866,ETH
TX1867,W1867,W1596,8.68,1726229867,ETH
TX1868,W1868,W1633,8.69,1726229868,ETH
TX1869,W1869,W1670,8.7,1726229869,ETH
TX1870,W1870,W1707,8.71,1726229870,ETH
TX1871,W1871,W1744,8.72,1726229871,ETH
TX1872,W1872,W1781,8.73,1726229872,ETH
TX1873,W1873,W1818,8.74,1726229873,ETH
TX1874,W1874,W1855,8.75,1726229874,ETH
TX1875,W1875,W1892,8.76,1726229875,ETH
TX1876,W1876,W1929,8.77,1726229876,ETH
TX1877,W1877,W1966,8.78,1726229877,ETH
TX1878,W1878,W2003,8.79,1726229878,ETH
TX1879,W1879,W2040,8.8,1726229879,ETH
TX1880,W1880,W2077,8.81,1726229880,ETH
TX1881,W1881,W2114,8.82,1726229881,ETH
TX1882,W1882,W2151,8.83,1726229882,ETH
TX1883,W1883,W2188,8.84,1726229883,ETH
TX1884,W1884,W2225,8.85,1726229884,ETH
TX1885,W1885,W2262,8.86,1726229885,ETH
TX1886,W1886,W2299,8.87,1726229886,ETH
TX1887,W1887,W2336,8.88,1726229887,ETH
TX1888,W1888,W2373,8.89,1726229888,ETH
TX1889,W1889,W2410,8.9,1726229889,ETH
TX1890,W1890,W2447,8.91,1726229890,ETH
TX1891,W1891,W2484,8.92,1726229891,ETH
TX1892,W1892,W21,8.93,1726229892,ETH
TX1893,W1893,W58,8.94,1726229893,ETH
TX1894,W1894,W95,8.95,1726229894,ETH
TX1895,W1895,W132,8.96,1726229895,ETH
TX1896,W1896,W169,8.97,1726229896,ETH
TX1897,W1897,W206,8.98,1726229897,ETH
TX1898,W1898,W243,8.99,1726229898,ETH
TX1899,W1899,W280,9,1726229899,ETH
TX1900,W1900,W317,9.01,1726229900,ETH
TX1901,W1901,W354,9.02,1726229901,ETH
TX1902,W1902,W391,9.03,1726229902,ETH
TX1903,W1903,W428,9.04,1726229903,ETH
TX1904,W1904,W465,9.05,1726229904,ETH
TX1905,W1905,W502,9.06,1726229905,ETH
TX1906,W1906,W539,9.07,1726229906,ETH
TX1907,W1907,W576,9.08,1726229907,ETH
TX1908,W1908,W613,9.09,1726229908,ETH
TX1909,W1909,W650,9.1,1726229909,ETH
TX1910,W1910,W687,9.11,1726229910,ETH
TX1911,W1911,W724,9.12,1726229911,ETH
TX1912,W1912,W761,9.13,1726229912,ETH
TX1913,W1913,W798,9.14,1726229913,ETH
TX1914,W1914,W835,9.15,1726229914,ETH
TX1915,W1915,W872,9.16,1726229915,ETH
TX1916,W1916,W909,9.17,1726229916,ETH
TX1917,W1917,W946,9.18,1726229917,ETH
TX1918,W1918,W983,9.19,1726229918,ETH
TX1919,W1919,W1020,9.2,1726229919,ETH
TX1920,W1920,W1057,9.21,1726229920,ETH
TX1921,W1921,W1094,9.22,1726229921,ETH
TX1922,W1922,W1131,9.23,1726229922,ETH
TX1923,W1923,W1168,9.24,1726229923,ETH
TX1924,W1924,W1205,9.25,1726229924,ETH
TX1925,W1925,W1242,9.26,1726229925,ETH
TX1926,W1926,W1279,9.27,1726229926,ETH
TX1927,W1927,W1316,9.28,1726229927,ETH
TX1928,W1928,W1353,9.29,1726229928,ETH
TX1929,W1929,W1390,9.3,1726229929,ETH
TX1930,W1930,W1427,9.31,1726229930,ETH
TX1931,W1931,W1464,9.32,1726229931,ETH
TX1932,W1932,W1501,9.33,1726229932,ETH
TX1933,W1933,W1538,9.34,1726229933,ETH
TX1934,W1934,W1575,9.35,1726229934,ETH
TX1935,W1935,W1612,9.36,1726229935,ETH
TX1936,W1936,W1649,9.37,1726229936,ETH
TX1937,W1937,W1686,9.38,1726229937,ETH
TX1938,W1938,W1723,9.39,1726229938,ETH
TX1939,W1939,W1760,9.4,1726229939,ETH
TX1940,W1940,W1797,9.41,1726229940,ETH
TX1941,W1941,W1834,9.42,1726229941,ETH
TX1942,W1942,W1871,9.43,1726229942,ETH
TX1943,W1943,W1908,9.44,1726229943,ETH
TX1944,W1944,W1945,9.45,1726229944,ETH
TX1945,W1945,W1982,9.46,1726229945,ETH
TX1946,W1946,W2019,9.47,1726229946,ETH
TX1947,W1947,W2056,9.48,1726229947,ETH
TX1948,W1948,W2093,9.49,1726229948,ETH
TX1949,W1949,W2130,9.5,1726229949,ETH
TX1950,W1950,W2167,9.51,1726229950,ETH
TX1951,W1951,W2204,9.52,1726229951,ETH
TX1952,W1952,W2241,9.53,1726229952,ETH
TX1953,W1953,W2278,9.54,1726229953,ETH
TX1954,W1954,W2315,9.55,1726229954,ETH
TX1955,W1955,W2352,9.56,1726229955,ETH
TX1956,W1956,W2389,9.57,1726229956,ETH
TX1957,W1957,W2426,9.58,1726229957,ETH
TX1958,W1958,W2463,9.59,1726229958,ETH
TX1959,W1959,W0,9.6,1726229959,ETH
TX1960,W1960,W37,9.61,1726229960,ETH
TX1961,W1961,W74,9.62,1726229961,ETH
TX1962,W1962,W111,9.63,1726229962,ETH
TX1963,W1963,W148,9.64,1726229963,ETH
TX1964,W1964,W185,9.65,1726229964,ETH
TX1965,W1965,W222,9.66,1726229965,ETH
TX1966,W1966,W259,9.67,1726229966,ETH
TX1967,W1967,W296,9.68,1726229967,ETH
TX1968,W1968,W333,9.69,1726229968,ETH
TX1969,W1969,W370,9.7,1726229969,ETH
TX1970,W1970,W407,9.71,1726229970,ETH
TX1971,W1971,W444,9.72,1726229971,ETH
TX1972,W1972,W481,9.73,1726229972,ETH
TX1973,W1973,W518,9.74,1726229973,ETH
TX1974,W1974,W555,9.75,1726229974,ETH
TX1975,W1975,W592,9.76,1726229975,ETH
TX1976,W1976,W629,9.77,1726229976,ETH
TX1977,W1977,W666,9.78,1726229977,ETH
TX1978,W1978,W703,9.79,1726229978,ETH
TX1979,W1979,W740,9.8,1726229979,ETH
TX1980,W1980,W777,9.81,1726229980,ETH
TX1981,W1981,W814,9.82,1726229981,ETH
TX1982,W1982,W851,9.83,1726229982,ETH
TX1983,W1983,W888,9.84,1726229983,ETH
TX1984,W1984,W925,9.85,1726229984,ETH
TX1985,W1985,W962,9.86,1726229985,ETH
TX1986,W1986,W999,9.87,1726229986,ETH
TX1987,W1987,W1036,9.88,1726229987,ETH
TX1988,W1988,W1073,9.89,1726229988,ETH
TX1989,W1989,W1110,9.9,1726229989,ETH
TX1990,W1990,W1147,9.91,1726229990,ETH
TX1991,W1991,W1184,9.92,1726229991,ETH
TX1992,W1992,W1221,9.93,1726229992,ETH
TX1993,W1993,W1258,9.94,1726229993,ETH
TX1994,W1994,W1295,9.95,1726229994,ETH
TX1995,W1995,W1332,9.96,1726229995,ETH
TX1996,W1996,W1369,9.97,1726229996,ETH
TX1997,W1997,W1406,9.98,1726229997,ETH
TX1998,W1998,W1443,9.99,1726229998,ETH
TX1999,W1999,W1480,10,1726229999,ETH
TX2000,W2000,W1517,0.01,1726230000,ETH
TX2001,W2001,W1554,0.02,1726230001,ETH
TX2002,W2002,W1591,0.03,1726230002,ETH
TX2003,W2003,W1628,0.04,1726230003,ETH
TX2004,W2004,W1665,0.05,1726230004,ETH
TX2005,W2005,W1702,0.06,1726230005,ETH
TX2006,W2006,W1739,0.07,1726230006,ETH
TX2007,W2007,W1776,0.08,1726230007,ETH
TX2008,W2008,W1813,0.09,1726230008,ETH
TX2009,W2009,W1850,0.1,1726230009,ETH
TX2010,W2010,W1887,0.11,1726230010,ETH
TX2011,W2011,W1924,0.12,1726230011,ETH
TX2012,W2012,W1961,0.13,1726230012,ETH
TX2013,W2013,W1998,0.14,1726230013,ETH
TX2014,W2014,W2035,0.15,1726230014,ETH
TX2015,W2015,W2072,0.16,1726230015,ETH
TX2016,W2016,W2109,0.17,1726230016,ETH
TX2017,W2017,W2146,0.18,1726230017,ETH
TX2018,W2018,W2183,0.19,1726230018,ETH
TX2019,W2019,W2220,0.2,1726230019,ETH
TX2020,W2020,W2257,0.21,1726230020,ETH
TX2021,W2021,W2294,0.22,1726230021,ETH
TX2022,W2022,W2331,0.23,1726230022,ETH
TX2023,W2023,W2368,0.24,1726230023,ETH
TX2024,W2024,W2405,0.25,1726230024,ETH
TX2025,W2025,W2442,0.26,1726230025,ETH
TX2026,W2026,W2479,0.27,1726230026,ETH
TX2027,W2027,W16,0.28,1726230027,ETH
TX2028,W2028,W53,0.29,1726230028,ETH
TX2029,W2029,W90,0.3,1726230029,ETH
TX2030,W2030,W127,0.31,1726230030,ETH
TX2031,W2031,W164,0.32,1726230031,ETH
TX2032,W2032,W201,0.33,1726230032,ETH
TX2033,W2033,W238,0.34,1726230033,ETH
TX2034,W2034,W275,0.35,1726230034,ETH
TX2035,W2035,W312,0.36,1726230035,ETH
TX2036,W2036,W349,0.37,1726230036,ETH
TX2037,W2037,W386,0.38,1726230037,ETH
TX2038,W2038,W423,0.39,1726230038,ETH
TX2039,W2039,W460,0.4,1726230039,ETH
TX2040,W2040,W497,0.41,1726230040,ETH
TX2041,W2041,W534,0.42,1726230041,ETH
TX2042,W2042,W571,0.43,1726230042,ETH
TX2043,W2043,W608,0.44,1726230043,ETH
TX2044,W2044,W645,0.45,1726230044,ETH
TX2045,W2045,W682,0.46,1726230045,ETH
TX2046,W2046,W719,0.47,1726230046,ETH
TX2047,W2047,W756,0.48,1726230047,ETH
TX2048,W2048,W793,0.49,1726230048,ETH
TX2049,W2049,W830,0.5,1726230049,ETH
TX2050,W2050,W867,0.51,1726230050,ETH
TX2051,W2051,W904,0.52,1726230051,ETH
TX2052,W2052,W941,0.53,1726230052,ETH
TX2053,W2053,W978,0.54,1726230053,ETH
TX2054,W2054,W1015,0.55,1726230054,ETH
TX2055,W2055,W1052,0.56,1726230055,ETH
TX2056,W2056,W1089,0.57,1726230056,ETH
TX2057,W2057,W1126,0.58,1726230057,ETH
TX2058,W2058,W1163,0.59,1726230058,ETH
TX2059,W2059,W1200,0.6,1726230059,ETH
TX2060,W2060,W1237,0.61,1726230060,ETH
TX2061,W2061,W1274,0.62,1726230061,ETH
TX2062,W2062,W1311,0.63,1726230062,ETH
TX2063,W2063,W1348,0.64,1726230063,ETH
TX2064,W2064,W1385,0.65,1726230064,ETH
TX2065,W2065,W1422,0.66,1726230065,ETH
TX2066,W2066,W1459,0.67,1726230066,ETH
TX2067,W2067,W1496,0.68,1726230067,ETH
TX2068,W2068,W1533,0.69,1726230068,ETH
TX2069,W2069,W1570,0.7,1726230069,ETH
TX2070,W2070,W1607,0.71,1726230070,ETH
TX2071,W2071,W1644,0.72,1726230071,ETH
TX2072,W2072,W1681,0.73,1726230072,ETH
TX2073,W2073,W1718,0.74,1726230073,ETH
TX2074,W2074,W1755,0.75,1726230074,ETH
TX2075,W2075,W1792,0.76,1726230075,ETH
TX2076,W2076,W1829,0.77,1726230076,ETH
TX2077,W2077,W1866,0.78,1726230077,ETH
TX2078,W2078,W1903,0.79,1726230078,ETH
TX2079,W2079,W1940,0.8,1726230079,ETH
TX2080,W2080,W1977,0.81,1726230080,ETH
TX2081,W2081,W2014,0.82,1726230081,ETH
TX2082,W2082,W2051,0.83,1726230082,ETH
TX2083,W2083,W2088,0.84,1726230083,ETH
TX2084,W2084,W2125,0.85,1726230084,ETH
TX2085,W2085,W2162,0.86,1726230085,ETH
TX2086,W2086,W2199,0.87,1726230086,ETH
TX2087,W2087,W2236,0.88,1726230087,ETH
TX2088,W2088,W2273,0.89,1726230088,ETH
TX2089,W2089,W2310,0.9,1726230089,ETH
TX2090,W2090,W2347,0.91,1726230090,ETH
TX2091,W2091,W2384,0.92,1726230091,ETH
TX2092,W2092,W2421,0.93,1726230092,ETH
TX2093,W2093,W2458,0.94,1726230093,ETH
TX2094,W2094,W2495,0.95,1726230094,ETH
TX2095,W2095,W32,0.96,1726230095,ETH
TX2096,W2096,W69,0.97,1726230096,ETH
TX2097,W2097,W106,0.98,1726230097,ETH
TX2098,W2098,W143,0.99,1726230098,ETH
TX2099,W2099,W180,1,1726230099,ETH
TX2100,W2100,W217,1.01,1726230100,ETH
TX2101,W2101,W254,1.02,1726230101,ETH
TX2102,W2102,W291,1.03,1726230102,ETH
TX2103,W2103,W328,1.04,1726230103,ETH
TX2104,W2104,W365,1.05,1726230104,ETH
TX2105,W2105,W402,1.06,1726230105,ETH
TX2106,W2106,W439,1.07,1726230106,ETH
TX2107,W2107,W476,1.08,1726230107,ETH
TX2108,W2108,W513,1.09,1726230108,ETH
TX2109,W2109,W550,1.1,1726230109,ETH
TX2110,W2110,W587,1.11,1726230110,ETH
TX2111,W2111,W624,1.12,1726230111,ETH
TX2112,W2112,W661,1.13,1726230112,ETH
TX2113,W2113,W698,1.14,1726230113,ETH
TX2114,W2114,W735,1.15,1726230114,ETH
TX2115,W2115,W772,1.16,1726230115,ETH
TX2116,W2116,W809,1.17,1726230116,ETH
TX2117,W2117,W846,1.18,1726230117,ETH
TX2118,W2118,W883,1.19,1726230118,ETH
TX2119,W2119,W920,1.2,1726230119,ETH
TX2120,W2120,W957,1.21,1726230120,ETH
TX2121,W2121,W994,1.22,1726230121,ETH
TX2122,W2122,W1031,1.23,1726230122,ETH
TX2123,W2123,W1068,1.24,1726230123,ETH
TX2124,W2124,W1105,1.25,1726230124,ETH
TX2125,W2125,W1142,1.26,1726230125,ETH
TX2126,W2126,W1179,1.27,1726230126,ETH
TX2127,W2127,W1216,1.28,1726230127,ETH
TX2128,W2128,W1253,1.29,1726230128,ETH
TX2129,W2129,W1290,1.3,1726230129,ETH
TX2130,W2130,W1327,1.31,1726230130,ETH
TX2131,W2131,W1364,1.32,1726230131,ETH
TX2132,W2132,W1401,1.33,1726230132,ETH
TX2133,W2133,W1438,1.34,1726230133,ETH
TX2134,W2134,W1475,1.35,1726230134,ETH
TX2135,W2135,W1512,1.36,1726230135,ETH
TX2136,W2136,W1549,1.37,1726230136,ETH
TX2137,W2137,W1586,1.38,1726230137,ETH
TX2138,W2138,W1623,1.39,1726230138,ETH
TX2139,W2139,W1660,1.4,1726230139,ETH
TX2140,W2140,W1697,1.41,1726230140,ETH
TX2141,W2141,W1734,1.42,1726230141,ETH
TX2142,W2142,W1771,1.43,1726230142,ETH
TX2143,W2143,W1808,1.44,1726230143,ETH
TX2144,W2144,W1845,1.45,1726230144,ETH
TX2145,W2145,W1882,1.46,1726230145,ETH
TX2146,W2146,W1919,1.47,1726230146,ETH
TX2147,W2147,W1956,1.48,1726230147,ETH
TX2148,W2148,W1993,1.49,1726230148,ETH
TX2149,W2149,W2030,1.5,1726230149,ETH
TX2150,W2150,W2067,1.51,1726230150,ETH
TX2151,W2151,W2104,1.52,1726230151,ETH
TX2152,W2152,W2141,1.53,1726230152,ETH
TX2153,W2153,W2178,1.54,1726230153,ETH
TX2154,W2154,W2215,1.55,1726230154,ETH
TX2155,W2155,W2252,1.56,1726230155,ETH
TX2156,W2156,W2289,1.57,1726230156,ETH
TX2157,W2157,W2326,1.58,1726230157,ETH
TX2158,W2158,W2363,1.59,1726230158,ETH
TX2159,W2159,W2400,1.6,1726230159,ETH
TX2160,W2160,W2437,1.61,1726230160,ETH
TX2161,W2161,W2474,1.62,1726230161,ETH
TX2162,W2162,W11,1.63,1726230162,ETH
TX2163,W2163,W48,1.64,1726230163,ETH
TX2164,W2164,W85,1.65,1726230164,ETH
TX2165,W2165,W122,1.66,1726230165,ETH
TX2166,W2166,W159,1.67,1726230166,ETH
TX2167,W2167,W196,1.68,1726230167,ETH
TX2168,W2168,W233,1.69,1726230168,ETH
TX2169,W2169,W270,1.7,1726230169,ETH
TX2170,W2170,W307,1.71,1726230170,ETH
TX2171,W2171,W344,1.72,1726230171,ETH
TX2172,W2172,W381,1.73,1726230172,ETH
TX2173,W2173,W418,1.74,1726230173,ETH
TX2174,W2174,W455,1.75,1726230174,ETH
TX2175,W2175,W492,1.76,1726230175,ETH
TX2176,W2176,W529,1.77,1726230176,ETH
TX2177,W2177,W566,1.78,1726230177,ETH
TX2178,W2178,W603,1.79,1726230178,ETH
TX2179,W2179,W640,1.8,1726230179,ETH
TX2180,W2180,W677,1.81,1726230180,ETH
TX2181,W2181,W714,1.82,1726230181,ETH
TX2182,W2182,W751,1.83,1726230182,ETH
TX2183,W2183,W788,1.84,1726230183,ETH
TX2184,W2184,W825,1.85,1726230184,ETH
TX2185,W2185,W862,1.86,1726230185,ETH
TX2186,W2186,W899,1.87,1726230186,ETH
TX2187,W2187,W936,1.88,1726230187,ETH
TX2188,W2188,W973,1.89,1726230188,ETH
TX2189,W2189,W1010,1.9,1726230189,ETH
TX2190,W2190,W1047,1.91,1726230190,ETH
TX2191,W2191,W1084,1.92,1726230191,ETH
TX2192,W2192,W1121,1.93,1726230192,ETH
TX2193,W2193,W1158,1.94,1726230193,ETH
TX2194,W2194,W1195,1.95,1726230194,ETH
TX2195,W2195,W1232,1.96,1726230195,ETH
TX2196,W2196,W1269,1.97,1726230196,ETH
TX2197,W2197,W1306,1.98,1726230197,ETH
TX2198,W2198,W1343,1.99,1726230198,ETH
TX2199,W2199,W1380,2,1726230199,ETH
TX2200,W2200,W1417,2.01,1726230200,ETH
TX2201,W2201,W1454,2.02,1726230201,ETH
TX2202,W2202,W1491,2.03,1726230202,ETH
TX2203,W2203,W1528,2.04,1726230203,ETH
TX2204,W2204,W1565,2.05,1726230204,ETH
TX2205,W2205,W1602,2.06,1726230205,ETH
TX2206,W2206,W1639,2.07,1726230206,ETH
TX2207,W2207,W1676,2.08,1726230207,ETH
TX2208,W2208,W1713,2.09,1726230208,ETH
TX2209,W2209,W1750,2.1,1726230209,ETH
TX2210,W2210,W1787,2.11,1726230210,ETH
TX2211,W2211,W1824,2.12,1726230211,ETH
TX2212,W2212,W1861,2.13,1726230212,ETH
TX2213,W2213,W1898,2.14,1726230213,ETH
TX2214,W2214,W1935,2.15,1726230214,ETH
TX2215,W2215,W1972,2.16,1726230215,ETH
TX2216,W2216,W2009,2.17,1726230216,ETH
TX2217,W2217,W2046,2.18,1726230217,ETH
TX2218,W2218,W2083,2.19,1726230218,ETH
TX2219,W2219,W2120,2.2,1726230219,ETH
TX2220,W2220,W2157,2.21,1726230220,ETH
TX2221,W2221,W2194,2.22,1726230221,ETH
TX2222,W2222,W2231,2.23,1726230222,ETH
TX2223,W2223,W2268,2.24,1726230223,ETH
TX2224,W2224,W2305,2.25,1726230224,ETH
TX2225,W2225,W2342,2.26,1726230225,ETH
TX2226,W2226,W2379,2.27,1726230226,ETH
TX2227,W2227,W2416,2.28,1726230227,ETH
TX2228,W2228,W2453,2.29,1726230228,ETH
TX2229,W2229,W2490,2.3,1726230229,ETH
TX2230,W2230,W27,2.31,1726230230,ETH
TX2231,W2231,W64,2.32,1726230231,ETH
TX2232,W2232,W101,2.33,1726230232,ETH
TX2233,W2233,W138,2.34,1726230233,ETH
TX2234,W2234,W175,2.35,1726230234,ETH
TX2235,W2235,W212,2.36,1726230235,ETH
TX2236,W2236,W249,2.37,1726230236,ETH
TX2237,W2237,W286,2.38,1726230237,ETH
TX2238,W2238,W323,2.39,1726230238,ETH
TX2239,W2239,W360,2.4,1726230239,ETH
TX2240,W2240,W397,2.41,1726230240,ETH
TX2241,W2241,W434,2.42,1726230241,ETH
TX2242,W2242,W471,2.43,1726230242,ETH
TX2243,W2243,W508,2.44,1726230243,ETH
TX2244,W2244,W545,2.45,1726230244,ETH
TX2245,W2245,W582,2.46,1726230245,ETH
TX2246,W2246,W619,2.47,1726230246,ETH
TX2247,W2247,W656,2.48,1726230247,ETH
TX2248,W2248,W693,2.49,1726230248,ETH
TX2249,W2249,W730,2.5,1726230249,ETH
TX2250,W2250,W767,2.51,1726230250,ETH
TX2251,W2251,W804,2.52,1726230251,ETH
TX2252,W2252,W841,2.53,1726230252,ETH
TX2253,W2253,W878,2.54,1726230253,ETH
TX2254,W2254,W915,2.55,1726230254,ETH
TX2255,W2255,W952,2.56,1726230255,ETH
TX2256,W2256,W989,2.57,1726230256,ETH
TX2257,W2257,W1026,2.58,1726230257,ETH
TX2258,W2258,W1063,2.59,1726230258,ETH
TX2259,W2259,W1100,2.6,1726230259,ETH
TX2260,W2260,W1137,2.61,1726230260,ETH
TX2261,W2261,W1174,2.62,1726230261,ETH
TX2262,W2262,W1211,2.63,1726230262,ETH
TX2263,W2263,W1248,2.64,1726230263,ETH
TX2264,W2264,W1285,2.65,1726230264,ETH
TX2265,W2265,W1322,2.66,1726230265,ETH
TX2266,W2266,W1359,2.67,1726230266,ETH
TX2267,W2267,W1396,2.68,1726230267,ETH
TX2268,W2268,W1433,2.69,1726230268,ETH
TX2269,W2269,W1470,2.7,1726230269,ETH
TX2270,W2270,W1507,2.71,1726230270,ETH
TX2271,W2271,W1544,2.72,1726230271,ETH
TX2272,W2272,W1581,2.73,1726230272,ETH
TX2273,W2273,W1618,2.74,1726230273,ETH
TX2274,W2274,W1655,2.75,1726230274,ETH
TX2275,W2275,W1692,2.76,1726230275,ETH
TX2276,W2276,W1729,2.77,1726230276,ETH
TX2277,W2277,W1766,2.78,1726230277,ETH
TX2278,W2278,W1803,2.79,1726230278,ETH
TX2279,W2279,W1840,2.8,1726230279,ETH
TX2280,W2280,W1877,2.81,1726230280,ETH
TX2281,W2281,W1914,2.82,1726230281,ETH
TX2282,W2282,W1951,2.83,1726230282,ETH
TX2283,W2283,W1988,2.84,1726230283,ETH
TX2284,W2284,W2025,2.85,1726230284,ETH
TX2285,W2285,W2062,2.86,1726230285,ETH
TX2286,W2286,W2099,2.87,1726230286,ETH
TX2287,W2287,W2136,2.88,1726230287,ETH
TX2288,W2288,W2173,2.89,1726230288,ETH
TX2289,W2289,W2210,2.9,1726230289,ETH
TX2290,W2290,W2247,2.91,1726230290,ETH
TX2291,W2291,W2284,2.92,1726230291,ETH
TX2292,W2292,W2321,2.93,1726230292,ETH
TX2293,W2293,W2358,2.94,1726230293,ETH
TX2294,W2294,W2395,2.95,1726230294,ETH
TX2295,W2295,W2432,2.96,1726230295,ETH
TX2296,W2296,W2469,2.97,1726230296,ETH
TX2297,W2297,W6,2.98,1726230297,ETH
TX2298,W2298,W43,2.99,1726230298,ETH
TX2299,W2299,W80,3,1726230299,ETH
TX2300,W2300,W117,3.01,1726230300,ETH
TX2301,W2301,W154,3.02,1726230301,ETH
TX2302,W2302,W191,3.03,1726230302,ETH
TX2303,W2303,W228,3.04,1726230303,ETH
TX2304,W2304,W265,3.05,1726230304,ETH
TX2305,W2305,W302,3.06,1726230305,ETH
TX2306,W2306,W339,3.07,1726230306,ETH
TX2307,W2307,W376,3.08,1726230307,ETH
TX2308,W2308,W413,3.09,1726230308,ETH
TX2309,W2309,W450,3.1,1726230309,ETH
TX2310,W2310,W487,3.11,1726230310,ETH
TX2311,W2311,W524,3.12,1726230311,ETH
TX2312,W2312,W561,3.13,1726230312,ETH
TX2313,W2313,W598,3.14,1726230313,ETH
TX2314,W2314,W635,3.15,1726230314,ETH
TX2315,W2315,W672,3.16,1726230315,ETH
TX2316,W2316,W709,3.17,1726230316,ETH
TX2317,W2317,W746,3.18,1726230317,ETH
TX2318,W2318,W783,3.19,1726230318,ETH
TX2319,W2319,W820,3.2,1726230319,ETH
TX2320,W2320,W857,3.21,1726230320,ETH
TX2321,W2321,W894,3.22,1726230321,ETH
TX2322,W2322,W931,3.23,1726230322,ETH
TX2323,W2323,W968,3.24,1726230323,ETH
TX2324,W2324,W1005,3.25,1726230324,ETH
TX2325,W2325,W1042,3.26,1726230325,ETH
TX2326,W2326,W1079,3.27,1726230326,ETH
TX2327,W2327,W1116,3.28,1726230327,ETH
TX2328,W2328,W1153,3.29,1726230328,ETH
TX2329,W2329,W1190,3.3,1726230329,ETH
TX2330,W2330,W1227,3.31,1726230330,ETH
TX2331,W2331,W1264,3.32,1726230331,ETH
TX2332,W2332,W1301,3.33,1726230332,ETH
TX2333,W2333,W1338,3.34,1726230333,ETH
TX2334,W2334,W1375,3.35,1726230334,ETH
TX2335,W2335,W1412,3.36,1726230335,ETH
TX2336,W2336,W1449,3.37,1726230336,ETH
TX2337,W2337,W1486,3.38,1726230337,ETH
TX2338,W2338,W1523,3.39,1726230338,ETH
TX2339,W2339,W1560,3.4,1726230339,ETH
TX2340,W2340,W1597,3.41,1726230340,ETH
TX2341,W2341,W1634,3.42,1726230341,ETH
TX2342,W2342,W1671,3.43,1726230342,ETH
TX2343,W2343,W1708,3.44,1726230343,ETH
TX2344,W2344,W1745,3.45,1726230344,ETH
TX2345,W2345,W1782,3.46,1726230345,ETH
TX2346,W2346,W1819,3.47,1726230346,ETH
TX2347,W2347,W1856,3.48,1726230347,ETH
TX2348,W2348,W1893,3.49,1726230348,ETH
TX2349,W2349,W1930,3.5,1726230349,ETH
TX2350,W2350,W1967,3.51,1726230350,ETH
TX2351,W2351,W2004,3.52,1726230351,ETH
TX2352,W2352,W2041,3.53,1726230352,ETH
TX2353,W2353,W2078,3.54,1726230353,ETH
TX2354,W2354,W2115,3.55,1726230354,ETH
TX2355,W2355,W2152,3.56,1726230355,ETH
TX2356,W2356,W2189,3.57,1726230356,ETH
TX2357,W2357,W2226,3.58,1726230357,ETH
TX2358,W2358,W2263,3.59,1726230358,ETH
TX2359,W2359,W2300,3.6,1726230359,ETH
TX2360,W2360,W2337,3.61,1726230360,ETH
TX2361,W2361,W2374,3.62,1726230361,ETH
TX2362,W2362,W2411,3.63,1726230362,ETH
TX2363,W2363,W2448,3.64,1726230363,ETH
TX2364,W2364,W2485,3.65,1726230364,ETH
TX2365,W2365,W22,3.66,1726230365,ETH
TX2366,W2366,W59,3.67,1726230366,ETH
TX2367,W2367,W96,3.68,1726230367,ETH
TX2368,W2368,W133,3.69,1726230368,ETH
TX2369,W2369,W170,3.7,1726230369,ETH
TX2370,W2370,W207,3.71,1726230370,ETH
TX2371,W2371,W244,3.72,1726230371,ETH
TX2372,W2372,W281,3.73,1726230372,ETH
TX2373,W2373,W318,3.74,1726230373,ETH
TX2374,W2374,W355,3.75,1726230374,ETH
TX2375,W2375,W392,3.76,1726230375,ETH
TX2376,W2376,W429,3.77,1726230376,ETH
TX2377,W2377,W466,3.78,1726230377,ETH
TX2378,W2378,W503,3.79,1726230378,ETH
TX2379,W2379,W540,3.8,1726230379,ETH
TX2380,W2380,W577,3.81,1726230380,ETH
TX2381,W2381,W614,3.82,1726230381,ETH
TX2382,W2382,W651,3.83,1726230382,ETH
TX2383,W2383,W688,3.84,1726230383,ETH
TX2384,W2384,W725,3.85,1726230384,ETH
TX2385,W2385,W762,3.86,1726230385,ETH
TX2386,W2386,W799,3.87,1726230386,ETH
TX2387,W2387,W836,3.88,1726230387,ETH
TX2388,W2388,W873,3.89,1726230388,ETH
TX2389,W2389,W910,3.9,1726230389,ETH
TX2390,W2390,W947,3.91,1726230390,ETH
TX2391,W2391,W984,3.92,1726230391,ETH
TX2392,W2392,W1021,3.93,1726230392,ETH
TX2393,W2393,W1058,3.94,1726230393,ETH
TX2394,W2394,W1095,3.95,1726230394,ETH
TX2395,W2395,W1132,3.96,1726230395,ETH
TX2396,W2396,W1169,3.97,1726230396,ETH
TX2397,W2397,W1206,3.98,1726230397,ETH
TX2398,W2398,W1243,3.99,1726230398,ETH
TX2399,W2399,W1280,4,1726230399,ETH
TX2400,W2400,W1317,4.01,1726230400,ETH
TX2401,W2401,W1354,4.02,1726230401,ETH
TX2402,W2402,W1391,4.03,1726230402,ETH
TX2403,W2403,W1428,4.04,1726230403,ETH
TX2404,W2404,W1465,4.05,1726230404,ETH
TX2405,W2405,W1502,4.06,1726230405,ETH
TX2406,W2406,W1539,4.07,1726230406,ETH
TX2407,W2407,W1576,4.08,1726230407,ETH
TX2408,W2408,W1613,4.09,1726230408,ETH
TX2409,W2409,W1650,4.1,1726230409,ETH
TX2410,W2410,W1687,4.11,1726230410,ETH
TX2411,W2411,W1724,4.12,1726230411,ETH
TX2412,W2412,W1761,4.13,1726230412,ETH
TX2413,W2413,W1798,4.14,1726230413,ETH
TX2414,W2414,W1835,4.15,1726230414,ETH
TX2415,W2415,W1872,4.16,1726230415,ETH
TX2416,W2416,W1909,4.17,1726230416,ETH
TX2417,W2417,W1946,4.18,1726230417,ETH
TX2418,W2418,W1983,4.19,1726230418,ETH
TX2419,W2419,W2020,4.2,1726230419,ETH
TX2420,W2420,W2057,4.21,1726230420,ETH
TX2421,W2421,W2094,4.22,1726230421,ETH
TX2422,W2422,W2131,4.23,1726230422,ETH
TX2423,W2423,W2168,4.24,1726230423,ETH
TX2424,W2424,W2205,4.25,1726230424,ETH
TX2425,W2425,W2242,4.26,1726230425,ETH
TX2426,W2426,W2279,4.27,1726230426,ETH
TX2427,W2427,W2316,4.28,1726230427,ETH
TX2428,W2428,W2353,4.29,1726230428,ETH
TX2429,W2429,W2390,4.3,1726230429,ETH
TX2430,W2430,W2427,4.31,1726230430,ETH
TX2431,W2431,W2464,4.32,1726230431,ETH
TX2432,W2432,W1,4.33,1726230432,ETH
TX2433,W2433,W38,4.34,1726230433,ETH
TX2434,W2434,W75,4.35,1726230434,ETH
TX2435,W2435,W112,4.36,1726230435,ETH
TX2436,W2436,W149,4.37,1726230436,ETH
TX2437,W2437,W186,4.38,1726230437,ETH
TX2438,W2438,W223,4.39,1726230438,ETH
TX2439,W2439,W260,4.4,1726230439,ETH
TX2440,W2440,W297,4.41,1726230440,ETH
TX2441,W2441,W334,4.42,1726230441,ETH
TX2442,W2442,W371,4.43,1726230442,ETH
TX2443,W2443,W408,4.44,1726230443,ETH
TX2444,W2444,W445,4.45,1726230444,ETH
TX2445,W2445,W482,4.46,1726230445,ETH
TX2446,W2446,W519,4.47,1726230446,ETH
TX2447,W2447,W556,4.48,1726230447,ETH
TX2448,W2448,W593,4.49,1726230448,ETH
TX2449,W2449,W630,4.5,1726230449,ETH
TX2450,W2450,W667,4.51,1726230450,ETH
TX2451,W2451,W704,4.52,1726230451,ETH
TX2452,W2452,W741,4.53,1726230452,ETH
TX2453,W2453,W778,4.54,1726230453,ETH
TX2454,W2454,W815,4.55,1726230454,ETH
TX2455,W2455,W852,4.56,1726230455,ETH
TX2456,W2456,W889,4.57,1726230456,ETH
TX2457,W2457,W926,4.58,1726230457,ETH
TX2458,W2458,W963,4.59,1726230458,ETH
TX2459,W2459,W1000,4.6,1726230459,ETH
TX2460,W2460,W1037,4.61,1726230460,ETH
TX2461,W2461,W1074,4.62,1726230461,ETH
TX2462,W2462,W1111,4.63,1726230462,ETH
TX2463,W2463,W1148,4.64,1726230463,ETH
TX2464,W2464,W1185,4.65,1726230464,ETH
TX2465,W2465,W1222,4.66,1726230465,ETH
TX2466,W2466,W1259,4.67,1726230466,ETH
TX2467,W2467,W1296,4.68,1726230467,ETH
TX2468,W2468,W1333,4.69,1726230468,ETH
TX2469,W2469,W1370,4.7,1726230469,ETH
TX2470,W2470,W1407,4.71,1726230470,ETH
TX2471,W2471,W1444,4.72,1726230471,ETH
TX2472,W2472,W1481,4.73,1726230472,ETH
TX2473,W2473,W1518,4.74,1726230473,ETH
TX2474,W2474,W1555,4.75,1726230474,ETH
TX2475,W2475,W1592,4.76,1726230475,ETH
TX2476,W2476,W1629,4.77,1726230476,ETH
TX2477,W2477,W1666,4.78,1726230477,ETH
TX2478,W2478,W1703,4.79,1726230478,ETH
TX2479,W2479,W1740,4.8,1726230479,ETH
TX2480,W2480,W1777,4.81,1726230480,ETH
TX2481,W2481,W1814,4.82,1726230481,ETH
TX2482,W2482,W1851,4.83,1726230482,ETH
TX2483,W2483,W1888,4.84,1726230483,ETH
TX2484,W2484,W1925,4.85,1726230484,ETH
TX2485,W2485,W1962,4.86,1726230485,ETH
TX2486,W2486,W1999,4.87,1726230486,ETH
TX2487,W2487,W2036,4.88,1726230487,ETH
TX2488,W2488,W2073,4.89,1726230488,ETH
TX2489,W2489,W2110,4.9,1726230489,ETH
TX2490,W2490,W2147,4.91,1726230490,ETH
TX2491,W2491,W2184,4.92,1726230491,ETH
TX2492,W2492,W2221,4.93,1726230492,ETH
TX2493,W2493,W2258,4.94,1726230493,ETH
TX2494,W2494,W2295,4.95,1726230494,ETH
TX2495,W2495,W2332,4.96,1726230495,ETH
TX2496,W2496,W2369,4.97,1726230496,ETH
TX2497,W2497,W2406,4.98,1726230497,ETH
TX2498,W2498,W2443,4.99,1726230498,ETH
TX2499,W2499,W2480,5,1726230499,ETH
TX2500,W0,W17,5.01,1726230500,ETH
TX2501,W1,W54,5.02,1726230501,ETH
TX2502,W2,W91,5.03,1726230502,ETH
TX2503,W3,W128,5.04,1726230503,ETH
TX2504,W4,W165,5.05,1726230504,ETH
TX2505,W5,W202,5.06,1726230505,ETH
TX2506,W6,W239,5.07,1726230506,ETH
TX2507,W7,W276,5.08,1726230507,ETH
TX2508,W8,W313,5.09,1726230508,ETH
TX2509,W9,W350,5.1,1726230509,ETH
TX2510,W10,W387,5.11,1726230510,ETH
TX2511,W11,W424,5.12,1726230511,ETH
TX2512,W12,W461,5.13,1726230512,ETH
TX2513,W13,W498,5.14,1726230513,ETH
TX2514,W14,W535,5.15,1726230514,ETH
TX2515,W15,W572,5.16,1726230515,ETH
TX2516,W16,W609,5.17,1726230516,ETH
TX2517,W17,W646,5.18,1726230517,ETH
TX2518,W18,W683,5.19,1726230518,ETH
TX2519,W19,W720,5.2,1726230519,ETH
TX2520,W20,W757,5.21,1726230520,ETH
TX2521,W21,W794,5.22,1726230521,ETH
TX2522,W22,W831,5.23,1726230522,ETH
TX2523,W23,W868,5.24,1726230523,ETH
TX2524,W24,W905,5.25,1726230524,ETH
TX2525,W25,W942,5.26,1726230525,ETH
TX2526,W26,W979,5.27,1726230526,ETH
TX2527,W27,W1016,5.28,1726230527,ETH
TX2528,W28,W1053,5.29,1726230528,ETH
TX2529,W29,W1090,5.3,1726230529,ETH
TX2530,W30,W1127,5.31,1726230530,ETH
TX2531,W31,W1164,5.32,1726230531,ETH
TX2532,W32,W1201,5.33,1726230532,ETH
TX2533,W33,W1238,5.34,1726230533,ETH
TX2534,W34,W1275,5.35,1726230534,ETH
TX2535,W35,W1312,5.36,1726230535,ETH
TX2536,W36,W1349,5.37,1726230536,ETH
TX2537,W37,W1386,5.38,1726230537,ETH
TX2538,W38,W1423,5.39,1726230538,ETH
TX2539,W39,W1460,5.4,1726230539,ETH
TX2540,W40,W1497,5.41,1726230540,ETH
TX2541,W41,W1534,5.42,1726230541,ETH
TX2542,W42,W1571,5.43,1726230542,ETH
TX2543,W43,W1608,5.44,1726230543,ETH
TX2544,W44,W1645,5.45,1726230544,ETH
TX2545,W45,W1682,5.46,1726230545,ETH
TX2546,W46,W1719,5.47,1726230546,ETH
TX2547,W47,W1756,5.48,1726230547,ETH
TX2548,W48,W1793,5.49,1726230548,ETH
TX2549,W49,W1830,5.5,1726230549,ETH
TX2550,W50,W1867,5.51,1726230550,ETH
TX2551,W51,W1904,5.52,1726230551,ETH
TX2552,W52,W1941,5.53,1726230552,ETH
TX2553,W53,W1978,5.54,1726230553,ETH
TX2554,W54,W2015,5.55,1726230554,ETH
TX2555,W55,W2052,5.56,1726230555,ETH
TX2556,W56,W2089,5.57,1726230556,ETH
TX2557,W57,W2126,5.58,1726230557,ETH
TX2558,W58,W2163,5.59,1726230558,ETH
TX2559,W59,W2200,5.6,1726230559,ETH
TX2560,W60,W2237,5.61,1726230560,ETH
TX2561,W61,W2274,5.62,1726230561,ETH
TX2562,W62,W2311,5.63,1726230562,ETH
TX2563,W63,W2348,5.64,1726230563,ETH
TX2564,W64,W2385,5.65,1726230564,ETH
TX2565,W65,W2422,5.66,1726230565,ETH
TX2566,W66,W2459,5.67,1726230566,ETH
TX2567,W67,W2496,5.68,1726230567,ETH
TX2568,W68,W33,5.69,1726230568,ETH
TX2569,W69,W70,5.7,1726230569,ETH
TX2570,W70,W107,5.71,1726230570,ETH
TX2571,W71,W144,5.72,1726230571,ETH
TX2572,W72,W181,5.73,1726230572,ETH
TX2573,W73,W218,5.74,1726230573,ETH
TX2574,W74,W255,5.75,1726230574,ETH
TX2575,W75,W292,5.76,1726230575,ETH
TX2576,W76,W329,5.77,1726230576,ETH
TX2577,W77,W366,5.78,1726230577,ETH
TX2578,W78,W403,5.79,1726230578,ETH
TX2579,W79,W440,5.8,1726230579,ETH
TX2580,W80,W477,5.81,1726230580,ETH
TX2581,W81,W514,5.82,1726230581,ETH
TX2582,W82,W551,5.83,1726230582,ETH
TX2583,W83,W588,5.84,1726230583,ETH
TX2584,W84,W625,5.85,1726230584,ETH
TX2585,W85,W662,5.86,1726230585,ETH
TX2586,W86,W699,5.87,1726230586,ETH
TX2587,W87,W736,5.88,1726230587,ETH
TX2588,W88,W773,5.89,1726230588,ETH
TX2589,W89,W810,5.9,1726230589,ETH
TX2590,W90,W847,5.91,1726230590,ETH
TX2591,W91,W884,5.92,1726230591,ETH
TX2592,W92,W921,5.93,1726230592,ETH
TX2593,W93,W958,5.94,1726230593,ETH
TX2594,W94,W995,5.95,1726230594,ETH
TX2595,W95,W1032,5.96,1726230595,ETH
TX2596,W96,W1069,5.97,1726230596,ETH
TX2597,W97,W1106,5.98,1726230597,ETH
TX2598,W98,W1143,5.99,1726230598,ETH
TX2599,W99,W1180,6,1726230599,ETH
TX2600,W100,W1217,6.01,1726230600,ETH
TX2601,W101,W1254,6.02,1726230601,ETH
TX2602,W102,W1291,6.03,1726230602,ETH
TX2603,W103,W1328,6.04,1726230603,ETH
TX2604,W104,W1365,6.05,1726230604,ETH
TX2605,W105,W1402,6.06,1726230605,ETH
TX2606,W106,W1439,6.07,1726230606,ETH
TX2607,W107,W1476,6.08,1726230607,ETH
TX2608,W108,W1513,6.09,1726230608,ETH
TX2609,W109,W1550,6.1,1726230609,ETH
TX2610,W110,W1587,6.11,1726230610,ETH
TX2611,W111,W1624,6.12,1726230611,ETH
TX2612,W112,W1661,6.13,1726230612,ETH
TX2613,W113,W1698,6.14,1726230613,ETH
TX2614,W114,W1735,6.15,1726230614,ETH
TX2615,W115,W1772,6.16,1726230615,ETH
TX2616,W116,W1809,6.17,1726230616,ETH
TX2617,W117,W1846,6.18,1726230617,ETH
TX2618,W118,W1883,6.19,1726230618,ETH
TX2619,W119,W1920,6.2,1726230619,ETH
TX2620,W120,W1957,6.21,1726230620,ETH
TX2621,W121,W1994,6.22,1726230621,ETH
TX2622,W122,W2031,6.23,1726230622,ETH
TX2623,W123,W2068,6.24,1726230623,ETH
TX2624,W124,W2105,6.25,1726230624,ETH
TX2625,W125,W2142,6.26,1726230625,ETH
TX2626,W126,W2179,6.27,1726230626,ETH
TX2627,W127,W2216,6.28,1726230627,ETH
TX2628,W128,W2253,6.29,1726230628,ETH
TX2629,W129,W2290,6.3,1726230629,ETH
TX2630,W130,W2327,6.31,1726230630,ETH
TX2631,W131,W2364,6.32,1726230631,ETH
TX2632,W132,W2401,6.33,1726230632,ETH
TX2633,W133,W2438,6.34,1726230633,ETH
TX2634,W134,W2475,6.35,1726230634,ETH
TX2635,W135,W12,6.36,1726230635,ETH
TX2636,W136,W49,6.37,1726230636,ETH
TX2637,W137,W86,6.38,1726230637,ETH
TX2638,W138,W123,6.39,1726230638,ETH
TX2639,W139,W160,6.4,1726230639,ETH
TX2640,W140,W197,6.41,1726230640,ETH
TX2641,W141,W234,6.42,1726230641,ETH
TX2642,W142,W271,6.43,1726230642,ETH
TX2643,W143,W308,6.44,1726230643,ETH
TX2644,W144,W345,6.45,1726230644,ETH
TX2645,W145,W382,6.46,1726230645,ETH
TX2646,W146,W419,6.47,1726230646,ETH
TX2647,W147,W456,6.48,1726230647,ETH
TX2648,W148,W493,6.49,1726230648,ETH
TX2649,W149,W530,6.5,1726230649,ETH
TX2650,W150,W567,6.51,1726230650,ETH
TX2651,W151,W604,6.52,1726230651,ETH
TX2652,W152,W641,6.53,1726230652,ETH
TX2653,W153,W678,6.54,1726230653,ETH
TX2654,W154,W715,6.55,1726230654,ETH
TX2655,W155,W752,6.56,1726230655,ETH
TX2656,W156,W789,6.57,1726230656,ETH
TX2657,W157,W826,6.58,1726230657,ETH
TX2658,W158,W863,6.59,1726230658,ETH
TX2659,W159,W900,6.6,1726230659,ETH
TX2660,W160,W937,6.61,1726230660,ETH
TX2661,W161,W974,6.62,1726230661,ETH
TX2662,W162,W1011,6.63,1726230662,ETH
TX2663,W163,W1048,6.64,1726230663,ETH
TX2664,W164,W1085,6.65,1726230664,ETH
TX2665,W165,W1122,6.66,1726230665,ETH
TX2666,W166,W1159,6.67,1726230666,ETH
TX2667,W167,W1196,6.68,1726230667,ETH
TX2668,W168,W1233,6.69,1726230668,ETH
TX2669,W169,W1270,6.7,1726230669,ETH
TX2670,W170,W1307,6.71,1726230670,ETH
TX2671,W171,W1344,6.72,1726230671,ETH
TX2672,W172,W1381,6.73,1726230672,ETH
TX2673,W173,W1418,6.74,1726230673,ETH
TX2674,W174,W1455,6.75,1726230674,ETH
TX2675,W175,W1492,6.76,1726230675,ETH
TX2676,W176,W1529,6.77,1726230676,ETH
TX2677,W177,W1566,6.78,1726230677,ETH
TX2678,W178,W1603,6.79,1726230678,ETH
TX2679,W179,W1640,6.8,1726230679,ETH
TX2680,W180,W1677,6.81,1726230680,ETH
TX2681,W181,W1714,6.82,1726230681,ETH
TX2682,W182,W1751,6.83,1726230682,ETH
TX2683,W183,W1788,6.84,1726230683,ETH
TX2684,W184,W1825,6.85,1726230684,ETH
TX2685,W185,W1862,6.86,1726230685,ETH
TX2686,W186,W1899,6.87,1726230686,ETH
TX2687,W187,W1936,6.88,1726230687,ETH
TX2688,W188,W1973,6.89,1726230688,ETH
TX2689,W189,W2010,6.9,1726230689,ETH
TX2690,W190,W2047,6.91,1726230690,ETH
TX2691,W191,W2084,6.92,1726230691,ETH
TX2692,W192,W2121,6.93,1726230692,ETH
TX2693,W193,W2158,6.94,1726230693,ETH
TX2694,W194,W2195,6.95,1726230694,ETH
TX2695,W195,W2232,6.96,1726230695,ETH
TX2696,W196,W2269,6.97,1726230696,ETH
TX2697,W197,W2306,6.98,1726230697,ETH
TX2698,W198,W2343,6.99,1726230698,ETH
TX2699,W199,W2380,7,1726230699,ETH
TX2700,W200,W2417,7.01,1726230700,ETH
TX2701,W201,W2454,7.02,1726230701,ETH
TX2702,W202,W2491,7.03,1726230702,ETH
TX2703,W203,W28,7.04,1726230703,ETH
TX2704,W204,W65,7.05,1726230704,ETH
TX2705,W205,W102,7.06,1726230705,ETH
TX2706,W206,W139,7.07,1726230706,ETH
TX2707,W207,W176,7.08,1726230707,ETH
TX2708,W208,W213,7.09,1726230708,ETH
TX2709,W209,W250,7.1,1726230709,ETH
TX2710,W210,W287,7.11,1726230710,ETH
TX2711,W211,W324,7.12,1726230711,ETH
TX2712,W212,W361,7.13,1726230712,ETH
TX2713,W213,W398,7.14,1726230713,ETH
TX2714,W214,W435,7.15,1726230714,ETH
TX2715,W215,W472,7.16,1726230715,ETH
TX2716,W216,W509,7.17,1726230716,ETH
TX2717,W217,W546,7.18,1726230717,ETH
TX2718,W218,W583,7.19,1726230718,ETH
TX2719,W219,W620,7.2,1726230719,ETH
TX2720,W220,W657,7.21,1726230720,ETH
TX2721,W221,W694,7.22,1726230721,ETH
TX2722,W222,W731,7.23,1726230722,ETH
TX2723,W223,W768,7.24,1726230723,ETH
TX2724,W224,W805,7.25,1726230724,ETH
TX2725,W225,W842,7.26,1726230725,ETH
TX2726,W226,W879,7.27,1726230726,ETH
TX2727,W227,W916,7.28,1726230727,ETH
TX2728,W228,W953,7.29,1726230728,ETH
TX2729,W229,W990,7.3,1726230729,ETH
TX2730,W230,W1027,7.31,1726230730,ETH
TX2731,W231,W1064,7.32,1726230731,ETH
TX2732,W232,W1101,7.33,1726230732,ETH
TX2733,W233,W1138,7.34,1726230733,ETH
TX2734,W234,W1175,7.35,1726230734,ETH
TX2735,W235,W1212,7.36,1726230735,ETH
TX2736,W236,W1249,7.37,1726230736,ETH
TX2737,W237,W1286,7.38,1726230737,ETH
TX2738,W238,W1323,7.39,1726230738,ETH
TX2739,W239,W1360,7.4,1726230739,ETH
TX2740,W240,W1397,7.41,1726230740,ETH
TX2741,W241,W1434,7.42,1726230741,ETH
TX2742,W242,W1471,7.43,1726230742,ETH
TX2743,W243,W1508,7.44,1726230743,ETH
TX2744,W244,W1545,7.45,1726230744,ETH
TX2745,W245,W1582,7.46,1726230745,ETH
TX2746,W246,W1619,7.47,1726230746,ETH
TX2747,W247,W1656,7.48,1726230747,ETH
TX2748,W248,W1693,7.49,1726230748,ETH
TX2749,W249,W1730,7.5,1726230749,ETH
TX2750,W250,W1767,7.51,1726230750,ETH
TX2751,W251,W1804,7.52,1726230751,ETH
TX2752,W252,W1841,7.53,1726230752,ETH
TX2753,W253,W1878,7.54,1726230753,ETH
TX2754,W254,W1915,7.55,1726230754,ETH
TX2755,W255,W1952,7.56,1726230755,ETH
TX2756,W256,W1989,7.57,1726230756,ETH
TX2757,W257,W2026,7.58,1726230757,ETH
TX2758,W258,W2063,7.59,1726230758,ETH
TX2759,W259,W2100,7.6,1726230759,ETH
TX2760,W260,W2137,7.61,1726230760,ETH
TX2761,W261,W2174,7.62,1726230761,ETH
TX2762,W262,W2211,7.63,1726230762,ETH
TX2763,W263,W2248,7.64,1726230763,ETH
TX2764,W264,W2285,7.65,1726230764,ETH
TX2765,W265,W2322,7.66,1726230765,ETH
TX2766,W266,W2359,7.67,1726230766,ETH
TX2767,W267,W2396,7.68,1726230767,ETH
TX2768,W268,W2433,7.69,1726230768,ETH
TX2769,W269,W2470,7.7,1726230769,ETH
TX2770,W270,W7,7.71,1726230770,ETH
TX2771,W271,W44,7.72,1726230771,ETH
TX2772,W272,W81,7.73,1726230772,ETH
TX2773,W273,W118,7.74,1726230773,ETH
TX2774,W274,W155,7.75,1726230774,ETH
TX2775,W275,W192,7.76,1726230775,ETH
TX2776,W276,W229,7.77,1726230776,ETH
TX2777,W277,W266,7.78,1726230777,ETH
TX2778,W278,W303,7.79,1726230778,ETH
TX2779,W279,W340,7.8,1726230779,ETH
TX2780,W280,W377,7.81,1726230780,ETH
TX2781,W281,W414,7.82,1726230781,ETH
TX2782,W282,W451,7.83,1726230782,ETH
TX2783,W283,W488,7.84,1726230783,ETH
TX2784,W284,W525,7.85,1726230784,ETH
TX2785,W285,W562,7.86,1726230785,ETH
TX2786,W286,W599,7.87,1726230786,ETH
TX2787,W287,W636,7.88,1726230787,ETH
TX2788,W288,W673,7.89,1726230788,ETH
TX2789,W289,W710,7.9,1726230789,ETH
TX2790,W290,W747,7.91,1726230790,ETH
TX2791,W291,W784,7.92,1726230791,ETH
TX2792,W292,W821,7.93,1726230792,ETH
TX2793,W293,W858,7.94,1726230793,ETH
TX2794,W294,W895,7.95,1726230794,ETH
TX2795,W295,W932,7.96,1726230795,ETH
TX2796,W296,W969,7.97,1726230796,ETH
TX2797,W297,W1006,7.98,1726230797,ETH
TX2798,W298,W1043,7.99,1726230798,ETH
TX2799,W299,W1080,8,1726230799,ETH
TX2800,W300,W1117,8.01,1726230800,ETH
TX2801,W301,W1154,8.02,1726230801,ETH
TX2802,W302,W1191,8.03,1726230802,ETH
TX2803,W303,W1228,8.04,1726230803,ETH
TX2804,W304,W1265,8.05,1726230804,ETH
TX2805,W305,W1302,8.06,1726230805,ETH
TX2806,W306,W1339,8.07,1726230806,ETH
TX2807,W307,W1376,8.08,1726230807,ETH
TX2808,W308,W1413,8.09,1726230808,ETH
TX2809,W309,W1450,8.1,1726230809,ETH
TX2810,W310,W1487,8.11,1726230810,ETH
TX2811,W311,W1524,8.12,1726230811,ETH
TX2812,W312,W1561,8.13,1726230812,ETH
TX2813,W313,W1598,8.14,1726230813,ETH
TX2814,W314,W1635,8.15,1726230814,ETH
TX2815,W315,W1672,8.16,1726230815,ETH
TX2816,W316,W1709,8.17,1726230816,ETH
TX2817,W317,W1746,8.18,1726230817,ETH
TX2818,W318,W1783,8.19,1726230818,ETH
TX2819,W319,W1820,8.2,1726230819,ETH
TX2820,W320,W1857,8.21,1726230820,ETH
TX2821,W321,W1894,8.22,1726230821,ETH
TX2822,W322,W1931,8.23,1726230822,ETH
TX2823,W323,W1968,8.24,1726230823,ETH
TX2824,W324,W2005,8.25,1726230824,ETH
TX2825,W325,W2042,8.26,1726230825,ETH
TX2826,W326,W2079,8.27,1726230826,ETH
TX2827,W327,W2116,8.28,1726230827,ETH
TX2828,W328,W2153,8.29,1726230828,ETH
TX2829,W329,W2190,8.3,1726230829,ETH
TX2830,W330,W2227,8.31,1726230830,ETH
TX2831,W331,W2264,8.32,1726230831,ETH
TX2832,W332,W2301,8.33,1726230832,ETH
TX2833,W333,W2338,8.34,1726230833,ETH
TX2834,W334,W2375,8.35,1726230834,ETH
TX2835,W335,W2412,8.36,1726230835,ETH
TX2836,W336,W2449,8.37,1726230836,ETH
TX2837,W337,W2486,8.38,1726230837,ETH
TX2838,W338,W23,8.39,1726230838,ETH
TX2839,W339,W60,8.4,1726230839,ETH
TX2840,W340,W97,8.41,1726230840,ETH
TX2841,W341,W134,8.42,1726230841,ETH
TX2842,W342,W171,8.43,1726230842,ETH
TX2843,W343,W208,8.44,1726230843,ETH
TX2844,W344,W245,8.45,1726230844,ETH
TX2845,W345,W282,8.46,1726230845,ETH
TX2846,W346,W319,8.47,1726230846,ETH
TX2847,W347,W356,8.48,1726230847,ETH
TX2848,W348,W393,8.49,1726230848,ETH
TX2849,W349,W430,8.5,1726230849,ETH
TX2850,W350,W467,8.51,1726230850,ETH
TX2851,W351,W504,8.52,1726230851,ETH
TX2852,W352,W541,8.53,1726230852,ETH
TX2853,W353,W578,8.54,1726230853,ETH
TX2854,W354,W615,8.55,1726230854,ETH
TX2855,W355,W652,8.56,1726230855,ETH
TX2856,W356,W689,8.57,1726230856,ETH
TX2857,W357,W726,8.58,1726230857,ETH
TX2858,W358,W763,8.59,1726230858,ETH
TX2859,W359,W800,8.6,1726230859,ETH
TX2860,W360,W837,8.61,1726230860,ETH
TX2861,W361,W874,8.62,1726230861,ETH
TX2862,W362,W911,8.63,1726230862,ETH
TX2863,W363,W948,8.64,1726230863,ETH
TX2864,W364,W985,8.65,1726230864,ETH
TX2865,W365,W1022,8.66,1726230865,ETH
TX2866,W366,W1059,8.67,1726230866,ETH
TX2867,W367,W1096,8.68,1726230867,ETH
TX2868,W368,W1133,8.69,1726230868,ETH
TX2869,W369,W1170,8.7,1726230869,ETH
TX2870,W370,W1207,8.71,1726230870,ETH
TX2871,W371,W1244,8.72,1726230871,ETH
TX2872,W372,W1281,8.73,1726230872,ETH
TX2873,W373,W1318,8.74,1726230873,ETH
TX2874,W374,W1355,8.75,1726230874,ETH
TX2875,W375,W1392,8.76,1726230875,ETH
TX2876,W376,W1429,8.77,1726230876,ETH
TX2877,W377,W1466,8.78,1726230877,ETH
TX2878,W378,W1503,8.79,1726230878,ETH
TX2879,W379,W1540,8.8,1726230879,ETH
TX2880,W380,W1577,8.81,1726230880,ETH
TX2881,W381,W1614,8.82,1726230881,ETH
TX2882,W382,W1651,8.83,1726230882,ETH
TX2883,W383,W1688,8.84,1726230883,ETH
TX2884,W384,W1725,8.85,1726230884,ETH
TX2885,W385,W1762,8.86,1726230885,ETH
TX2886,W386,W1799,8.87,1726230886,ETH
TX2887,W387,W1836,8.88,1726230887,ETH
TX2888,W388,W1873,8.89,1726230888,ETH
TX2889,W389,W1910,8.9,1726230889,ETH
TX2890,W390,W1947,8.91,1726230890,ETH
TX2891,W391,W1984,8.92,1726230891,ETH
TX2892,W392,W2021,8.93,1726230892,ETH
TX2893,W393,W2058,8.94,1726230893,ETH
TX2894,W394,W2095,8.95,1726230894,ETH
TX2895,W395,W2132,8.96,1726230895,ETH
TX2896,W396,W2169,8.97,1726230896,ETH
TX2897,W397,W2206,8.98,1726230897,ETH
TX2898,W398,W2243,8.99,1726230898,ETH
TX2899,W399,W2280,9,1726230899,ETH
TX2900,W400,W2317,9.01,1726230900,ETH
TX2901,W401,W2354,9.02,1726230901,ETH
TX2902,W402,W2391,9.03,1726230902,ETH
TX2903,W403,W2428,9.04,1726230903,ETH
TX2904,W404,W2465,9.05,1726230904,ETH
TX2905,W405,W2,9.06,1726230905,ETH
TX2906,W406,W39,9.07,1726230906,ETH
TX2907,W407,W76,9.08,1726230907,ETH
TX2908,W408,W113,9.09,1726230908,ETH
TX2909,W409,W150,9.1,1726230909,ETH
TX2910,W410,W187,9.11,1726230910,ETH
TX2911,W411,W224,9.12,1726230911,ETH
TX2912,W412,W261,9.13,1726230912,ETH
TX2913,W413,W298,9.14,1726230913,ETH
TX2914,W414,W335,9.15,1726230914,ETH
TX2915,W415,W372,9.16,1726230915,ETH
TX2916,W416,W409,9.17,1726230916,ETH
TX2917,W417,W446,9.18,1726230917,ETH
TX2918,W418,W483,9.19,1726230918,ETH
TX2919,W419,W520,9.2,1726230919,ETH
TX2920,W420,W557,9.21,1726230920,ETH
TX2921,W421,W594,9.22,1726230921,ETH
TX2922,W422,W631,9.23,1726230922,ETH
TX2923,W423,W668,9.24,1726230923,ETH
TX2924,W424,W705,9.25,1726230924,ETH
TX2925,W425,W742,9.26,1726230925,ETH
TX2926,W426,W779,9.27,1726230926,ETH
TX2927,W427,W816,9.28,1726230927,ETH
TX2928,W428,W853,9.29,1726230928,ETH
TX2929,W429,W890,9.3,1726230929,ETH
TX2930,W430,W927,9.31,1726230930,ETH
TX2931,W431,W964,9.32,1726230931,ETH
TX2932,W432,W1001,9.33,1726230932,ETH
TX2933,W433,W1038,9.34,1726230933,ETH
TX2934,W434,W1075,9.35,1726230934,ETH
TX2935,W435,W1112,9.36,1726230935,ETH
TX2936,W436,W1149,9.37,1726230936,ETH
TX2937,W437,W1186,9.38,1726230937,ETH
TX2938,W438,W1223,9.39,1726230938,ETH
TX2939,W439,W1260,9.4,1726230939,ETH
TX2940,W440,W1297,9.41,1726230940,ETH
TX2941,W441,W1334,9.42,1726230941,ETH
TX2942,W442,W1371,9.43,1726230942,ETH
TX2943,W443,W1408,9.44,1726230943,ETH
TX2944,W444,W1445,9.45,1726230944,ETH
TX2945,W445,W1482,9.46,1726230945,ETH
TX2946,W446,W1519,9.47,1726230946,ETH
TX2947,W447,W1556,9.48,1726230947,ETH
TX2948,W448,W1593,9.49,1726230948,ETH
TX2949,W449,W1630,9.5,1726230949,ETH
TX2950,W450,W1667,9.51,1726230950,ETH
TX2951,W451,W1704,9.52,1726230951,ETH
TX2952,W452,W1741,9.53,1726230952,ETH
TX2953,W453,W1778,9.54,1726230953,ETH
TX2954,W454,W1815,9.55,1726230954,ETH
TX2955,W455,W1852,9.56,1726230955,ETH
TX2956,W456,W1889,9.57,1726230956,ETH
TX2957,W457,W1926,9.58,1726230957,ETH
TX2958,W458,W1963,9.59,1726230958,ETH
TX2959,W459,W2000,9.6,1726230959,ETH
TX2960,W460,W2037,9.61,1726230960,ETH
TX2961,W461,W2074,9.62,1726230961,ETH
TX2962,W462,W2111,9.63,1726230962,ETH
TX2963,W463,W2148,9.64,1726230963,ETH
TX2964,W464,W2185,9.65,1726230964,ETH
TX2965,W465,W2222,9.66,1726230965,ETH
TX2966,W466,W2259,9.67,1726230966,ETH
TX2967,W467,W2296,9.68,1726230967,ETH
TX2968,W468,W2333,9.69,1726230968,ETH
TX2969,W469,W2370,9.7,1726230969,ETH
TX2970,W470,W2407,9.71,1726230970,ETH
TX2971,W471,W2444,9.72,1726230971,ETH
TX2972,W472,W2481,9.73,1726230972,ETH
TX2973,W473,W18,9.74,1726230973,ETH
TX2974,W474,W55,9.75,1726230974,ETH
TX2975,W475,W92,9.76,1726230975,ETH
TX2976,W476,W129,9.77,1726230976,ETH
TX2977,W477,W166,9.78,1726230977,ETH
TX2978,W478,W203,9.79,1726230978,ETH
TX2979,W479,W240,9.8,1726230979,ETH
TX2980,W480,W277,9.81,1726230980,ETH
TX2981,W481,W314,9.82,1726230981,ETH
TX2982,W482,W351,9.83,1726230982,ETH
TX2983,W483,W388,9.84,1726230983,ETH
TX2984,W484,W425,9.85,1726230984,ETH
TX2985,W485,W462,9.86,1726230985,ETH
TX2986,W486,W499,9.87,1726230986,ETH
TX2987,W487,W536,9.88,1726230987,ETH
TX2988,W488,W573,9.89,1726230988,ETH
TX2989,W489,W610,9.9,1726230989,ETH
TX2990,W490,W647,9.91,1726230990,ETH
TX2991,W491,W684,9.92,1726230991,ETH
TX2992,W492,W721,9.93,1726230992,ETH
TX2993,W493,W758,9.94,1726230993,ETH
TX2994,W494,W795,9.95,1726230994,ETH
TX2995,W495,W832,9.96,1726230995,ETH
TX2996,W496,W869,9.97,1726230996,ETH
TX2997,W497,W906,9.98,1726230997,ETH
TX2998,W498,W943,9.99,1726230998,ETH
TX2999,W499,W980,10,1726230999,ETH
TX3000,W500,W1017,0.01,1726231000,ETH
TX3001,W501,W1054,0.02,1726231001,ETH
TX3002,W502,W1091,0.03,1726231002,ETH
TX3003,W503,W1128,0.04,1726231003,ETH
TX3004,W504,W1165,0.05,1726231004,ETH
TX3005,W505,W1202,0.06,1726231005,ETH
TX3006,W506,W1239,0.07,1726231006,ETH
TX3007,W507,W1276,0.08,1726231007,ETH
TX3008,W508,W1313,0.09,1726231008,ETH
TX3009,W509,W1350,0.1,1726231009,ETH
TX3010,W510,W1387,0.11,1726231010,ETH
TX3011,W511,W1424,0.12,1726231011,ETH
TX3012,W512,W1461,0.13,1726231012,ETH
TX3013,W513,W1498,0.14,1726231013,ETH
TX3014,W514,W1535,0.15,1726231014,ETH
TX3015,W515,W1572,0.16,1726231015,ETH
TX3016,W516,W1609,0.17,1726231016,ETH
TX3017,W517,W1646,0.18,1726231017,ETH
TX3018,W518,W1683,0.19,1726231018,ETH
TX3019,W519,W1720,0.2,1726231019,ETH
TX3020,W520,W1757,0.21,1726231020,ETH
TX3021,W521,W1794,0.22,1726231021,ETH
TX3022,W522,W1831,0.23,1726231022,ETH
TX3023,W523,W1868,0.24,1726231023,ETH
TX3024,W524,W1905,0.25,1726231024,ETH
TX3025,W525,W1942,0.26,1726231025,ETH
TX3026,W526,W1979,0.27,1726231026,ETH
TX3027,W527,W2016,0.28,1726231027,ETH
TX3028,W528,W2053,0.29,1726231028,ETH
TX3029,W529,W2090,0.3,1726231029,ETH
TX3030,W530,W2127,0.31,1726231030,ETH
TX3031,W531,W2164,0.32,1726231031,ETH
TX3032,W532,W2201,0.33,1726231032,ETH
TX3033,W533,W2238,0.34,1726231033,ETH
TX3034,W534,W2275,0.35,1726231034,ETH
TX3035,W535,W2312,0.36,1726231035,ETH
TX3036,W536,W2349,0.37,1726231036,ETH
TX3037,W537,W2386,0.38,1726231037,ETH
TX3038,W538,W2423,0.39,1726231038,ETH
TX3039,W539,W2460,0.4,1726231039,ETH
TX3040,W540,W2497,0.41,1726231040,ETH
TX3041,W541,W34,0.42,1726231041,ETH
TX3042,W542,W71,0.43,1726231042,ETH
TX3043,W543,W108,0.44,1726231043,ETH
TX3044,W544,W145,0.45,1726231044,ETH
TX3045,W545,W182,0.46,1726231045,ETH
TX3046,W546,W219,0.47,1726231046,ETH
TX3047,W547,W256,0.48,1726231047,ETH
TX3048,W548,W293,0.49,1726231048,ETH
TX3049,W549,W330,0.5,1726231049,ETH
TX3050,W550,W367,0.51,1726231050,ETH
TX3051,W551,W404,0.52,1726231051,ETH
TX3052,W552,W441,0.53,1726231052,ETH
TX3053,W553,W478,0.54,1726231053,ETH
TX3054,W554,W515,0.55,1726231054,ETH
TX3055,W555,W552,0.56,1726231055,ETH
TX3056,W556,W589,0.57,1726231056,ETH
TX3057,W557,W626,0.58,1726231057,ETH
TX3058,W558,W663,0.59,1726231058,ETH
TX3059,W559,W700,0.6,1726231059,ETH
TX3060,W560,W737,0.61,1726231060,ETH
TX3061,W561,W774,0.62,1726231061,ETH
TX3062,W562,W811,0.63,1726231062,ETH
TX3063,W563,W848,0.64,1726231063,ETH
TX3064,W564,W885,0.65,1726231064,ETH
TX3065,W565,W922,0.66,1726231065,ETH
TX3066,W566,W959,0.67,1726231066,ETH
TX3067,W567,W996,0.68,1726231067,ETH
TX3068,W568,W1033,0.69,1726231068,ETH
TX3069,W569,W1070,0.7,1726231069,ETH
TX3070,W570,W1107,0.71,1726231070,ETH
TX3071,W571,W1144,0.72,1726231071,ETH
TX3072,W572,W1181,0.73,1726231072,ETH
TX3073,W573,W1218,0.74,1726231073,ETH
TX3074,W574,W1255,0.75,1726231074,ETH
TX3075,W575,W1292,0.76,1726231075,ETH
TX3076,W576,W1329,0.77,1726231076,ETH
TX3077,W577,W1366,0.78,1726231077,ETH
TX3078,W578,W1403,0.79,1726231078,ETH
TX3079,W579,W1440,0.8,1726231079,ETH
TX3080,W580,W1477,0.81,1726231080,ETH
TX3081,W581,W1514,0.82,1726231081,ETH
TX3082,W582,W1551,0.83,1726231082,ETH
TX3083,W583,W1588,0.84,1726231083,ETH
TX3084,W584,W1625,0.85,1726231084,ETH
TX3085,W585,W1662,0.86,1726231085,ETH
TX3086,W586,W1699,0.87,1726231086,ETH
TX3087,W587,W1736,0.88,1726231087,ETH
TX3088,W588,W1773,0.89,1726231088,ETH
TX3089,W589,W1810,0.9,1726231089,ETH
TX3090,W590,W1847,0.91,1726231090,ETH
TX3091,W591,W1884,0.92,1726231091,ETH
TX3092,W592,W1921,0.93,1726231092,ETH
TX3093,W593,W1958,0.94,1726231093,ETH
TX3094,W594,W1995,0.95,1726231094,ETH
TX3095,W595,W2032,0.96,1726231095,ETH
TX3096,W596,W2069,0.97,1726231096,ETH
TX3097,W597,W2106,0.98,1726231097,ETH
TX3098,W598,W2143,0.99,1726231098,ETH
TX3099,W599,W2180,1,1726231099,ETH
TX3100,W600,W2217,1.01,1726231100,ETH
TX3101,W601,W2254,1.02,1726231101,ETH
TX3102,W602,W2291,1.03,1726231102,ETH
TX3103,W603,W2328,1.04,1726231103,ETH
TX3104,W604,W2365,1.05,1726231104,ETH
TX3105,W605,W2402,1.06,1726231105,ETH
TX3106,W606,W2439,1.07,1726231106,ETH
TX3107,W607,W2476,1.08,1726231107,ETH
TX3108,W608,W13,1.09,1726231108,ETH
TX3109,W609,W50,1.1,1726231109,ETH
TX3110,W610,W87,1.11,1726231110,ETH
TX3111,W611,W124,1.12,1726231111,ETH
TX3112,W612,W161,1.13,1726231112,ETH
TX3113,W613,W198,1.14,1726231113,ETH
TX3114,W614,W235,1.15,1726231114,ETH
TX3115,W615,W272,1.16,1726231115,ETH
TX3116,W616,W309,1.17,1726231116,ETH
TX3117,W617,W346,1.18,1726231117,ETH
TX3118,W618,W383,1.19,1726231118,ETH
TX3119,W619,W420,1.2,1726231119,ETH
TX3120,W620,W457,1.21,1726231120,ETH
TX3121,W621,W494,1.22,1726231121,ETH
TX3122,W622,W531,1.23,1726231122,ETH
TX3123,W623,W568,1.24,1726231123,ETH
TX3124,W624,W605,1.25,1726231124,ETH
TX3125,W625,W642,1.26,1726231125,ETH
TX3126,W626,W679,1.27,1726231126,ETH
TX3127,W627,W716,1.28,1726231127,ETH
TX3128,W628,W753,1.29,1726231128,ETH
TX3129,W629,W790,1.3,1726231129,ETH
TX3130,W630,W827,1.31,1726231130,ETH
TX3131,W631,W864,1.32,1726231131,ETH
TX3132,W632,W901,1.33,1726231132,ETH
TX3133,W633,W938,1.34,1726231133,ETH
TX3134,W634,W975,1.35,1726231134,ETH
TX3135,W635,W1012,1.36,1726231135,ETH
TX3136,W636,W1049,1.37,1726231136,ETH
TX3137,W637,W1086,1.38,1726231137,ETH
TX3138,W638,W1123,1.39,1726231138,ETH
TX3139,W639,W1160,1.4,1726231139,ETH
TX3140,W640,W1197,1.41,1726231140,ETH
TX3141,W641,W1234,1.42,1726231141,ETH
TX3142,W642,W1271,1.43,1726231142,ETH
TX3143,W643,W1308,1.44,1726231143,ETH
TX3144,W644,W1345,1.45,1726231144,ETH
TX3145,W645,W1382,1.46,1726231145,ETH
TX3146,W646,W1419,1.47,1726231146,ETH
TX3147,W647,W1456,1.48,1726231147,ETH
TX3148,W648,W1493,1.49,1726231148,ETH
TX3149,W649,W1530,1.5,1726231149,ETH
TX3150,W650,W1567,1.51,1726231150,ETH
TX3151,W651,W1604,1.52,1726231151,ETH
TX3152,W652,W1641,1.53,1726231152,ETH
TX3153,W653,W1678,1.54,1726231153,ETH
TX3154,W654,W1715,1.55,1726231154,ETH
TX3155,W655,W1752,1.56,1726231155,ETH
TX3156,W656,W1789,1.57,1726231156,ETH
TX3157,W657,W1826,1.58,1726231157,ETH
TX3158,W658,W1863,1.59,1726231158,ETH
TX3159,W659,W1900,1.6,1726231159,ETH
TX3160,W660,W1937,1.61,1726231160,ETH
TX3161,W661,W1974,1.62,1726231161,ETH
TX3162,W662,W2011,1.63,1726231162,ETH
TX3163,W663,W2048,1.64,1726231163,ETH
TX3164,W664,W2085,1.65,1726231164,ETH
TX3165,W665,W2122,1.66,1726231165,ETH
TX3166,W666,W2159,1.67,1726231166,ETH
TX3167,W667,W2196,1.68,1726231167,ETH
TX3168,W668,W2233,1.69,1726231168,ETH
TX3169,W669,W2270,1.7,1726231169,ETH
TX3170,W670,W2307,1.71,1726231170,ETH
TX3171,W671,W2344,1.72,1726231171,ETH
TX3172,W672,W2381,1.73,1726231172,ETH
TX3173,W673,W2418,1.74,1726231173,ETH
TX3174,W674,W2455,1.75,1726231174,ETH
TX3175,W675,W2492,1.76,1726231175,ETH
TX3176,W676,W29,1.77,1726231176,ETH
TX3177,W677,W66,1.78,1726231177,ETH
TX3178,W678,W103,1.79,1726231178,ETH
TX3179,W679,W140,1.8,1726231179,ETH
TX3180,W680,W177,1.81,1726231180,ETH
TX3181,W681,W214,1.82,1726231181,ETH
TX3182,W682,W251,1.83,1726231182,ETH
TX3183,W683,W288,1.84,1726231183,ETH
TX3184,W684,W325,1.85,1726231184,ETH
TX3185,W685,W362,1.86,1726231185,ETH
TX3186,W686,W399,1.87,1726231186,ETH
TX3187,W687,W436,1.88,1726231187,ETH
TX3188,W688,W473,1.89,1726231188,ETH
TX3189,W689,W510,1.9,1726231189,ETH
TX3190,W690,W547,1.91,1726231190,ETH
TX3191,W691,W584,1.92,1726231191,ETH
TX3192,W692,W621,1.93,1726231192,ETH
TX3193,W693,W658,1.94,1726231193,ETH
TX3194,W694,W695,1.95,1726231194,ETH
TX3195,W695,W732,1.96,1726231195,ETH
TX3196,W696,W769,1.97,1726231196,ETH
TX3197,W697,W806,1.98,1726231197,ETH
TX3198,W698,W843,1.99,1726231198,ETH
TX3199,W699,W880,2,1726231199,ETH
TX3200,W700,W917,2.01,1726231200,ETH
TX3201,W701,W954,2.02,1726231201,ETH
TX3202,W702,W991,2.03,1726231202,ETH
TX3203,W703,W1028,2.04,1726231203,ETH
TX3204,W704,W1065,2.05,1726231204,ETH
TX3205,W705,W1102,2.06,1726231205,ETH
TX3206,W706,W1139,2.07,1726231206,ETH
TX3207,W707,W1176,2.08,1726231207,ETH
TX3208,W708,W1213,2.09,1726231208,ETH
TX3209,W709,W1250,2.1,1726231209,ETH
TX3210,W710,W1287,2.11,1726231210,ETH
TX3211,W711,W1324,2.12,1726231211,ETH
TX3212,W712,W1361,2.13,1726231212,ETH
TX3213,W713,W1398,2.14,1726231213,ETH
TX3214,W714,W1435,2.15,1726231214,ETH
TX3215,W715,W1472,2.16,1726231215,ETH
TX3216,W716,W1509,2.17,1726231216,ETH
TX3217,W717,W1546,2.18,1726231217,ETH
TX3218,W718,W1583,2.19,1726231218,ETH
TX3219,W719,W1620,2.2,1726231219,ETH
TX3220,W720,W1657,2.21,1726231220,ETH
TX3221,W721,W1694,2.22,1726231221,ETH
TX3222,W722,W1731,2.23,1726231222,ETH
TX3223,W723,W1768,2.24,1726231223,ETH
TX3224,W724,W1805,2.25,1726231224,ETH
TX3225,W725,W1842,2.26,1726231225,ETH
TX3226,W726,W1879,2.27,1726231226,ETH
TX3227,W727,W1916,2.28,1726231227,ETH
TX3228,W728,W1953,2.29,1726231228,ETH
TX3229,W729,W1990,2.3,1726231229,ETH
TX3230,W730,W2027,2.31,1726231230,ETH
TX3231,W731,W2064,2.32,1726231231,ETH
TX3232,W732,W2101,2.33,1726231232,ETH
TX3233,W733,W2138,2.34,1726231233,ETH
TX3234,W734,W2175,2.35,1726231234,ETH
TX3235,W735,W2212,2.36,1726231235,ETH
TX3236,W736,W2249,2.37,1726231236,ETH
TX3237,W737,W2286,2.38,1726231237,ETH
TX3238,W738,W2323,2.39,1726231238,ETH
TX3239,W739,W2360,2.4,1726231239,ETH
TX3240,W740,W2397,2.41,1726231240,ETH
TX3241,W741,W2434,2.42,1726231241,ETH
TX3242,W742,W2471,2.43,1726231242,ETH
TX3243,W743,W8,2.44,1726231243,ETH
TX3244,W744,W45,2.45,1726231244,ETH
TX3245,W745,W82,2.46,1726231245,ETH
TX3246,W746,W119,2.47,1726231246,ETH
TX3247,W747,W156,2.48,1726231247,ETH
TX3248,W748,W193,2.49,1726231248,ETH
TX3249,W749,W230,2.5,1726231249,ETH
TX3250,W750,W267,2.51,1726231250,ETH
TX3251,W751,W304,2.52,1726231251,ETH
TX3252,W752,W341,2.53,1726231252,ETH
TX3253,W753,W378,2.54,1726231253,ETH
TX3254,W754,W415,2.55,1726231254,ETH
TX3255,W755,W452,2.56,1726231255,ETH
TX3256,W756,W489,2.57,1726231256,ETH
TX3257,W757,W526,2.58,1726231257,ETH
TX3258,W758,W563,2.59,1726231258,ETH
TX3259,W759,W600,2.6,1726231259,ETH
TX3260,W760,W637,2.61,1726231260,ETH
TX3261,W761,W674,2.62,1726231261,ETH
TX3262,W762,W711,2.63,1726231262,ETH
TX3263,W763,W748,2.64,1726231263,ETH
TX3264,W764,W785,2.65,1726231264,ETH
TX3265,W765,W822,2.66,1726231265,ETH
TX3266,W766,W859,2.67,1726231266,ETH
TX3267,W767,W896,2.68,1726231267,ETH
TX3268,W768,W933,2.69,1726231268,ETH
TX3269,W769,W970,2.7,1726231269,ETH
TX3270,W770,W1007,2.71,1726231270,ETH
TX3271,W771,W1044,2.72,1726231271,ETH
TX3272,W772,W1081,2.73,1726231272,ETH
TX3273,W773,W1118,2.74,1726231273,ETH
TX3274,W774,W1155,2.75,1726231274,ETH
TX3275,W775,W1192,2.76,1726231275,ETH
TX3276,W776,W1229,2.77,1726231276,ETH
TX3277,W777,W1266,2.78,1726231277,ETH
TX3278,W778,W1303,2.79,1726231278,ETH
TX3279,W779,W1340,2.8,1726231279,ETH
TX3280,W780,W1377,2.81,1726231280,ETH
TX3281,W781,W1414,2.82,1726231281,ETH
TX3282,W782,W1451,2.83,1726231282,ETH
TX3283,W783,W1488,2.84,1726231283,ETH
TX3284,W784,W1525,2.85,1726231284,ETH
TX3285,W785,W1562,2.86,1726231285,ETH
TX3286,W786,W1599,2.87,1726231286,ETH
TX3287,W787,W1636,2.88,1726231287,ETH
TX3288,W788,W1673,2.89,1726231288,ETH
TX3289,W789,W1710,2.9,1726231289,ETH
TX3290,W790,W1747,2.91,1726231290,ETH
TX3291,W791,W1784,2.92,1726231291,ETH
TX3292,W792,W1821,2.93,1726231292,ETH
TX3293,W793,W1858,2.94,1726231293,ETH
TX3294,W794,W1895,2.95,1726231294,ETH
TX3295,W795,W1932,2.96,1726231295,ETH
TX3296,W796,W1969,2.97,1726231296,ETH
TX3297,W797,W2006,2.98,1726231297,ETH
TX3298,W798,W2043,2.99,1726231298,ETH
TX3299,W799,W2080,3,1726231299,ETH
TX3300,W800,W2117,3.01,1726231300,ETH
TX3301,W801,W2154,3.02,1726231301,ETH
TX3302,W802,W2191,3.03,1726231302,ETH
TX3303,W803,W2228,3.04,1726231303,ETH
TX3304,W804,W2265,3.05,1726231304,ETH
TX3305,W805,W2302,3.06,1726231305,ETH
TX3306,W806,W2339,3.07,1726231306,ETH
TX3307,W807,W2376,3.08,1726231307,ETH
TX3308,W808,W2413,3.09,1726231308,ETH
TX3309,W809,W2450,3.1,1726231309,ETH
TX3310,W810,W2487,3.11,1726231310,ETH
TX3311,W811,W24,3.12,1726231311,ETH
TX3312,W812,W61,3.13,1726231312,ETH
TX3313,W813,W98,3.14,1726231313,ETH
TX3314,W814,W135,3.15,1726231314,ETH
TX3315,W815,W172,3.16,1726231315,ETH
TX3316,W816,W209,3.17,1726231316,ETH
TX3317,W817,W246,3.18,1726231317,ETH
TX3318,W818,W283,3.19,1726231318,ETH
TX3319,W819,W320,3.2,1726231319,ETH
TX3320,W820,W357,3.21,1726231320,ETH
TX3321,W821,W394,3.22,1726231321,ETH
TX3322,W822,W431,3.23,1726231322,ETH
TX3323,W823,W468,3.24,1726231323,ETH
TX3324,W824,W505,3.25,1726231324,ETH
TX3325,W825,W542,3.26,1726231325,ETH
TX3326,W826,W579,3.27,1726231326,ETH
TX3327,W827,W616,3.28,1726231327,ETH
TX3328,W828,W653,3.29,1726231328,ETH
TX3329,W829,W690,3.3,1726231329,ETH
TX3330,W830,W727,3.31,1726231330,ETH
TX3331,W831,W764,3.32,1726231331,ETH
TX3332,W832,W801,3.33,1726231332,ETH
TX3333,W833,W838,3.34,1726231333,ETH
TX3334,W834,W875,3.35,1726231334,ETH
TX3335,W835,W912,3.36,1726231335,ETH
TX3336,W836,W949,3.37,1726231336,ETH
TX3337,W837,W986,3.38,1726231337,ETH
TX3338,W838,W1023,3.39,1726231338,ETH
TX3339,W839,W1060,3.4,1726231339,ETH
TX3340,W840,W1097,3.41,1726231340,ETH
TX3341,W841,W1134,3.42,1726231341,ETH
TX3342,W842,W1171,3.43,1726231342,ETH
TX3343,W843,W1208,3.44,1726231343,ETH
TX3344,W844,W1245,3.45,1726231344,ETH
TX3345,W845,W1282,3.46,1726231345,ETH
TX3346,W846,W1319,3.47,1726231346,ETH
TX3347,W847,W1356,3.48,1726231347,ETH
TX3348,W848,W1393,3.49,1726231348,ETH
TX3349,W849,W1430,3.5,1726231349,ETH
TX3350,W850,W1467,3.51,1726231350,ETH
TX3351,W851,W1504,3.52,1726231351,ETH
TX3352,W852,W1541,3.53,1726231352,ETH
TX3353,W853,W1578,3.54,1726231353,ETH
TX3354,W854,W1615,3.55,1726231354,ETH
TX3355,W855,W1652,3.56,1726231355,ETH
TX3356,W856,W1689,3.57,1726231356,ETH
TX3357,W857,W1726,3.58,1726231357,ETH
TX3358,W858,W1763,3.59,1726231358,ETH
TX3359,W859,W1800,3.6,1726231359,ETH
TX3360,W860,W1837,3.61,1726231360,ETH
TX3361,W861,W1874,3.62,1726231361,ETH
TX3362,W862,W1911,3.63,1726231362,ETH
TX3363,W863,W1948,3.64,1726231363,ETH
TX3364,W864,W1985,3.65,1726231364,ETH
TX3365,W865,W2022,3.66,1726231365,ETH
TX3366,W866,W2059,3.67,1726231366,ETH
TX3367,W867,W2096,3.68,1726231367,ETH
TX3368,W868,W2133,3.69,1726231368,ETH
TX3369,W869,W2170,3.7,1726231369,ETH
TX3370,W870,W2207,3.71,1726231370,ETH
TX3371,W871,W2244,3.72,1726231371,ETH
TX3372,W872,W2281,3.73,1726231372,ETH
TX3373,W873,W2318,3.74,1726231373,ETH
TX3374,W874,W2355,3.75,1726231374,ETH
TX3375,W875,W2392,3.76,1726231375,ETH
TX3376,W876,W2429,3.77,1726231376,ETH
TX3377,W877,W2466,3.78,1726231377,ETH
TX3378,W878,W3,3.79,1726231378,ETH
TX3379,W879,W40,3.8,1726231379,ETH
TX3380,W880,W77,3.81,1726231380,ETH
TX3381,W881,W114,3.82,1726231381,ETH
TX3382,W882,W151,3.83,1726231382,ETH
TX3383,W883,W188,3.84,1726231383,ETH
TX3384,W884,W225,3.85,1726231384,ETH
TX3385,W885,W262,3.86,1726231385,ETH
TX3386,W886,W299,3.87,1726231386,ETH
TX3387,W887,W336,3.88,1726231387,ETH
TX3388,W888,W373,3.89,1726231388,ETH
TX3389,W889,W410,3.9,1726231389,ETH
TX3390,W890,W447,3.91,1726231390,ETH
TX3391,W891,W484,3.92,1726231391,ETH
TX3392,W892,W521,3.93,1726231392,ETH
TX3393,W893,W558,3.94,1726231393,ETH
TX3394,W894,W595,3.95,1726231394,ETH
TX3395,W895,W632,3.96,1726231395,ETH
TX3396,W896,W669,3.97,1726231396,ETH
TX3397,W897,W706,3.98,1726231397,ETH
TX3398,W898,W743,3.99,1726231398,ETH
TX3399,W899,W780,4,1726231399,ETH
TX3400,W900,W817,4.01,1726231400,ETH
TX3401,W901,W854,4.02,1726231401,ETH
TX3402,W902,W891,4.03,1726231402,ETH
TX3403,W903,W928,4.04,1726231403,ETH
TX3404,W904,W965,4.05,1726231404,ETH
TX3405,W905,W1002,4.06,1726231405,ETH
TX3406,W906,W1039,4.07,1726231406,ETH
TX3407,W907,W1076,4.08,1726231407,ETH
TX3408,W908,W1113,4.09,1726231408,ETH
TX3409,W909,W1150,4.1,1726231409,ETH
TX3410,W910,W1187,4.11,1726231410,ETH
TX3411,W911,W1224,4.12,1726231411,ETH
TX3412,W912,W1261,4.13,1726231412,ETH
TX3413,W913,W1298,4.14,1726231413,ETH
TX3414,W914,W1335,4.15,1726231414,ETH
TX3415,W915,W1372,4.16,1726231415,ETH
TX3416,W916,W1409,4.17,1726231416,ETH
TX3417,W917,W1446,4.18,1726231417,ETH
TX3418,W918,W1483,4.19,1726231418,ETH
TX3419,W919,W1520,4.2,1726231419,ETH
TX3420,W920,W1557,4.21,1726231420,ETH
TX3421,W921,W1594,4.22,1726231421,ETH
TX3422,W922,W1631,4.23,1726231422,ETH
TX3423,W923,W1668,4.24,1726231423,ETH
TX3424,W924,W1705,4.25,1726231424,ETH
TX3425,W925,W1742,4.26,1726231425,ETH
TX3426,W926,W1779,4.27,1726231426,ETH
TX3427,W927,W1816,4.28,1726231427,ETH
TX3428,W928,W1853,4.29,1726231428,ETH
TX3429,W929,W1890,4.3,1726231429,ETH
TX3430,W930,W1927,4.31,1726231430,ETH
TX3431,W931,W1964,4.32,1726231431,ETH
TX3432,W932,W2001,4.33,1726231432,ETH
TX3433,W933,W2038,4.34,1726231433,ETH
TX3434,W934,W2075,4.35,1726231434,ETH
TX3435,W935,W2112,4.36,1726231435,ETH
TX3436,W936,W2149,4.37,1726231436,ETH
TX3437,W937,W2186,4.38,1726231437,ETH
TX3438,W938,W2223,4.39,1726231438,ETH
TX3439,W939,W2260,4.4,1726231439,ETH
TX3440,W940,W2297,4.41,1726231440,ETH
TX3441,W941,W2334,4.42,1726231441,ETH
TX3442,W942,W2371,4.43,1726231442,ETH
TX3443,W943,W2408,4.44,1726231443,ETH
TX3444,W944,W2445,4.45,1726231444,ETH
TX3445,W945,W2482,4.46,1726231445,ETH
TX3446,W946,W19,4.47,1726231446,ETH
TX3447,W947,W56,4.48,1726231447,ETH
TX3448,W948,W93,4.49,1726231448,ETH
TX3449,W949,W130,4.5,1726231449,ETH
TX3450,W950,W167,4.51,1726231450,ETH
TX3451,W951,W204,4.52,1726231451,ETH
TX3452,W952,W241,4.53,1726231452,ETH
TX3453,W953,W278,4.54,1726231453,ETH
TX3454,W954,W315,4.55,1726231454,ETH
TX3455,W955,W352,4.56,1726231455,ETH
TX3456,W956,W389,4.57,1726231456,ETH
TX3457,W957,W426,4.58,1726231457,ETH
TX3458,W958,W463,4.59,1726231458,ETH
TX3459,W959,W500,4.6,1726231459,ETH
TX3460,W960,W537,4.61,1726231460,ETH
TX3461,W961,W574,4.62,1726231461,ETH
TX3462,W962,W611,4.63,1726231462,ETH
TX3463,W963,W648,4.64,1726231463,ETH
TX3464,W964,W685,4.65,1726231464,ETH
TX3465,W965,W722,4.66,1726231465,ETH
TX3466,W966,W759,4.67,1726231466,ETH
TX3467,W967,W796,4.68,1726231467,ETH
TX3468,W968,W833,4.69,1726231468,ETH
TX3469,W969,W870,4.7,1726231469,ETH
TX3470,W970,W907,4.71,1726231470,ETH
TX3471,W971,W944,4.72,1726231471,ETH
TX3472,W972,W981,4.73,1726231472,ETH
TX3473,W973,W1018,4.74,1726231473,ETH
TX3474,W974,W1055,4.75,1726231474,ETH
TX3475,W975,W1092,4.76,1726231475,ETH
TX3476,W976,W1129,4.77,1726231476,ETH
TX3477,W977,W1166,4.78,1726231477,ETH
TX3478,W978,W1203,4.79,1726231478,ETH
TX3479,W979,W1240,4.8,1726231479,ETH
TX3480,W980,W1277,4.81,1726231480,ETH
TX3481,W981,W1314,4.82,1726231481,ETH
TX3482,W982,W1351,4.83,1726231482,ETH
TX3483,W983,W1388,4.84,1726231483,ETH
TX3484,W984,W1425,4.85,1726231484,ETH
TX3485,W985,W1462,4.86,1726231485,ETH
TX3486,W986,W1499,4.87,1726231486,ETH
TX3487,W987,W1536,4.88,1726231487,ETH
TX3488,W988,W1573,4.89,1726231488,ETH
TX3489,W989,W1610,4.9,1726231489,ETH
TX3490,W990,W1647,4.91,1726231490,ETH
TX3491,W991,W1684,4.92,1726231491,ETH
TX3492,W992,W1721,4.93,1726231492,ETH
TX3493,W993,W1758,4.94,1726231493,ETH
TX3494,W994,W1795,4.95,1726231494,ETH
TX3495,W995,W1832,4.96,1726231495,ETH
TX3496,W996,W1869,4.97,1726231496,ETH
TX3497,W997,W1906,4.98,1726231497,ETH
TX3498,W998,W1943,4.99,1726231498,ETH
TX3499,W999,W1980,5,1726231499,ETH
TX3500,W1000,W2017,5.01,1726231500,ETH
TX3501,W1001,W2054,5.02,1726231501,ETH
TX3502,W1002,W2091,5.03,1726231502,ETH
TX3503,W1003,W2128,5.04,1726231503,ETH
TX3504,W1004,W2165,5.05,1726231504,ETH
TX3505,W1005,W2202,5.06,1726231505,ETH
TX3506,W1006,W2239,5.07,1726231506,ETH
TX3507,W1007,W2276,5.08,1726231507,ETH
TX3508,W1008,W2313,5.09,1726231508,ETH
TX3509,W1009,W2350,5.1,1726231509,ETH
TX3510,W1010,W2387,5.11,1726231510,ETH
TX3511,W1011,W2424,5.12,1726231511,ETH
TX3512,W1012,W2461,5.13,1726231512,ETH
TX3513,W1013,W2498,5.14,1726231513,ETH
TX3514,W1014,W35,5.15,1726231514,ETH
TX3515,W1015,W72,5.16,1726231515,ETH
TX3516,W1016,W109,5.17,1726231516,ETH
TX3517,W1017,W146,5.18,1726231517,ETH
TX3518,W1018,W183,5.19,1726231518,ETH
TX3519,W1019,W220,5.2,1726231519,ETH
TX3520,W1020,W257,5.21,1726231520,ETH
TX3521,W1021,W294,5.22,1726231521,ETH
TX3522,W1022,W331,5.23,1726231522,ETH
TX3523,W1023,W368,5.24,1726231523,ETH
TX3524,W1024,W405,5.25,1726231524,ETH
TX3525,W1025,W442,5.26,1726231525,ETH
TX3526,W1026,W479,5.27,1726231526,ETH
TX3527,W1027,W516,5.28,1726231527,ETH
TX3528,W1028,W553,5.29,1726231528,ETH
TX3529,W1029,W590,5.3,1726231529,ETH
TX3530,W1030,W627,5.31,1726231530,ETH
TX3531,W1031,W664,5.32,1726231531,ETH
TX3532,W1032,W701,5.33,1726231532,ETH
TX3533,W1033,W738,5.34,1726231533,ETH
TX3534,W1034,W775,5.35,1726231534,ETH
TX3535,W1035,W812,5.36,1726231535,ETH
TX3536,W1036,W849,5.37,1726231536,ETH
TX3537,W1037,W886,5.38,1726231537,ETH
TX3538,W1038,W923,5.39,1726231538,ETH
TX3539,W1039,W960,5.4,1726231539,ETH
TX3540,W1040,W997,5.41,1726231540,ETH
TX3541,W1041,W1034,5.42,1726231541,ETH
TX3542,W1042,W1071,5.43,1726231542,ETH
TX3543,W1043,W1108,5.44,1726231543,ETH
TX3544,W1044,W1145,5.45,1726231544,ETH
TX3545,W1045,W1182,5.46,1726231545,ETH
TX3546,W1046,W1219,5.47,1726231546,ETH
TX3547,W1047,W1256,5.48,1726231547,ETH
TX3548,W1048,W1293,5.49,1726231548,ETH
TX3549,W1049,W1330,5.5,1726231549,ETH
TX3550,W1050,W1367,5.51,1726231550,ETH
TX3551,W1051,W1404,5.52,1726231551,ETH
TX3552,W1052,W1441,5.53,1726231552,ETH
TX3553,W1053,W1478,5.54,1726231553,ETH
TX3554,W1054,W1515,5.55,1726231554,ETH
TX3555,W1055,W1552,5.56,1726231555,ETH
TX3556,W1056,W1589,5.57,1726231556,ETH
TX3557,W1057,W1626,5.58,1726231557,ETH
TX3558,W1058,W1663,5.59,1726231558,ETH
TX3559,W1059,W1700,5.6,1726231559,ETH
TX3560,W1060,W1737,5.61,1726231560,ETH
TX3561,W1061,W1774,5.62,1726231561,ETH
TX3562,W1062,W1811,5.63,1726231562,ETH
TX3563,W1063,W1848,5.64,1726231563,ETH
TX3564,W1064,W1885,5.65,1726231564,ETH
TX3565,W1065,W1922,5.66,1726231565,ETH
TX3566,W1066,W1959,5.67,1726231566,ETH
TX3567,W1067,W1996,5.68,1726231567,ETH
TX3568,W1068,W2033,5.69,1726231568,ETH
TX3569,W1069,W2070,5.7,1726231569,ETH
TX3570,W1070,W2107,5.71,1726231570,ETH
TX3571,W1071,W2144,5.72,1726231571,ETH
TX3572,W1072,W2181,5.73,1726231572,ETH
TX3573,W1073,W2218,5.74,1726231573,ETH
TX3574,W1074,W2255,5.75,1726231574,ETH
TX3575,W1075,W2292,5.76,1726231575,ETH
TX3576,W1076,W2329,5.77,1726231576,ETH
TX3577,W1077,W2366,5.78,1726231577,ETH
TX3578,W1078,W2403,5.79,1726231578,ETH
TX3579,W1079,W2440,5.8,1726231579,ETH
TX3580,W1080,W2477,5.81,1726231580,ETH
TX3581,W1081,W14,5.82,1726231581,ETH
TX3582,W1082,W51,5.83,1726231582,ETH
TX3583,W1083,W88,5.84,1726231583,ETH
TX3584,W1084,W125,5.85,1726231584,ETH
TX3585,W1085,W162,5.86,1726231585,ETH
TX3586,W1086,W199,5.87,1726231586,ETH
TX3587,W1087,W236,5.88,1726231587,ETH
TX3588,W1088,W273,5.89,1726231588,ETH
TX3589,W1089,W310,5.9,1726231589,ETH
TX3590,W1090,W347,5.91,1726231590,ETH
TX3591,W1091,W384,5.92,1726231591,ETH
TX3592,W1092,W421,5.93,1726231592,ETH
TX3593,W1093,W458,5.94,1726231593,ETH
TX3594,W1094,W495,5.95,1726231594,ETH
TX3595,W1095,W532,5.96,1726231595,ETH
TX3596,W1096,W569,5.97,1726231596,ETH
TX3597,W1097,W606,5.98,1726231597,ETH
TX3598,W1098,W643,5.99,1726231598,ETH
TX3599,W1099,W680,6,1726231599,ETH
TX3600,W1100,W717,6.01,1726231600,ETH
TX3601,W1101,W754,6.02,1726231601,ETH
TX3602,W1102,W791,6.03,1726231602,ETH
TX3603,W1103,W828,6.04,1726231603,ETH
TX3604,W1104,W865,6.05,1726231604,ETH
TX3605,W1105,W902,6.06,1726231605,ETH
TX3606,W1106,W939,6.07,1726231606,ETH
TX3607,W1107,W976,6.08,1726231607,ETH
TX3608,W1108,W1013,6.09,1726231608,ETH
TX3609,W1109,W1050,6.1,1726231609,ETH
TX3610,W1110,W1087,6.11,1726231610,ETH
TX3611,W1111,W1124,6.12,1726231611,ETH
TX3612,W1112,W1161,6.13,1726231612,ETH
TX3613,W1113,W1198,6.14,1726231613,ETH
TX3614,W1114,W1235,6.15,1726231614,ETH
TX3615,W1115,W1272,6.16,1726231615,ETH
TX3616,W1116,W1309,6.17,1726231616,ETH
TX3617,W1117,W1346,6.18,1726231617,ETH
TX3618,W1118,W1383,6.19,1726231618,ETH
TX3619,W1119,W1420,6.2,1726231619,ETH
TX3620,W1120,W1457,6.21,1726231620,ETH
TX3621,W1121,W1494,6.22,1726231621,ETH
TX3622,W1122,W1531,6.23,1726231622,ETH
TX3623,W1123,W1568,6.24,1726231623,ETH
TX3624,W1124,W1605,6.25,1726231624,ETH
TX3625,W1125,W1642,6.26,1726231625,ETH
TX3626,W1126,W1679,6.27,1726231626,ETH
TX3627,W1127,W1716,6.28,1726231627,ETH
TX3628,W1128,W1753,6.29,1726231628,ETH
TX3629,W1129,W1790,6.3,1726231629,ETH
TX3630,W1130,W1827,6.31,1726231630,ETH
TX3631,W1131,W1864,6.32,1726231631,ETH
TX3632,W1132,W1901,6.33,1726231632,ETH
TX3633,W1133,W1938,6.34,1726231633,ETH
TX3634,W1134,W1975,6.35,1726231634,ETH
TX3635,W1135,W2012,6.36,1726231635,ETH
TX3636,W1136,W2049,6.37,1726231636,ETH
TX3637,W1137,W2086,6.38,1726231637,ETH
TX3638,W1138,W2123,6.39,1726231638,ETH
TX3639,W1139,W2160,6.4,1726231639,ETH
TX3640,W1140,W2197,6.41,1726231640,ETH
TX3641,W1141,W2234,6.42,1726231641,ETH
TX3642,W1142,W2271,6.43,1726231642,ETH
TX3643,W1143,W2308,6.44,1726231643,ETH
TX3644,W1144,W2345,6.45,1726231644,ETH
TX3645,W1145,W2382,6.46,1726231645,ETH
TX3646,W1146,W2419,6.47,1726231646,ETH
TX3647,W1147,W2456,6.48,1726231647,ETH
TX3648,W1148,W2493,6.49,1726231648,ETH
TX3649,W1149,W30,6.5,1726231649,ETH
TX3650,W1150,W67,6.51,1726231650,ETH
TX3651,W1151,W104,6.52,1726231651,ETH
TX3652,W1152,W141,6.53,1726231652,ETH
TX3653,W1153,W178,6.54,1726231653,ETH
TX3654,W1154,W215,6.55,1726231654,ETH
TX3655,W1155,W252,6.56,1726231655,ETH
TX3656,W1156,W289,6.57,1726231656,ETH
TX3657,W1157,W326,6.58,1726231657,ETH
TX3658,W1158,W363,6.59,1726231658,ETH
TX3659,W1159,W400,6.6,1726231659,ETH
TX3660,W1160,W437,6.61,1726231660,ETH
TX3661,W1161,W474,6.62,1726231661,ETH
TX3662,W1162,W511,6.63,1726231662,ETH
TX3663,W1163,W548,6.64,1726231663,ETH
TX3664,W1164,W585,6.65,1726231664,ETH
TX3665,W1165,W622,6.66,1726231665,ETH
TX3666,W1166,W659,6.67,1726231666,ETH
TX3667,W1167,W696,6.68,1726231667,ETH
TX3668,W1168,W733,6.69,1726231668,ETH
TX3669,W1169,W770,6.7,1726231669,ETH
TX3670,W1170,W807,6.71,1726231670,ETH
TX3671,W1171,W844,6.72,1726231671,ETH
TX3672,W1172,W881,6.73,1726231672,ETH
TX3673,W1173,W918,6.74,1726231673,ETH
TX3674,W1174,W955,6.75,1726231674,ETH
TX3675,W1175,W992,6.76,1726231675,ETH
TX3676,W1176,W1029,6.77,1726231676,ETH
TX3677,W1177,W1066,6.78,1726231677,ETH
TX3678,W1178,W1103,6.79,1726231678,ETH
TX3679,W1179,W1140,6.8,1726231679,ETH
TX3680,W1180,W1177,6.81,1726231680,ETH
TX3681,W1181,W1214,6.82,1726231681,ETH
TX3682,W1182,W1251,6.83,1726231682,ETH
TX3683,W1183,W1288,6.84,1726231683,ETH
TX3684,W1184,W1325,6.85,1726231684,ETH
TX3685,W1185,W1362,6.86,1726231685,ETH
TX3686,W1186,W1399,6.87,1726231686,ETH
TX3687,W1187,W1436,6.88,1726231687,ETH
TX3688,W1188,W1473,6.89,1726231688,ETH
TX3689,W1189,W1510,6.9,1726231689,ETH
TX3690,W1190,W1547,6.91,1726231690,ETH
TX3691,W1191,W1584,6.92,1726231691,ETH
TX3692,W1192,W1621,6.93,1726231692,ETH
TX3693,W1193,W1658,6.94,1726231693,ETH
TX3694,W1194,W1695,6.95,1726231694,ETH
TX3695,W1195,W1732,6.96,1726231695,ETH
TX3696,W1196,W1769,6.97,1726231696,ETH
TX3697,W1197,W1806,6.98,1726231697,ETH
TX3698,W1198,W1843,6.99,1726231698,ETH
TX3699,W1199,W1880,7,1726231699,ETH
TX3700,W1200,W1917,7.01,1726231700,ETH
TX3701,W1201,W1954,7.02,1726231701,ETH
TX3702,W1202,W1991,7.03,1726231702,ETH
TX3703,W1203,W2028,7.04,1726231703,ETH
TX3704,W1204,W2065,7.05,1726231704,ETH
TX3705,W1205,W2102,7.06,1726231705,ETH
TX3706,W1206,W2139,7.07,1726231706,ETH
TX3707,W1207,W2176,7.08,1726231707,ETH
TX3708,W1208,W2213,7.09,1726231708,ETH
TX3709,W1209,W2250,7.1,1726231709,ETH
TX3710,W1210,W2287,7.11,1726231710,ETH
TX3711,W1211,W2324,7.12,1726231711,ETH
TX3712,W1212,W2361,7.13,1726231712,ETH
TX3713,W1213,W2398,7.14,1726231713,ETH
TX3714,W1214,W2435,7.15,1726231714,ETH
TX3715,W1215,W2472,7.16,1726231715,ETH
TX3716,W1216,W9,7.17,1726231716,ETH
TX3717,W1217,W46,7.18,1726231717,ETH
TX3718,W1218,W83,7.19,1726231718,ETH
TX3719,W1219,W120,7.2,1726231719,ETH
TX3720,W1220,W157,7.21,1726231720,ETH
TX3721,W1221,W194,7.22,1726231721,ETH
TX3722,W1222,W231,7.23,1726231722,ETH
TX3723,W1223,W268,7.24,1726231723,ETH
TX3724,W1224,W305,7.25,1726231724,ETH
TX3725,W1225,W342,7.26,1726231725,ETH
TX3726,W1226,W379,7.27,1726231726,ETH
TX3727,W1227,W416,7.28,1726231727,ETH
TX3728,W1228,W453,7.29,1726231728,ETH
TX3729,W1229,W490,7.3,1726231729,ETH
TX3730,W1230,W527,7.31,1726231730,ETH
TX3731,W1231,W564,7.32,1726231731,ETH
TX3732,W1232,W601,7.33,1726231732,ETH
TX3733,W1233,W638,7.34,1726231733,ETH
TX3734,W1234,W675,7.35,1726231734,ETH
TX3735,W1235,W712,7.36,1726231735,ETH
TX3736,W1236,W749,7.37,1726231736,ETH
TX3737,W1237,W786,7.38,1726231737,ETH
TX3738,W1238,W823,7.39,1726231738,ETH
TX3739,W1239,W860,7.4,1726231739,ETH
TX3740,W1240,W897,7.41,1726231740,ETH
TX3741,W1241,W934,7.42,1726231741,ETH
TX3742,W1242,W971,7.43,1726231742,ETH
TX3743,W1243,W1008,7.44,1726231743,ETH
TX3744,W1244,W1045,7.45,1726231744,ETH
TX3745,W1245,W1082,7.46,1726231745,ETH
TX3746,W1246,W1119,7.47,1726231746,ETH
TX3747,W1247,W1156,7.48,1726231747,ETH
TX3748,W1248,W1193,7.49,1726231748,ETH
TX3749,W1249,W1230,7.5,1726231749,ETH
TX3750,W1250,W1267,7.51,1726231750,ETH
TX3751,W1251,W1304,7.52,1726231751,ETH
TX3752,W1252,W1341,7.53,1726231752,ETH
TX3753,W1253,W1378,7.54,1726231753,ETH
TX3754,W1254,W1415,7.55,1726231754,ETH
TX3755,W1255,W1452,7.56,1726231755,ETH
TX3756,W1256,W1489,7.57,1726231756,ETH
TX3757,W1257,W1526,7.58,1726231757,ETH
TX3758,W1258,W1563,7.59,1726231758,ETH
TX3759,W1259,W1600,7.6,1726231759,ETH
TX3760,W1260,W1637,7.61,1726231760,ETH
TX3761,W1261,W1674,7.62,1726231761,ETH
TX3762,W1262,W1711,7.63,1726231762,ETH
TX3763,W1263,W1748,7.64,1726231763,ETH
TX3764,W1264,W1785,7.65,1726231764,ETH
TX3765,W1265,W1822,7.66,1726231765,ETH
TX3766,W1266,W1859,7.67,1726231766,ETH
TX3767,W1267,W1896,7.68,1726231767,ETH
TX3768,W1268,W1933,7.69,1726231768,ETH
TX3769,W1269,W1970,7.7,1726231769,ETH
TX3770,W1270,W2007,7.71,1726231770,ETH
TX3771,W1271,W2044,7.72,1726231771,ETH
TX3772,W1272,W2081,7.73,1726231772,ETH
TX3773,W1273,W2118,7.74,1726231773,ETH
TX3774,W1274,W2155,7.75,1726231774,ETH
TX3775,W1275,W2192,7.76,1726231775,ETH
TX3776,W1276,W2229,7.77,1726231776,ETH
TX3777,W1277,W2266,7.78,1726231777,ETH
TX3778,W1278,W2303,7.79,1726231778,ETH
TX3779,W1279,W2340,7.8,1726231779,ETH
TX3780,W1280,W2377,7.81,1726231780,ETH
TX3781,W1281,W2414,7.82,1726231781,ETH
TX3782,W1282,W2451,7.83,1726231782,ETH
TX3783,W1283,W2488,7.84,1726231783,ETH
TX3784,W1284,W25,7.85,1726231784,ETH
TX3785,W1285,W62,7.86,1726231785,ETH
TX3786,W1286,W99,7.87,1726231786,ETH
TX3787,W1287,W136,7.88,1726231787,ETH
TX3788,W1288,W173,7.89,1726231788,ETH
TX3789,W1289,W210,7.9,1726231789,ETH
TX3790,W1290,W247,7.91,1726231790,ETH
TX3791,W1291,W284,7.92,1726231791,ETH
TX3792,W1292,W321,7.93,1726231792,ETH
TX3793,W1293,W358,7.94,1726231793,ETH
TX3794,W1294,W395,7.95,1726231794,ETH
TX3795,W1295,W432,7.96,1726231795,ETH
TX3796,W1296,W469,7.97,1726231796,ETH
TX3797,W1297,W506,7.98,1726231797,ETH
TX3798,W1298,W543,7.99,1726231798,ETH
TX3799,W1299,W580,8,1726231799,ETH
TX3800,W1300,W617,8.01,1726231800,ETH
TX3801,W1301,W654,8.02,1726231801,ETH
TX3802,W1302,W691,8.03,1726231802,ETH
TX3803,W1303,W728,8.04,1726231803,ETH
TX3804,W1304,W765,8.05,1726231804,ETH
TX3805,W1305,W802,8.06,1726231805,ETH
TX3806,W1306,W839,8.07,1726231806,ETH
TX3807,W1307,W876,8.08,1726231807,ETH
TX3808,W1308,W913,8.09,1726231808,ETH
TX3809,W1309,W950,8.1,1726231809,ETH
TX3810,W1310,W987,8.11,1726231810,ETH
TX3811,W1311,W1024,8.12,1726231811,ETH
TX3812,W1312,W1061,8.13,1726231812,ETH
TX3813,W1313,W1098,8.14,1726231813,ETH
TX3814,W1314,W1135,8.15,1726231814,ETH
TX3815,W1315,W1172,8.16,1726231815,ETH
TX3816,W1316,W1209,8.17,1726231816,ETH
TX3817,W1317,W1246,8.18,1726231817,ETH
TX3818,W1318,W1283,8.19,1726231818,ETH
TX3819,W1319,W1320,8.2,1726231819,ETH
TX3820,W1320,W1357,8.21,1726231820,ETH
TX3821,W1321,W1394,8.22,1726231821,ETH
TX3822,W1322,W1431,8.23,1726231822,ETH
TX3823,W1323,W1468,8.24,1726231823,ETH
TX3824,W1324,W1505,8.25,1726231824,ETH
TX3825,W1325,W1542,8.26,1726231825,ETH
TX3826,W1326,W1579,8.27,1726231826,ETH
TX3827,W1327,W1616,8.28,1726231827,ETH
TX3828,W1328,W1653,8.29,1726231828,ETH
TX3829,W1329,W1690,8.3,1726231829,ETH
TX3830,W1330,W1727,8.31,1726231830,ETH
TX3831,W1331,W1764,8.32,1726231831,ETH
TX3832,W1332,W1801,8.33,1726231832,ETH
TX3833,W1333,W1838,8.34,1726231833,ETH
TX3834,W1334,W1875,8.35,1726231834,ETH
TX3835,W1335,W1912,8.36,1726231835,ETH
TX3836,W1336,W1949,8.37,1726231836,ETH
TX3837,W1337,W1986,8.38,1726231837,ETH
TX3838,W1338,W2023,8.39,1726231838,ETH
TX3839,W1339,W2060,8.4,1726231839,ETH
TX3840,W1340,W2097,8.41,1726231840,ETH
TX3841,W1341,W2134,8.42,1726231841,ETH
TX3842,W1342,W2171,8.43,1726231842,ETH
TX3843,W1343,W2208,8.44,1726231843,ETH
TX3844,W1344,W2245,8.45,1726231844,ETH
TX3845,W1345,W2282,8.46,1726231845,ETH
TX3846,W1346,W2319,8.47,1726231846,ETH
TX3847,W1347,W2356,8.48,1726231847,ETH
TX3848,W1348,W2393,8.49,1726231848,ETH
TX3849,W1349,W2430,8.5,1726231849,ETH
TX3850,W1350,W2467,8.51,1726231850,ETH
TX3851,W1351,W4,8.52,1726231851,ETH
TX3852,W1352,W41,8.53,1726231852,ETH
TX3853,W1353,W78,8.54,1726231853,ETH
TX3854,W1354,W115,8.55,1726231854,ETH
TX3855,W1355,W152,8.56,1726231855,ETH
TX3856,W1356,W189,8.57,1726231856,ETH
TX3857,W1357,W226,8.58,1726231857,ETH
TX3858,W1358,W263,8.59,1726231858,ETH
TX3859,W1359,W300,8.6,1726231859,ETH
TX3860,W1360,W337,8.61,1726231860,ETH
TX3861,W1361,W374,8.62,1726231861,ETH
TX3862,W1362,W411,8.63,1726231862,ETH
TX3863,W1363,W448,8.64,1726231863,ETH
TX3864,W1364,W485,8.65,1726231864,ETH
TX3865,W1365,W522,8.66,1726231865,ETH
TX3866,W1366,W559,8.67,1726231866,ETH
TX3867,W1367,W596,8.68,1726231867,ETH
TX3868,W1368,W633,8.69,1726231868,ETH
TX3869,W1369,W670,8.7,1726231869,ETH
TX3870,W1370,W707,8.71,1726231870,ETH
TX3871,W1371,W744,8.72,1726231871,ETH
TX3872,W1372,W781,8.73,1726231872,ETH
TX3873,W1373,W818,8.74,1726231873,ETH
TX3874,W1374,W855,8.75,1726231874,ETH
TX3875,W1375,W892,8.76,1726231875,ETH
TX3876,W1376,W929,8.77,1726231876,ETH
TX3877,W1377,W966,8.78,1726231877,ETH
TX3878,W1378,W1003,8.79,1726231878,ETH
TX3879,W1379,W1040,8.8,1726231879,ETH
TX3880,W1380,W1077,8.81,1726231880,ETH
TX3881,W1381,W1114,8.82,1726231881,ETH
TX3882,W1382,W1151,8.83,1726231882,ETH
TX3883,W1383,W1188,8.84,1726231883,ETH
TX3884,W1384,W1225,8.85,1726231884,ETH
TX3885,W1385,W1262,8.86,1726231885,ETH
TX3886,W1386,W1299,8.87,1726231886,ETH
TX3887,W1387,W1336,8.88,1726231887,ETH
TX3888,W1388,W1373,8.89,1726231888,ETH
TX3889,W1389,W1410,8.9,1726231889,ETH
TX3890,W1390,W1447,8.91,1726231890,ETH
TX3891,W1391,W1484,8.92,1726231891,ETH
TX3892,W1392,W1521,8.93,1726231892,ETH
TX3893,W1393,W1558,8.94,1726231893,ETH
TX3894,W1394,W1595,8.95,1726231894,ETH
TX3895,W1395,W1632,8.96,1726231895,ETH
TX3896,W1396,W1669,8.97,1726231896,ETH
TX3897,W1397,W1706,8.98,1726231897,ETH
TX3898,W1398,W1743,8.99,1726231898,ETH
TX3899,W1399,W1780,9,1726231899,ETH
TX3900,W1400,W1817,9.01,1726231900,ETH
TX3901,W1401,W1854,9.02,1726231901,ETH
TX3902,W1402,W1891,9.03,1726231902,ETH
TX3903,W1403,W1928,9.04,1726231903,ETH
TX3904,W1404,W1965,9.05,1726231904,ETH
TX3905,W1405,W2002,9.06,1726231905,ETH
TX3906,W1406,W2039,9.07,1726231906,ETH
TX3907,W1407,W2076,9.08,1726231907,ETH
TX3908,W1408,W2113,9.09,1726231908,ETH
TX3909,W1409,W2150,9.1,1726231909,ETH
TX3910,W1410,W2187,9.11,1726231910,ETH
TX3911,W1411,W2224,9.12,1726231911,ETH
TX3912,W1412,W2261,9.13,1726231912,ETH
TX3913,W1413,W2298,9.14,1726231913,ETH
TX3914,W1414,W2335,9.15,1726231914,ETH
TX3915,W1415,W2372,9.16,1726231915,ETH
TX3916,W1416,W2409,9.17,1726231916,ETH
TX3917,W1417,W2446,9.18,1726231917,ETH
TX3918,W1418,W2483,9.19,1726231918,ETH
TX3919,W1419,W20,9.2,1726231919,ETH
TX3920,W1420,W57,9.21,1726231920,ETH
TX3921,W1421,W94,9.22,1726231921,ETH
TX3922,W1422,W131,9.23,1726231922,ETH
TX3923,W1423,W168,9.24,1726231923,ETH
TX3924,W1424,W205,9.25,1726231924,ETH
TX3925,W1425,W242,9.26,1726231925,ETH
TX3926,W1426,W279,9.27,1726231926,ETH
TX3927,W1427,W316,9.28,1726231927,ETH
TX3928,W1428,W353,9.29,1726231928,ETH
TX3929,W1429,W390,9.3,1726231929,ETH
TX3930,W1430,W427,9.31,1726231930,ETH
TX3931,W1431,W464,9.32,1726231931,ETH
TX3932,W1432,W501,9.33,1726231932,ETH
TX3933,W1433,W538,9.34,1726231933,ETH
TX3934,W1434,W575,9.35,1726231934,ETH
TX3935,W1435,W612,9.36,1726231935,ETH
TX3936,W1436,W649,9.37,1726231936,ETH
TX3937,W1437,W686,9.38,1726231937,ETH
TX3938,W1438,W723,9.39,1726231938,ETH
TX3939,W1439,W760,9.4,1726231939,ETH
TX3940,W1440,W797,9.41,1726231940,ETH
TX3941,W1441,W834,9.42,1726231941,ETH
TX3942,W1442,W871,9.43,1726231942,ETH
TX3943,W1443,W908,9.44,1726231943,ETH
TX3944,W1444,W945,9.45,1726231944,ETH
TX3945,W1445,W982,9.46,1726231945,ETH
TX3946,W1446,W1019,9.47,1726231946,ETH
TX3947,W1447,W1056,9.48,1726231947,ETH
TX3948,W1448,W1093,9.49,1726231948,ETH
TX3949,W1449,W1130,9.5,1726231949,ETH
TX3950,W1450,W1167,9.51,1726231950,ETH
TX3951,W1451,W1204,9.52,1726231951,ETH
TX3952,W1452,W1241,9.53,1726231952,ETH
TX3953,W1453,W1278,9.54,1726231953,ETH
TX3954,W1454,W1315,9.55,1726231954,ETH
TX3955,W1455,W1352,9.56,1726231955,ETH
TX3956,W1456,W1389,9.57,1726231956,ETH
TX3957,W1457,W1426,9.58,1726231957,ETH
TX3958,W1458,W1463,9.59,1726231958,ETH
TX3959,W1459,W1500,9.6,1726231959,ETH
TX3960,W1460,W1537,9.61,1726231960,ETH
TX3961,W1461,W1574,9.62,1726231961,ETH
TX3962,W1462,W1611,9.63,1726231962,ETH
TX3963,W1463,W1648,9.64,1726231963,ETH
TX3964,W1464,W1685,9.65,1726231964,ETH
TX3965,W1465,W1722,9.66,1726231965,ETH
TX3966,W1466,W1759,9.67,1726231966,ETH
TX3967,W1467,W1796,9.68,1726231967,ETH
TX3968,W1468,W1833,9.69,1726231968,ETH
TX3969,W1469,W1870,9.7,1726231969,ETH
TX3970,W1470,W1907,9.71,1726231970,ETH
TX3971,W1471,W1944,9.72,1726231971,ETH
TX3972,W1472,W1981,9.73,1726231972,ETH
TX3973,W1473,W2018,9.74,1726231973,ETH
TX3974,W1474,W2055,9.75,1726231974,ETH
TX3975,W1475,W2092,9.76,1726231975,ETH
TX3976,W1476,W2129,9.77,1726231976,ETH
TX3977,W1477,W2166,9.78,1726231977,ETH
TX3978,W1478,W2203,9.79,1726231978,ETH
TX3979,W1479,W2240,9.8,1726231979,ETH
TX3980,W1480,W2277,9.81,1726231980,ETH
TX3981,W1481,W2314,9.82,1726231981,ETH
TX3982,W1482,W2351,9.83,1726231982,ETH
TX3983,W1483,W2388,9.84,1726231983,ETH
TX3984,W1484,W2425,9.85,1726231984,ETH
TX3985,W1485,W2462,9.86,1726231985,ETH
TX3986,W1486,W2499,9.87,1726231986,ETH
TX3987,W1487,W36,9.88,1726231987,ETH
TX3988,W1488,W73,9.89,1726231988,ETH
TX3989,W1489,W110,9.9,1726231989,ETH
TX3990,W1490,W147,9.91,1726231990,ETH
TX3991,W1491,W184,9.92,1726231991,ETH
TX3992,W1492,W221,9.93,1726231992,ETH
TX3993,W1493,W258,9.94,1726231993,ETH
TX3994,W1494,W295,9.95,1726231994,ETH
TX3995,W1495,W332,9.96,1726231995,ETH
TX3996,W1496,W369,9.97,1726231996,ETH
TX3997,W1497,W406,9.98,1726231997,ETH
TX3998,W1498,W443,9.99,1726231998,ETH
TX3999,W1499,W480,10,1726231999,ETH
TX4000,W1500,W517,0.01,1726232000,ETH
TX4001,W1501,W554,0.02,1726232001,ETH
TX4002,W1502,W591,0.03,1726232002,ETH
TX4003,W1503,W628,0.04,1726232003,ETH
TX4004,W1504,W665,0.05,1726232004,ETH
TX4005,W1505,W702,0.06,1726232005,ETH
TX4006,W1506,W739,0.07,1726232006,ETH
TX4007,W1507,W776,0.08,1726232007,ETH
TX4008,W1508,W813,0.09,1726232008,ETH
TX4009,W1509,W850,0.1,1726232009,ETH
TX4010,W1510,W887,0.11,1726232010,ETH
TX4011,W1511,W924,0.12,1726232011,ETH
TX4012,W1512,W961,0.13,1726232012,ETH
TX4013,W1513,W998,0.14,1726232013,ETH
TX4014,W1514,W1035,0.15,1726232014,ETH
TX4015,W1515,W1072,0.16,1726232015,ETH
TX4016,W1516,W1109,0.17,1726232016,ETH
TX4017,W1517,W1146,0.18,1726232017,ETH
TX4018,W1518,W1183,0.19,1726232018,ETH
TX4019,W1519,W1220,0.2,1726232019,ETH
TX4020,W1520,W1257,0.21,1726232020,ETH
TX4021,W1521,W1294,0.22,1726232021,ETH
TX4022,W1522,W1331,0.23,1726232022,ETH
TX4023,W1523,W1368,0.24,1726232023,ETH
TX4024,W1524,W1405,0.25,1726232024,ETH
TX4025,W1525,W1442,0.26,1726232025,ETH
TX4026,W1526,W1479,0.27,1726232026,ETH
TX4027,W1527,W1516,0.28,1726232027,ETH
TX4028,W1528,W1553,0.29,1726232028,ETH
TX4029,W1529,W1590,0.3,1726232029,ETH
TX4030,W1530,W1627,0.31,1726232030,ETH
TX4031,W1531,W1664,0.32,1726232031,ETH
TX4032,W1532,W1701,0.33,1726232032,ETH
TX4033,W1533,W1738,0.34,1726232033,ETH
TX4034,W1534,W1775,0.35,1726232034,ETH
TX4035,W1535,W1812,0.36,1726232035,ETH
TX4036,W1536,W1849,0.37,1726232036,ETH
TX4037,W1537,W1886,0.38,1726232037,ETH
TX4038,W1538,W1923,0.39,1726232038,ETH
TX4039,W1539,W1960,0.4,1726232039,ETH
TX4040,W1540,W1997,0.41,1726232040,ETH
TX4041,W1541,W2034,0.42,1726232041,ETH
TX4042,W1542,W2071,0.43,1726232042,ETH
TX4043,W1543,W2108,0.44,1726232043,ETH
TX4044,W1544,W2145,0.45,1726232044,ETH
TX4045,W1545,W2182,0.46,1726232045,ETH
TX4046,W1546,W2219,0.47,1726232046,ETH
TX4047,W1547,W2256,0.48,1726232047,ETH
TX4048,W1548,W2293,0.49,1726232048,ETH
TX4049,W1549,W2330,0.5,1726232049,ETH
TX4050,W1550,W2367,0.51,1726232050,ETH
TX4051,W1551,W2404,0.52,1726232051,ETH
TX4052,W1552,W2441,0.53,1726232052,ETH
TX4053,W1553,W2478,0.54,1726232053,ETH
TX4054,W1554,W15,0.55,1726232054,ETH
TX4055,W1555,W52,0.56,1726232055,ETH
TX4056,W1556,W89,0.57,1726232056,ETH
TX4057,W1557,W126,0.58,1726232057,ETH
TX4058,W1558,W163,0.59,1726232058,ETH
TX4059,W1559,W200,0.6,1726232059,ETH
TX4060,W1560,W237,0.61,1726232060,ETH
TX4061,W1561,W274,0.62,1726232061,ETH
TX4062,W1562,W311,0.63,1726232062,ETH
TX4063,W1563,W348,0.64,1726232063,ETH
TX4064,W1564,W385,0.65,1726232064,ETH
TX4065,W1565,W422,0.66,1726232065,ETH
TX4066,W1566,W459,0.67,1726232066,ETH
TX4067,W1567,W496,0.68,1726232067,ETH
TX4068,W1568,W533,0.69,1726232068,ETH
TX4069,W1569,W570,0.7,1726232069,ETH
TX4070,W1570,W607,0.71,1726232070,ETH
TX4071,W1571,W644,0.72,1726232071,ETH
TX4072,W1572,W681,0.73,1726232072,ETH
TX4073,W1573,W718,0.74,1726232073,ETH
TX4074,W1574,W755,0.75,1726232074,ETH
TX4075,W1575,W792,0.76,1726232075,ETH
TX4076,W1576,W829,0.77,1726232076,ETH
TX4077,W1577,W866,0.78,1726232077,ETH
TX4078,W1578,W903,0.79,1726232078,ETH
TX4079,W1579,W940,0.8,1726232079,ETH
TX4080,W1580,W977,0.81,1726232080,ETH
TX4081,W1581,W1014,0.82,1726232081,ETH
TX4082,W1582,W1051,0.83,1726232082,ETH
TX4083,W1583,W1088,0.84,1726232083,ETH
TX4084,W1584,W1125,0.85,1726232084,ETH
TX4085,W1585,W1162,0.86,1726232085,ETH
TX4086,W1586,W1199,0.87,1726232086,ETH
TX4087,W1587,W1236,0.88,1726232087,ETH
TX4088,W1588,W1273,0.89,1726232088,ETH
TX4089,W1589,W1310,0.9,1726232089,ETH
TX4090,W1590,W1347,0.91,1726232090,ETH
TX4091,W1591,W1384,0.92,1726232091,ETH
TX4092,W1592,W1421,0.93,1726232092,ETH
TX4093,W1593,W1458,0.94,1726232093,ETH
TX4094,W1594,W1495,0.95,1726232094,ETH
TX4095,W1595,W1532,0.96,1726232095,ETH
TX4096,W1596,W1569,0.97,1726232096,ETH
TX4097,W1597,W1606,0.98,1726232097,ETH
TX4098,W1598,W1643,0.99,1726232098,ETH
TX4099,W1599,W1680,1,1726232099,ETH
TX4100,W1600,W1717,1.01,1726232100,ETH
TX4101,W1601,W1754,1.02,1726232101,ETH
TX4102,W1602,W1791,1.03,1726232102,ETH
TX4103,W1603,W1828,1.04,1726232103,ETH
TX4104,W1604,W1865,1.05,1726232104,ETH
TX4105,W1605,W1902,1.06,1726232105,ETH
TX4106,W1606,W1939,1.07,1726232106,ETH
TX4107,W1607,W1976,1.08,1726232107,ETH
TX4108,W1608,W2013,1.09,1726232108,ETH
TX4109,W1609,W2050,1.1,1726232109,ETH
TX4110,W1610,W2087,1.11,1726232110,ETH
TX4111,W1611,W2124,1.12,1726232111,ETH
TX4112,W1612,W2161,1.13,1726232112,ETH
TX4113,W1613,W2198,1.14,1726232113,ETH
TX4114,W1614,W2235,1.15,1726232114,ETH
TX4115,W1615,W2272,1.16,1726232115,ETH
TX4116,W1616,W2309,1.17,1726232116,ETH
TX4117,W1617,W2346,1.18,1726232117,ETH
TX4118,W1618,W2383,1.19,1726232118,ETH
TX4119,W1619,W2420,1.2,1726232119,ETH
TX4120,W1620,W2457,1.21,1726232120,ETH
TX4121,W1621,W2494,1.22,1726232121,ETH
TX4122,W1622,W31,1.23,1726232122,ETH
TX4123,W1623,W68,1.24,1726232123,ETH
TX4124,W1624,W105,1.25,1726232124,ETH
TX4125,W1625,W142,1.26,1726232125,ETH
TX4126,W1626,W179,1.27,1726232126,ETH
TX4127,W1627,W216,1.28,1726232127,ETH
TX4128,W1628,W253,1.29,1726232128,ETH
TX4129,W1629,W290,1.3,1726232129,ETH
TX4130,W1630,W327,1.31,1726232130,ETH
TX4131,W1631,W364,1.32,1726232131,ETH
TX4132,W1632,W401,1.33,1726232132,ETH
TX4133,W1633,W438,1.34,1726232133,ETH
TX4134,W1634,W475,1.35,1726232134,ETH
TX4135,W1635,W512,1.36,1726232135,ETH
TX4136,W1636,W549,1.37,1726232136,ETH
TX4137,W1637,W586,1.38,1726232137,ETH
TX4138,W1638,W623,1.39,1726232138,ETH
TX4139,W1639,W660,1.4,1726232139,ETH
TX4140,W1640,W697,1.41,1726232140,ETH
TX4141,W1641,W734,1.42,1726232141,ETH
TX4142,W1642,W771,1.43,1726232142,ETH
TX4143,W1643,W808,1.44,1726232143,ETH
TX4144,W1644,W845,1.45,1726232144,ETH
TX4145,W1645,W882,1.46,1726232145,ETH
TX4146,W1646,W919,1.47,1726232146,ETH
TX4147,W1647,W956,1.48,1726232147,ETH
TX4148,W1648,W993,1.49,1726232148,ETH
TX4149,W1649,W1030,1.5,1726232149,ETH
TX4150,W1650,W1067,1.51,1726232150,ETH
TX4151,W1651,W1104,1.52,1726232151,ETH
TX4152,W1652,W1141,1.53,1726232152,ETH
TX4153,W1653,W1178,1.54,1726232153,ETH
TX4154,W1654,W1215,1.55,1726232154,ETH
TX4155,W1655,W1252,1.56,1726232155,ETH
TX4156,W1656,W1289,1.57,1726232156,ETH
TX4157,W1657,W1326,1.58,1726232157,ETH
TX4158,W1658,W1363,1.59,1726232158,ETH
TX4159,W1659,W1400,1.6,1726232159,ETH
TX4160,W1660,W1437,1.61,1726232160,ETH
TX4161,W1661,W1474,1.62,1726232161,ETH
TX4162,W1662,W1511,1.63,1726232162,ETH
TX4163,W1663,W1548,1.64,1726232163,ETH
TX4164,W1664,W1585,1.65,1726232164,ETH
TX4165,W1665,W1622,1.66,1726232165,ETH
TX4166,W1666,W1659,1.67,1726232166,ETH
TX4167,W1667,W1696,1.68,1726232167,ETH
TX4168,W1668,W1733,1.69,1726232168,ETH
TX4169,W1669,W1770,1.7,1726232169,ETH
TX4170,W1670,W1807,1.71,1726232170,ETH
TX4171,W1671,W1844,1.72,1726232171,ETH
TX4172,W1672,W1881,1.73,1726232172,ETH
TX4173,W1673,W1918,1.74,1726232173,ETH
TX4174,W1674,W1955,1.75,1726232174,ETH
TX4175,W1675,W1992,1.76,1726232175,ETH
TX4176,W1676,W2029,1.77,1726232176,ETH
TX4177,W1677,W2066,1.78,1726232177,ETH
TX4178,W1678,W2103,1.79,1726232178,ETH
TX4179,W1679,W2140,1.8,1726232179,ETH
TX4180,W1680,W2177,1.81,1726232180,ETH
TX4181,W1681,W2214,1.82,1726232181,ETH
TX4182,W1682,W2251,1.83,1726232182,ETH
TX4183,W1683,W2288,1.84,1726232183,ETH
TX4184,W1684,W2325,1.85,1726232184,ETH
TX4185,W1685,W2362,1.86,1726232185,ETH
TX4186,W1686,W2399,1.87,1726232186,ETH
TX4187,W1687,W2436,1.88,1726232187,ETH
TX4188,W1688,W2473,1.89,1726232188,ETH
TX4189,W1689,W10,1.9,1726232189,ETH
TX4190,W1690,W47,1.91,1726232190,ETH
TX4191,W1691,W84,1.92,1726232191,ETH
TX4192,W1692,W121,1.93,1726232192,ETH
TX4193,W1693,W158,1.94,1726232193,ETH
TX4194,W1694,W195,1.95,1726232194,ETH
TX4195,W1695,W232,1.96,1726232195,ETH
TX4196,W1696,W269,1.97,1726232196,ETH
TX4197,W1697,W306,1.98,1726232197,ETH
TX4198,W1698,W343,1.99,1726232198,ETH
TX4199,W1699,W380,2,1726232199,ETH
TX4200,W1700,W417,2.01,1726232200,ETH
TX4201,W1701,W454,2.02,1726232201,ETH
TX4202,W1702,W491,2.03,1726232202,ETH
TX4203,W1703,W528,2.04,1726232203,ETH
TX4204,W1704,W565,2.05,1726232204,ETH
TX4205,W1705,W602,2.06,1726232205,ETH
TX4206,W1706,W639,2.07,1726232206,ETH
TX4207,W1707,W676,2.08,1726232207,ETH
TX4208,W1708,W713,2.09,1726232208,ETH
TX4209,W1709,W750,2.1,1726232209,ETH
TX4210,W1710,W787,2.11,1726232210,ETH
TX4211,W1711,W824,2.12,1726232211,ETH
TX4212,W1712,W861,2.13,1726232212,ETH
TX4213,W1713,W898,2.14,1726232213,ETH
TX4214,W1714,W935,2.15,1726232214,ETH
TX4215,W1715,W972,2.16,1726232215,ETH
TX4216,W1716,W1009,2.17,1726232216,ETH
TX4217,W1717,W1046,2.18,1726232217,ETH
TX4218,W1718,W1083,2.19,1726232218,ETH
TX4219,W1719,W1120,2.2,1726232219,ETH
TX4220,W1720,W1157,2.21,1726232220,ETH
TX4221,W1721,W1194,2.22,1726232221,ETH
TX4222,W1722,W1231,2.23,1726232222,ETH
TX4223,W1723,W1268,2.24,1726232223,ETH
TX4224,W1724,W1305,2.25,1726232224,ETH
TX4225,W1725,W1342,2.26,1726232225,ETH
TX4226,W1726,W1379,2.27,1726232226,ETH
TX4227,W1727,W1416,2.28,1726232227,ETH
TX4228,W1728,W1453,2.29,1726232228,ETH
TX4229,W1729,W1490,2.3,1726232229,ETH
TX4230,W1730,W1527,2.31,1726232230,ETH
TX4231,W1731,W1564,2.32,1726232231,ETH
TX4232,W1732,W1601,2.33,1726232232,ETH
TX4233,W1733,W1638,2.34,1726232233,ETH
TX4234,W1734,W1675,2.35,1726232234,ETH
TX4235,W1735,W1712,2.36,1726232235,ETH
TX4236,W1736,W1749,2.37,1726232236,ETH
TX4237,W1737,W1786,2.38,1726232237,ETH
TX4238,W1738,W1823,2.39,1726232238,ETH
TX4239,W1739,W1860,2.4,1726232239,ETH
TX4240,W1740,W1897,2.41,1726232240,ETH
TX4241,W1741,W1934,2.42,1726232241,ETH
TX4242,W1742,W1971,2.43,1726232242,ETH
TX4243,W1743,W2008,2.44,1726232243,ETH
TX4244,W1744,W2045,2.45,1726232244,ETH
TX4245,W1745,W2082,2.46,1726232245,ETH
TX4246,W1746,W2119,2.47,1726232246,ETH
TX4247,W1747,W2156,2.48,1726232247,ETH
TX4248,W1748,W2193,2.49,1726232248,ETH
TX4249,W1749,W2230,2.5,1726232249,ETH
TX4250,W1750,W2267,2.51,1726232250,ETH
TX4251,W1751,W2304,2.52,1726232251,ETH
TX4252,W1752,W2341,2.53,1726232252,ETH
TX4253,W1753,W2378,2.54,1726232253,ETH
TX4254,W1754,W2415,2.55,1726232254,ETH
TX4255,W1755,W2452,2.56,1726232255,ETH
TX4256,W1756,W2489,2.57,1726232256,ETH
TX4257,W1757,W26,2.58,1726232257,ETH
TX4258,W1758,W63,2.59,1726232258,ETH
TX4259,W1759,W100,2.6,1726232259,ETH
TX4260,W1760,W137,2.61,1726232260,ETH
TX4261,W1761,W174,2.62,1726232261,ETH
TX4262,W1762,W211,2.63,1726232262,ETH
TX4263,W1763,W248,2.64,1726232263,ETH
TX4264,W1764,W285,2.65,1726232264,ETH
TX4265,W1765,W322,2.66,1726232265,ETH
TX4266,W1766,W359,2.67,1726232266,ETH
TX4267,W1767,W396,2.68,1726232267,ETH
TX4268,W1768,W433,2.69,1726232268,ETH
TX4269,W1769,W470,2.7,1726232269,ETH
TX4270,W1770,W507,2.71,1726232270,ETH
TX4271,W1771,W544,2.72,1726232271,ETH
TX4272,W1772,W581,2.73,1726232272,ETH
TX4273,W1773,W618,2.74,1726232273,ETH
TX4274,W1774,W655,2.75,1726232274,ETH
TX4275,W1775,W692,2.76,1726232275,ETH
TX4276,W1776,W729,2.77,1726232276,ETH
TX4277,W1777,W766,2.78,1726232277,ETH
TX4278,W1778,W803,2.79,1726232278,ETH
TX4279,W1779,W840,2.8,1726232279,ETH
TX4280,W1780,W877,2.81,1726232280,ETH
TX4281,W1781,W914,2.82,1726232281,ETH
TX4282,W1782,W951,2.83,1726232282,ETH
TX4283,W1783,W988,2.84,1726232283,ETH
TX4284,W1784,W1025,2.85,1726232284,ETH
TX4285,W1785,W1062,2.86,1726232285,ETH
TX4286,W1786,W1099,2.87,1726232286,ETH
TX4287,W1787,W1136,2.88,1726232287,ETH
TX4288,W1788,W1173,2.89,1726232288,ETH
TX4289,W1789,W1210,2.9,1726232289,ETH
TX4290,W1790,W1247,2.91,1726232290,ETH
TX4291,W1791,W1284,2.92,1726232291,ETH
TX4292,W1792,W1321,2.93,1726232292,ETH
TX4293,W1793,W1358,2.94,1726232293,ETH
TX4294,W1794,W1395,2.95,1726232294,ETH
TX4295,W1795,W1432,2.96,1726232295,ETH
TX4296,W1796,W1469,2.97,1726232296,ETH
TX4297,W1797,W1506,2.98,1726232297,ETH
TX4298,W1798,W1543,2.99,1726232298,ETH
TX4299,W1799,W1580,3,1726232299,ETH
TX4300,W1800,W1617,3.01,1726232300,ETH
TX4301,W1801,W1654,3.02,1726232301,ETH
TX4302,W1802,W1691,3.03,1726232302,ETH
TX4303,W1803,W1728,3.04,1726232303,ETH
TX4304,W1804,W1765,3.05,1726232304,ETH
TX4305,W1805,W1802,3.06,1726232305,ETH
TX4306,W1806,W1839,3.07,1726232306,ETH
TX4307,W1807,W1876,3.08,1726232307,ETH
TX4308,W1808,W1913,3.09,1726232308,ETH
TX4309,W1809,W1950,3.1,1726232309,ETH
TX4310,W1810,W1987,3.11,1726232310,ETH
TX4311,W1811,W2024,3.12,1726232311,ETH
TX4312,W1812,W2061,3.13,1726232312,ETH
TX4313,W1813,W2098,3.14,1726232313,ETH
TX4314,W1814,W2135,3.15,1726232314,ETH
TX4315,W1815,W2172,3.16,1726232315,ETH
TX4316,W1816,W2209,3.17,1726232316,ETH
TX4317,W1817,W2246,3.18,1726232317,ETH
TX4318,W1818,W2283,3.19,1726232318,ETH
TX4319,W1819,W2320,3.2,1726232319,ETH
TX4320,W1820,W2357,3.21,1726232320,ETH
TX4321,W1821,W2394,3.22,1726232321,ETH
TX4322,W1822,W2431,3.23,1726232322,ETH
TX4323,W1823,W2468,3.24,1726232323,ETH
TX4324,W1824,W5,3.25,1726232324,ETH
TX4325,W1825,W42,3.26,1726232325,ETH
TX4326,W1826,W79,3.27,1726232326,ETH
TX4327,W1827,W116,3.28,1726232327,ETH
TX4328,W1828,W153,3.29,1726232328,ETH
TX4329,W1829,W190,3.3,1726232329,ETH
TX4330,W1830,W227,3.31,1726232330,ETH
TX4331,W1831,W264,3.32,1726232331,ETH
TX4332,W1832,W301,3.33,1726232332,ETH
TX4333,W1833,W338,3.34,1726232333,ETH
TX4334,W1834,W375,3.35,1726232334,ETH
TX4335,W1835,W412,3.36,1726232335,ETH
TX4336,W1836,W449,3.37,1726232336,ETH
TX4337,W1837,W486,3.38,1726232337,ETH
TX4338,W1838,W523,3.39,1726232338,ETH
TX4339,W1839,W560,3.4,1726232339,ETH
TX4340,W1840,W597,3.41,1726232340,ETH
TX4341,W1841,W634,3.42,1726232341,ETH
TX4342,W1842,W671,3.43,1726232342,ETH
TX4343,W1843,W708,3.44,1726232343,ETH
TX4344,W1844,W745,3.45,1726232344,ETH
TX4345,W1845,W782,3.46,1726232345,ETH
TX4346,W1846,W819,3.47,1726232346,ETH
TX4347,W1847,W856,3.48,1726232347,ETH
TX4348,W1848,W893,3.49,1726232348,ETH
TX4349,W1849,W930,3.5,1726232349,ETH
TX4350,W1850,W967,3.51,1726232350,ETH
TX4351,W1851,W1004,3.52,1726232351,ETH
TX4352,W1852,W1041,3.53,1726232352,ETH
TX4353,W1853,W1078,3.54,1726232353,ETH
TX4354,W1854,W1115,3.55,1726232354,ETH
TX4355,W1855,W1152,3.56,1726232355,ETH
TX4356,W1856,W1189,3.57,1726232356,ETH
TX4357,W1857,W1226,3.58,1726232357,ETH
TX4358,W1858,W1263,3.59,1726232358,ETH
TX4359,W1859,W1300,3.6,1726232359,ETH
TX4360,W1860,W1337,3.61,1726232360,ETH
TX4361,W1861,W1374,3.62,1726232361,ETH
TX4362,W1862,W1411,3.63,1726232362,ETH
TX4363,W1863,W1448,3.64,1726232363,ETH
TX4364,W1864,W1485,3.65,1726232364,ETH
TX4365,W1865,W1522,3.66,1726232365,ETH
TX4366,W1866,W1559,3.67,1726232366,ETH
TX4367,W1867,W1596,3.68,1726232367,ETH
TX4368,W1868,W1633,3.69,1726232368,ETH
TX4369,W1869,W1670,3.7,1726232369,ETH
TX4370,W1870,W1707,3.71,1726232370,ETH
TX4371,W1871,W1744,3.72,1726232371,ETH
TX4372,W1872,W1781,3.73,1726232372,ETH
TX4373,W1873,W1818,3.74,1726232373,ETH
TX4374,W1874,W1855,3.75,1726232374,ETH
TX4375,W1875,W1892,3.76,1726232375,ETH
TX4376,W1876,W1929,3.77,1726232376,ETH
TX4377,W1877,W1966,3.78,1726232377,ETH
TX4378,W1878,W2003,3.79,1726232378,ETH
TX4379,W1879,W2040,3.8,1726232379,ETH
TX4380,W1880,W2077,3.81,1726232380,ETH
TX4381,W1881,W2114,3.82,1726232381,ETH
TX4382,W1882,W2151,3.83,1726232382,ETH
TX4383,W1883,W2188,3.84,1726232383,ETH
TX4384,W1884,W2225,3.85,1726232384,ETH
TX4385,W1885,W2262,3.86,1726232385,ETH
TX4386,W1886,W2299,3.87,1726232386,ETH
TX4387,W1887,W2336,3.88,1726232387,ETH
TX4388,W1888,W2373,3.89,1726232388,ETH
TX4389,W1889,W2410,3.9,1726232389,ETH
TX4390,W1890,W2447,3.91,1726232390,ETH
TX4391,W1891,W2484,3.92,1726232391,ETH
TX4392,W1892,W21,3.93,1726232392,ETH
TX4393,W1893,W58,3.94,1726232393,ETH
TX4394,W1894,W95,3.95,1726232394,ETH
TX4395,W1895,W132,3.96,1726232395,ETH
TX4396,W1896,W169,3.97,1726232396,ETH
TX4397,W1897,W206,3.98,1726232397,ETH
TX4398,W1898,W243,3.99,1726232398,ETH
TX4399,W1899,W280,4,1726232399,ETH
TX4400,W1900,W317,4.01,1726232400,ETH
TX4401,W1901,W354,4.02,1726232401,ETH
TX4402,W1902,W391,4.03,1726232402,ETH
TX4403,W1903,W428,4.04,1726232403,ETH
TX4404,W1904,W465,4.05,1726232404,ETH
TX4405,W1905,W502,4.06,1726232405,ETH
TX4406,W1906,W539,4.07,1726232406,ETH
TX4407,W1907,W576,4.08,1726232407,ETH
TX4408,W1908,W613,4.09,1726232408,ETH
TX4409,W1909,W650,4.1,1726232409,ETH
TX4410,W1910,W687,4.11,1726232410,ETH
TX4411,W1911,W724,4.12,1726232411,ETH
TX4412,W1912,W761,4.13,1726232412,ETH
TX4413,W1913,W798,4.14,1726232413,ETH
TX4414,W1914,W835,4.15,1726232414,ETH
TX4415,W1915,W872,4.16,1726232415,ETH
TX4416,W1916,W909,4.17,1726232416,ETH
TX4417,W1917,W946,4.18,1726232417,ETH
TX4418,W1918,W983,4.19,1726232418,ETH
TX4419,W1919,W1020,4.2,1726232419,ETH
TX4420,W1920,W1057,4.21,1726232420,ETH
TX4421,W1921,W1094,4.22,1726232421,ETH
TX4422,W1922,W1131,4.23,1726232422,ETH
TX4423,W1923,W1168,4.24,1726232423,ETH
TX4424,W1924,W1205,4.25,1726232424,ETH
TX4425,W1925,W1242,4.26,1726232425,ETH
TX4426,W1926,W1279,4.27,1726232426,ETH
TX4427,W1927,W1316,4.28,1726232427,ETH
TX4428,W1928,W1353,4.29,1726232428,ETH
TX4429,W1929,W1390,4.3,1726232429,ETH
TX4430,W1930,W1427,4.31,1726232430,ETH
TX4431,W1931,W1464,4.32,1726232431,ETH
TX4432,W1932,W1501,4.33,1726232432,ETH
TX4433,W1933,W1538,4.34,1726232433,ETH
TX4434,W1934,W1575,4.35,1726232434,ETH
TX4435,W1935,W1612,4.36,1726232435,ETH
TX4436,W1936,W1649,4.37,1726232436,ETH
TX4437,W1937,W1686,4.38,1726232437,ETH
TX4438,W1938,W1723,4.39,1726232438,ETH
TX4439,W1939,W1760,4.4,1726232439,ETH
TX4440,W1940,W1797,4.41,1726232440,ETH
TX4441,W1941,W1834,4.42,1726232441,ETH
TX4442,W1942,W1871,4.43,1726232442,ETH
TX4443,W1943,W1908,4.44,1726232443,ETH
TX4444,W1944,W1945,4.45,1726232444,ETH
TX4445,W1945,W1982,4.46,1726232445,ETH
TX4446,W1946,W2019,4.47,1726232446,ETH
TX4447,W1947,W2056,4.48,1726232447,ETH
TX4448,W1948,W2093,4.49,1726232448,ETH
TX4449,W1949,W2130,4.5,1726232449,ETH
TX4450,W1950,W2167,4.51,1726232450,ETH
TX4451,W1951,W2204,4.52,1726232451,ETH
TX4452,W1952,W2241,4.53,1726232452,ETH
TX4453,W1953,W2278,4.54,1726232453,ETH
TX4454,W1954,W2315,4.55,1726232454,ETH
TX4455,W1955,W2352,4.56,1726232455,ETH
TX4456,W1956,W2389,4.57,1726232456,ETH
TX4457,W1957,W2426,4.58,1726232457,ETH
TX4458,W1958,W2463,4.59,1726232458,ETH
TX4459,W1959,W0,4.6,1726232459,ETH
TX4460,W1960,W37,4.61,1726232460,ETH
TX4461,W1961,W74,4.62,1726232461,ETH
TX4462,W1962,W111,4.63,1726232462,ETH
TX4463,W1963,W148,4.64,1726232463,ETH
TX4464,W1964,W185,4.65,1726232464,ETH
TX4465,W1965,W222,4.66,1726232465,ETH
TX4466,W1966,W259,4.67,1726232466,ETH
TX4467,W1967,W296,4.68,1726232467,ETH
TX4468,W1968,W333,4.69,1726232468,ETH
TX4469,W1969,W370,4.7,1726232469,ETH
TX4470,W1970,W407,4.71,1726232470,ETH
TX4471,W1971,W444,4.72,1726232471,ETH
TX4472,W1972,W481,4.73,1726232472,ETH
TX4473,W1973,W518,4.74,1726232473,ETH
TX4474,W1974,W555,4.75,1726232474,ETH
TX4475,W1975,W592,4.76,1726232475,ETH
TX4476,W1976,W629,4.77,1726232476,ETH
TX4477,W1977,W666,4.78,1726232477,ETH
TX4478,W1978,W703,4.79,1726232478,ETH
TX4479,W1979,W740,4.8,1726232479,ETH
TX4480,W1980,W777,4.81,1726232480,ETH
TX4481,W1981,W814,4.82,1726232481,ETH
TX4482,W1982,W851,4.83,1726232482,ETH
TX4483,W1983,W888,4.84,1726232483,ETH
TX4484,W1984,W925,4.85,1726232484,ETH
TX4485,W1985,W962,4.86,1726232485,ETH
TX4486,W1986,W999,4.87,1726232486,ETH
TX4487,W1987,W1036,4.88,1726232487,ETH
TX4488,W1988,W1073,4.89,1726232488,ETH
TX4489,W1989,W1110,4.9,1726232489,ETH
TX4490,W1990,W1147,4.91,1726232490,ETH
TX4491,W1991,W1184,4.92,1726232491,ETH
TX4492,W1992,W1221,4.93,1726232492,ETH
TX4493,W1993,W1258,4.94,1726232493,ETH
TX4494,W1994,W1295,4.95,1726232494,ETH
TX4495,W1995,W1332,4.96,1726232495,ETH
TX4496,W1996,W1369,4.97,1726232496,ETH
TX4497,W1997,W1406,4.98,1726232497,ETH
TX4498,W1998,W1443,4.99,1726232498,ETH
TX4499,W1999,W1480,5,1726232499,ETH
TX4500,W2000,W1517,5.01,1726232500,ETH
TX4501,W2001,W1554,5.02,1726232501,ETH
TX4502,W2002,W1591,5.03,1726232502,ETH
TX4503,W2003,W1628,5.04,1726232503,ETH
TX4504,W2004,W1665,5.05,1726232504,ETH
TX4505,W2005,W1702,5.06,1726232505,ETH
TX4506,W2006,W1739,5.07,1726232506,ETH
TX4507,W2007,W1776,5.08,1726232507,ETH
TX4508,W2008,W1813,5.09,1726232508,ETH
TX4509,W2009,W1850,5.1,1726232509,ETH
TX4510,W2010,W1887,5.11,1726232510,ETH
TX4511,W2011,W1924,5.12,1726232511,ETH
TX4512,W2012,W1961,5.13,1726232512,ETH
TX4513,W2013,W1998,5.14,1726232513,ETH
TX4514,W2014,W2035,5.15,1726232514,ETH
TX4515,W2015,W2072,5.16,1726232515,ETH
TX4516,W2016,W2109,5.17,1726232516,ETH
TX4517,W2017,W2146,5.18,1726232517,ETH
TX4518,W2018,W2183,5.19,1726232518,ETH
TX4519,W2019,W2220,5.2,1726232519,ETH
TX4520,W2020,W2257,5.21,1726232520,ETH
TX4521,W2021,W2294,5.22,1726232521,ETH
TX4522,W2022,W2331,5.23,1726232522,ETH
TX4523,W2023,W2368,5.24,1726232523,ETH
TX4524,W2024,W2405,5.25,1726232524,ETH
TX4525,W2025,W2442,5.26,1726232525,ETH
TX4526,W2026,W2479,5.27,1726232526,ETH
TX4527,W2027,W16,5.28,1726232527,ETH
TX4528,W2028,W53,5.29,1726232528,ETH
TX4529,W2029,W90,5.3,1726232529,ETH
TX4530,W2030,W127,5.31,1726232530,ETH
TX4531,W2031,W164,5.32,1726232531,ETH
TX4532,W2032,W201,5.33,1726232532,ETH
TX4533,W2033,W238,5.34,1726232533,ETH
TX4534,W2034,W275,5.35,1726232534,ETH
TX4535,W2035,W312,5.36,1726232535,ETH
TX4536,W2036,W349,5.37,1726232536,ETH
TX4537,W2037,W386,5.38,1726232537,ETH
TX4538,W2038,W423,5.39,1726232538,ETH
TX4539,W2039,W460,5.4,1726232539,ETH
TX4540,W2040,W497,5.41,1726232540,ETH
TX4541,W2041,W534,5.42,1726232541,ETH
TX4542,W2042,W571,5.43,1726232542,ETH
TX4543,W2043,W608,5.44,1726232543,ETH
TX4544,W2044,W645,5.45,1726232544,ETH
TX4545,W2045,W682,5.46,1726232545,ETH
TX4546,W2046,W719,5.47,1726232546,ETH
TX4547,W2047,W756,5.48,1726232547,ETH
TX4548,W2048,W793,5.49,1726232548,ETH
TX4549,W2049,W830,5.5,1726232549,ETH
TX4550,W2050,W867,5.51,1726232550,ETH
TX4551,W2051,W904,5.52,1726232551,ETH
TX4552,W2052,W941,5.53,1726232552,ETH
TX4553,W2053,W978,5.54,1726232553,ETH
TX4554,W2054,W1015,5.55,1726232554,ETH
TX4555,W2055,W1052,5.56,1726232555,ETH
TX4556,W2056,W1089,5.57,1726232556,ETH
TX4557,W2057,W1126,5.58,1726232557,ETH
TX4558,W2058,W1163,5.59,1726232558,ETH
TX4559,W2059,W1200,5.6,1726232559,ETH
TX4560,W2060,W1237,5.61,1726232560,ETH
TX4561,W2061,W1274,5.62,1726232561,ETH
TX4562,W2062,W1311,5.63,1726232562,ETH
TX4563,W2063,W1348,5.64,1726232563,ETH
TX4564,W2064,W1385,5.65,1726232564,ETH
TX4565,W2065,W1422,5.66,1726232565,ETH
TX4566,W2066,W1459,5.67,1726232566,ETH
TX4567,W2067,W1496,5.68,1726232567,ETH
TX4568,W2068,W1533,5.69,1726232568,ETH
TX4569,W2069,W1570,5.7,1726232569,ETH
TX4570,W2070,W1607,5.71,1726232570,ETH
TX4571,W2071,W1644,5.72,1726232571,ETH
TX4572,W2072,W1681,5.73,1726232572,ETH
TX4573,W2073,W1718,5.74,1726232573,ETH
TX4574,W2074,W1755,5.75,1726232574,ETH
TX4575,W2075,W1792,5.76,1726232575,ETH
TX4576,W2076,W1829,5.77,1726232576,ETH
TX4577,W2077,W1866,5.78,1726232577,ETH
TX4578,W2078,W1903,5.79,1726232578,ETH
TX4579,W2079,W1940,5.8,1726232579,ETH
TX4580,W2080,W1977,5.81,1726232580,ETH
TX4581,W2081,W2014,5.82,1726232581,ETH
TX4582,W2082,W2051,5.83,1726232582,ETH
TX4583,W2083,W2088,5.84,1726232583,ETH
TX4584,W2084,W2125,5.85,1726232584,ETH
TX4585,W2085,W2162,5.86,1726232585,ETH
TX4586,W2086,W2199,5.87,1726232586,ETH
TX4587,W2087,W2236,5.88,1726232587,ETH
TX4588,W2088,W2273,5.89,1726232588,ETH
TX4589,W2089,W2310,5.9,1726232589,ETH
TX4590,W2090,W2347,5.91,1726232590,ETH
TX4591,W2091,W2384,5.92,1726232591,ETH
TX4592,W2092,W2421,5.93,1726232592,ETH
TX4593,W2093,W2458,5.94,1726232593,ETH
TX4594,W2094,W2495,5.95,1726232594,ETH
TX4595,W2095,W32,5.96,1726232595,ETH
TX4596,W2096,W69,5.97,1726232596,ETH
TX4597,W2097,W106,5.98,1726232597,ETH
TX4598,W2098,W143,5.99,1726232598,ETH
TX4599,W2099,W180,6,1726232599,ETH
TX4600,W2100,W217,6.01,1726232600,ETH
TX4601,W2101,W254,6.02,1726232601,ETH
TX4602,W2102,W291,6.03,1726232602,ETH
TX4603,W2103,W328,6.04,1726232603,ETH
TX4604,W2104,W365,6.05,1726232604,ETH
TX4605,W2105,W402,6.06,1726232605,ETH
TX4606,W2106,W439,6.07,1726232606,ETH
TX4607,W2107,W476,6.08,1726232607,ETH
TX4608,W2108,W513,6.09,1726232608,ETH
TX4609,W2109,W550,6.1,1726232609,ETH
TX4610,W2110,W587,6.11,1726232610,ETH
TX4611,W2111,W624,6.12,1726232611,ETH
TX4612,W2112,W661,6.13,1726232612,ETH
TX4613,W2113,W698,6.14,1726232613,ETH
TX4614,W2114,W735,6.15,1726232614,ETH
TX4615,W2115,W772,6.16,1726232615,ETH
TX4616,W2116,W809,6.17,1726232616,ETH
TX4617,W2117,W846,6.18,1726232617,ETH
TX4618,W2118,W883,6.19,1726232618,ETH
TX4619,W2119,W920,6.2,1726232619,ETH
TX4620,W2120,W957,6.21,1726232620,ETH
TX4621,W2121,W994,6.22,1726232621,ETH
TX4622,W2122,W1031,6.23,1726232622,ETH
TX4623,W2123,W1068,6.24,1726232623,ETH
TX4624,W2124,W1105,6.25,1726232624,ETH
TX4625,W2125,W1142,6.26,1726232625,ETH
TX4626,W2126,W1179,6.27,1726232626,ETH
TX4627,W2127,W1216,6.28,1726232627,ETH
TX4628,W2128,W1253,6.29,1726232628,ETH
TX4629,W2129,W1290,6.3,1726232629,ETH
TX4630,W2130,W1327,6.31,1726232630,ETH
TX4631,W2131,W1364,6.32,1726232631,ETH
TX4632,W2132,W1401,6.33,1726232632,ETH
TX4633,W2133,W1438,6.34,1726232633,ETH
TX4634,W2134,W1475,6.35,1726232634,ETH
TX4635,W2135,W1512,6.36,1726232635,ETH
TX4636,W2136,W1549,6.37,1726232636,ETH
TX4637,W2137,W1586,6.38,1726232637,ETH
TX4638,W2138,W1623,6.39,1726232638,ETH
TX4639,W2139,W1660,6.4,1726232639,ETH
TX4640,W2140,W1697,6.41,1726232640,ETH
TX4641,W2141,W1734,6.42,1726232641,ETH
TX4642,W2142,W1771,6.43,1726232642,ETH
TX4643,W2143,W1808,6.44,1726232643,ETH
TX4644,W2144,W1845,6.45,1726232644,ETH
TX4645,W2145,W1882,6.46,1726232645,ETH
TX4646,W2146,W1919,6.47,1726232646,ETH
TX4647,W2147,W1956,6.48,1726232647,ETH
TX4648,W2148,W1993,6.49,1726232648,ETH
TX4649,W2149,W2030,6.5,1726232649,ETH
TX4650,W2150,W2067,6.51,1726232650,ETH
TX4651,W2151,W2104,6.52,1726232651,ETH
TX4652,W2152,W2141,6.53,1726232652,ETH
TX4653,W2153,W2178,6.54,1726232653,ETH
TX4654,W2154,W2215,6.55,1726232654,ETH
TX4655,W2155,W2252,6.56,1726232655,ETH
TX4656,W2156,W2289,6.57,1726232656,ETH
TX4657,W2157,W2326,6.58,1726232657,ETH
TX4658,W2158,W2363,6.59,1726232658,ETH
TX4659,W2159,W2400,6.6,1726232659,ETH
TX4660,W2160,W2437,6.61,1726232660,ETH
TX4661,W2161,W2474,6.62,1726232661,ETH
TX4662,W2162,W11,6.63,1726232662,ETH
TX4663,W2163,W48,6.64,1726232663,ETH
TX4664,W2164,W85,6.65,1726232664,ETH
TX4665,W2165,W122,6.66,1726232665,ETH
TX4666,W2166,W159,6.67,1726232666,ETH
TX4667,W2167,W196,6.68,1726232667,ETH
TX4668,W2168,W233,6.69,1726232668,ETH
TX4669,W2169,W270,6.7,1726232669,ETH
TX4670,W2170,W307,6.71,1726232670,ETH
TX4671,W2171,W344,6.72,1726232671,ETH
TX4672,W2172,W381,6.73,1726232672,ETH
TX4673,W2173,W418,6.74,1726232673,ETH
TX4674,W2174,W455,6.75,1726232674,ETH
TX4675,W2175,W492,6.76,1726232675,ETH
TX4676,W2176,W529,6.77,1726232676,ETH
TX4677,W2177,W566,6.78,1726232677,ETH
TX4678,W2178,W603,6.79,1726232678,ETH
TX4679,W2179,W640,6.8,1726232679,ETH
TX4680,W2180,W677,6.81,1726232680,ETH
TX4681,W2181,W714,6.82,1726232681,ETH
TX4682,W2182,W751,6.83,1726232682,ETH
TX4683,W2183,W788,6.84,1726232683,ETH
TX4684,W2184,W825,6.85,1726232684,ETH
TX4685,W2185,W862,6.86,1726232685,ETH
TX4686,W2186,W899,6.87,1726232686,ETH
TX4687,W2187,W936,6.88,1726232687,ETH
TX4688,W2188,W973,6.89,1726232688,ETH
TX4689,W2189,W1010,6.9,1726232689,ETH
TX4690,W2190,W1047,6.91,1726232690,ETH
TX4691,W2191,W1084,6.92,1726232691,ETH
TX4692,W2192,W1121,6.93,1726232692,ETH
TX4693,W2193,W1158,6.94,1726232693,ETH
TX4694,W2194,W1195,6.95,1726232694,ETH
TX4695,W2195,W1232,6.96,1726232695,ETH
TX4696,W2196,W1269,6.97,1726232696,ETH
TX4697,W2197,W1306,6.98,1726232697,ETH
TX4698,W2198,W1343,6.99,1726232698,ETH
TX4699,W2199,W1380,7,1726232699,ETH
TX4700,W2200,W1417,7.01,1726232700,ETH
TX4701,W2201,W1454,7.02,1726232701,ETH
TX4702,W2202,W1491,7.03,1726232702,ETH
TX4703,W2203,W1528,7.04,1726232703,ETH
TX4704,W2204,W1565,7.05,1726232704,ETH
TX4705,W2205,W1602,7.06,1726232705,ETH
TX4706,W2206,W1639,7.07,1726232706,ETH
TX4707,W2207,W1676,7.08,1726232707,ETH
TX4708,W2208,W1713,7.09,1726232708,ETH
TX4709,W2209,W1750,7.1,1726232709,ETH
TX4710,W2210,W1787,7.11,1726232710,ETH
TX4711,W2211,W1824,7.12,1726232711,ETH
TX4712,W2212,W1861,7.13,1726232712,ETH
TX4713,W2213,W1898,7.14,1726232713,ETH
TX4714,W2214,W1935,7.15,1726232714,ETH
TX4715,W2215,W1972,7.16,1726232715,ETH
TX4716,W2216,W2009,7.17,1726232716,ETH
TX4717,W2217,W2046,7.18,1726232717,ETH
TX4718,W2218,W2083,7.19,1726232718,ETH
TX4719,W2219,W2120,7.2,1726232719,ETH
TX4720,W2220,W2157,7.21,1726232720,ETH
TX4721,W2221,W2194,7.22,1726232721,ETH
TX4722,W2222,W2231,7.23,1726232722,ETH
TX4723,W2223,W2268,7.24,1726232723,ETH
TX4724,W2224,W2305,7.25,1726232724,ETH
TX4725,W2225,W2342,7.26,1726232725,ETH
TX4726,W2226,W2379,7.27,1726232726,ETH
TX4727,W2227,W2416,7.28,1726232727,ETH
TX4728,W2228,W2453,7.29,1726232728,ETH
TX4729,W2229,W2490,7.3,1726232729,ETH
TX4730,W2230,W27,7.31,1726232730,ETH
TX4731,W2231,W64,7.32,1726232731,ETH
TX4732,W2232,W101,7.33,1726232732,ETH
TX4733,W2233,W138,7.34,1726232733,ETH
TX4734,W2234,W175,7.35,1726232734,ETH
TX4735,W2235,W212,7.36,1726232735,ETH
TX4736,W2236,W249,7.37,1726232736,ETH
TX4737,W2237,W286,7.38,1726232737,ETH
TX4738,W2238,W323,7.39,1726232738,ETH
TX4739,W2239,W360,7.4,1726232739,ETH
TX4740,W2240,W397,7.41,1726232740,ETH
TX4741,W2241,W434,7.42,1726232741,ETH
TX4742,W2242,W471,7.43,1726232742,ETH
TX4743,W2243,W508,7.44,1726232743,ETH
TX4744,W2244,W545,7.45,1726232744,ETH
TX4745,W2245,W582,7.46,1726232745,ETH
TX4746,W2246,W619,7.47,1726232746,ETH
TX4747,W2247,W656,7.48,1726232747,ETH
TX4748,W2248,W693,7.49,1726232748,ETH
TX4749,W2249,W730,7.5,1726232749,ETH
TX4750,W2250,W767,7.51,1726232750,ETH
TX4751,W2251,W804,7.52,1726232751,ETH
TX4752,W2252,W841,7.53,1726232752,ETH
TX4753,W2253,W878,7.54,1726232753,ETH
TX4754,W2254,W915,7.55,1726232754,ETH
TX4755,W2255,W952,7.56,1726232755,ETH
TX4756,W2256,W989,7.57,1726232756,ETH
TX4757,W2257,W1026,7.58,1726232757,ETH
TX4758,W2258,W1063,7.59,1726232758,ETH
TX4759,W2259,W1100,7.6,1726232759,ETH
TX4760,W2260,W1137,7.61,1726232760,ETH
TX4761,W2261,W1174,7.62,1726232761,ETH
TX4762,W2262,W1211,7.63,1726232762,ETH
TX4763,W2263,W1248,7.64,1726232763,ETH
TX4764,W2264,W1285,7.65,1726232764,ETH
TX4765,W2265,W1322,7.66,1726232765,ETH
TX4766,W2266,W1359,7.67,1726232766,ETH
TX4767,W2267,W1396,7.68,1726232767,ETH
TX4768,W2268,W1433,7.69,1726232768,ETH
TX4769,W2269,W1470,7.7,1726232769,ETH
TX4770,W2270,W1507,7.71,1726232770,ETH
TX4771,W2271,W1544,7.72,1726232771,ETH
TX4772,W2272,W1581,7.73,1726232772,ETH
TX4773,W2273,W1618,7.74,1726232773,ETH
TX4774,W2274,W1655,7.75,1726232774,ETH
TX4775,W2275,W1692,7.76,1726232775,ETH
TX4776,W2276,W1729,7.77,1726232776,ETH
TX4777,W2277,W1766,7.78,1726232777,ETH
TX4778,W2278,W1803,7.79,1726232778,ETH
TX4779,W2279,W1840,7.8,1726232779,ETH
TX4780,W2280,W1877,7.81,1726232780,ETH
TX4781,W2281,W1914,7.82,1726232781,ETH
TX4782,W2282,W1951,7.83,1726232782,ETH
TX4783,W2283,W1988,7.84,1726232783,ETH
TX4784,W2284,W2025,7.85,1726232784,ETH
TX4785,W2285,W2062,7.86,1726232785,ETH
TX4786,W2286,W2099,7.87,1726232786,ETH
TX4787,W2287,W2136,7.88,1726232787,ETH
TX4788,W2288,W2173,7.89,1726232788,ETH
TX4789,W2289,W2210,7.9,1726232789,ETH
TX4790,W2290,W2247,7.91,1726232790,ETH
TX4791,W2291,W2284,7.92,1726232791,ETH
TX4792,W2292,W2321,7.93,1726232792,ETH
TX4793,W2293,W2358,7.94,1726232793,ETH
TX4794,W2294,W2395,7.95,1726232794,ETH
TX4795,W2295,W2432,7.96,1726232795,ETH
TX4796,W2296,W2469,7.97,1726232796,ETH
TX4797,W2297,W6,7.98,1726232797,ETH
TX4798,W2298,W43,7.99,1726232798,ETH
TX4799,W2299,W80,8,1726232799,ETH
TX4800,W2300,W117,8.01,1726232800,ETH
TX4801,W2301,W154,8.02,1726232801,ETH
TX4802,W2302,W191,8.03,1726232802,ETH
TX4803,W2303,W228,8.04,1726232803,ETH
TX4804,W2304,W265,8.05,1726232804,ETH
TX4805,W2305,W302,8.06,1726232805,ETH
TX4806,W2306,W339,8.07,1726232806,ETH
TX4807,W2307,W376,8.08,1726232807,ETH
TX4808,W2308,W413,8.09,1726232808,ETH
TX4809,W2309,W450,8.1,1726232809,ETH
TX4810,W2310,W487,8.11,1726232810,ETH
TX4811,W2311,W524,8.12,1726232811,ETH
TX4812,W2312,W561,8.13,1726232812,ETH
TX4813,W2313,W598,8.14,1726232813,ETH
TX4814,W2314,W635,8.15,1726232814,ETH
TX4815,W2315,W672,8.16,1726232815,ETH
TX4816,W2316,W709,8.17,1726232816,ETH
TX4817,W2317,W746,8.18,1726232817,ETH
TX4818,W2318,W783,8.19,1726232818,ETH
TX4819,W2319,W820,8.2,1726232819,ETH
TX4820,W2320,W857,8.21,1726232820,ETH
TX4821,W2321,W894,8.22,1726232821,ETH
TX4822,W2322,W931,8.23,1726232822,ETH
TX4823,W2323,W968,8.24,1726232823,ETH
TX4824,W2324,W1005,8.25,1726232824,ETH
TX4825,W2325,W1042,8.26,1726232825,ETH
TX4826,W2326,W1079,8.27,1726232826,ETH
TX4827,W2327,W1116,8.28,1726232827,ETH
TX4828,W2328,W1153,8.29,1726232828,ETH
TX4829,W2329,W1190,8.3,1726232829,ETH
TX4830,W2330,W1227,8.31,1726232830,ETH
TX4831,W2331,W1264,8.32,1726232831,ETH
TX4832,W2332,W1301,8.33,1726232832,ETH
TX4833,W2333,W1338,8.34,1726232833,ETH
TX4834,W2334,W1375,8.35,1726232834,ETH
TX4835,W2335,W1412,8.36,1726232835,ETH
TX4836,W2336,W1449,8.37,1726232836,ETH
TX4837,W2337,W1486,8.38,1726232837,ETH
TX4838,W2338,W1523,8.39,1726232838,ETH
TX4839,W2339,W1560,8.4,1726232839,ETH
TX4840,W2340,W1597,8.41,1726232840,ETH
TX4841,W2341,W1634,8.42,1726232841,ETH
TX4842,W2342,W1671,8.43,1726232842,ETH
TX4843,W2343,W1708,8.44,1726232843,ETH
TX4844,W2344,W1745,8.45,1726232844,ETH
TX4845,W2345,W1782,8.46,1726232845,ETH
TX4846,W2346,W1819,8.47,1726232846,ETH
TX4847,W2347,W1856,8.48,1726232847,ETH
TX4848,W2348,W1893,8.49,1726232848,ETH
TX4849,W2349,W1930,8.5,1726232849,ETH
TX4850,W2350,W1967,8.51,1726232850,ETH
TX4851,W2351,W2004,8.52,1726232851,ETH
TX4852,W2352,W2041,8.53,1726232852,ETH
TX4853,W2353,W2078,8.54,1726232853,ETH
TX4854,W2354,W2115,8.55,1726232854,ETH
TX4855,W2355,W2152,8.56,1726232855,ETH
TX4856,W2356,W2189,8.57,1726232856,ETH
TX4857,W2357,W2226,8.58,1726232857,ETH
TX4858,W2358,W2263,8.59,1726232858,ETH
TX4859,W2359,W2300,8.6,1726232859,ETH
TX4860,W2360,W2337,8.61,1726232860,ETH
TX4861,W2361,W2374,8.62,1726232861,ETH
TX4862,W2362,W2411,8.63,1726232862,ETH
TX4863,W2363,W2448,8.64,1726232863,ETH
TX4864,W2364,W2485,8.65,1726232864,ETH
TX4865,W2365,W22,8.66,1726232865,ETH
TX4866,W2366,W59,8.67,1726232866,ETH
TX4867,W2367,W96,8.68,1726232867,ETH
TX4868,W2368,W133,8.69,1726232868,ETH
TX4869,W2369,W170,8.7,1726232869,ETH
TX4870,W2370,W207,8.71,1726232870,ETH
TX4871,W2371,W244,8.72,1726232871,ETH
TX4872,W2372,W281,8.73,1726232872,ETH
TX4873,W2373,W318,8.74,1726232873,ETH
TX4874,W2374,W355,8.75,1726232874,ETH
TX4875,W2375,W392,8.76,1726232875,ETH
TX4876,W2376,W429,8.77,1726232876,ETH
TX4877,W2377,W466,8.78,1726232877,ETH
TX4878,W2378,W503,8.79,1726232878,ETH
TX4879,W2379,W540,8.8,1726232879,ETH
TX4880,W2380,W577,8.81,1726232880,ETH
TX4881,W2381,W614,8.82,1726232881,ETH
TX4882,W2382,W651,8.83,1726232882,ETH
TX4883,W2383,W688,8.84,1726232883,ETH
TX4884,W2384,W725,8.85,1726232884,ETH
TX4885,W2385,W762,8.86,1726232885,ETH
TX4886,W2386,W799,8.87,1726232886,ETH
TX4887,W2387,W836,8.88,1726232887,ETH
TX4888,W2388,W873,8.89,1726232888,ETH
TX4889,W2389,W910,8.9,1726232889,ETH
TX4890,W2390,W947,8.91,1726232890,ETH
TX4891,W2391,W984,8.92,1726232891,ETH
TX4892,W2392,W1021,8.93,1726232892,ETH
TX4893,W2393,W1058,8.94,1726232893,ETH
TX4894,W2394,W1095,8.95,1726232894,ETH
TX4895,W2395,W1132,8.96,1726232895,ETH
TX4896,W2396,W1169,8.97,1726232896,ETH
TX4897,W2397,W1206,8.98,1726232897,ETH
TX4898,W2398,W1243,8.99,1726232898,ETH
TX4899,W2399,W1280,9,1726232899,ETH
TX4900,W2400,W1317,9.01,1726232900,ETH
TX4901,W2401,W1354,9.02,1726232901,ETH
TX4902,W2402,W1391,9.03,1726232902,ETH
TX4903,W2403,W1428,9.04,1726232903,ETH
TX4904,W2404,W1465,9.05,1726232904,ETH
TX4905,W2405,W1502,9.06,1726232905,ETH
TX4906,W2406,W1539,9.07,1726232906,ETH
TX4907,W2407,W1576,9.08,1726232907,ETH
TX4908,W2408,W1613,9.09,1726232908,ETH
TX4909,W2409,W1650,9.1,1726232909,ETH
TX4910,W2410,W1687,9.11,1726232910,ETH
TX4911,W2411,W1724,9.12,1726232911,ETH
TX4912,W2412,W1761,9.13,1726232912,ETH
TX4913,W2413,W1798,9.14,1726232913,ETH
TX4914,W2414,W1835,9.15,1726232914,ETH
TX4915,W2415,W1872,9.16,1726232915,ETH
TX4916,W2416,W1909,9.17,1726232916,ETH
TX4917,W2417,W1946,9.18,1726232917,ETH
TX4918,W2418,W1983,9.19,1726232918,ETH
TX4919,W2419,W2020,9.2,1726232919,ETH
TX4920,W2420,W2057,9.21,1726232920,ETH
TX4921,W2421,W2094,9.22,1726232921,ETH
TX4922,W2422,W2131,9.23,1726232922,ETH
TX4923,W2423,W2168,9.24,1726232923,ETH
TX4924,W2424,W2205,9.25,1726232924,ETH
TX4925,W2425,W2242,9.26,1726232925,ETH
TX4926,W2426,W2279,9.27,1726232926,ETH
TX4927,W2427,W2316,9.28,1726232927,ETH
TX4928,W2428,W2353,9.29,1726232928,ETH
TX4929,W2429,W2390,9.3,1726232929,ETH
TX4930,W2430,W2427,9.31,1726232930,ETH
TX4931,W2431,W2464,9.32,1726232931,ETH
TX4932,W2432,W1,9.33,1726232932,ETH
TX4933,W2433,W38,9.34,1726232933,ETH
TX4934,W2434,W75,9.35,1726232934,ETH
TX4935,W2435,W112,9.36,1726232935,ETH
TX4936,W2436,W149,9.37,1726232936,ETH
TX4937,W2437,W186,9.38,1726232937,ETH
TX4938,W2438,W223,9.39,1726232938,ETH
TX4939,W2439,W260,9.4,1726232939,ETH
TX4940,W2440,W297,9.41,1726232940,ETH
TX4941,W2441,W334,9.42,1726232941,ETH
TX4942,W2442,W371,9.43,1726232942,ETH
TX4943,W2443,W408,9.44,1726232943,ETH
TX4944,W2444,W445,9.45,1726232944,ETH
TX4945,W2445,W482,9.46,1726232945,ETH
TX4946,W2446,W519,9.47,1726232946,ETH
TX4947,W2447,W556,9.48,1726232947,ETH
TX4948,W2448,W593,9.49,1726232948,ETH
TX4949,W2449,W630,9.5,1726232949,ETH
TX4950,W2450,W667,9.51,1726232950,ETH
TX4951,W2451,W704,9.52,1726232951,ETH
TX4952,W2452,W741,9.53,1726232952,ETH
TX4953,W2453,W778,9.54,1726232953,ETH
TX4954,W2454,W815,9.55,1726232954,ETH
TX4955,W2455,W852,9.56,1726232955,ETH
TX4956,W2456,W889,9.57,1726232956,ETH
TX4957,W2457,W926,9.58,1726232957,ETH
TX4958,W2458,W963,9.59,1726232958,ETH
TX4959,W2459,W1000,9.6,1726232959,ETH
TX4960,W2460,W1037,9.61,1726232960,ETH
TX4961,W2461,W1074,9.62,1726232961,ETH
TX4962,W2462,W1111,9.63,1726232962,ETH
TX4963,W2463,W1148,9.64,1726232963,ETH
TX4964,W2464,W1185,9.65,1726232964,ETH
TX4965,W2465,W1222,9.66,1726232965,ETH
TX4966,W2466,W1259,9.67,1726232966,ETH
TX4967,W2467,W1296,9.68,1726232967,ETH
TX4968,W2468,W1333,9.69,1726232968,ETH
TX4969,W2469,W1370,9.7,1726232969,ETH
TX4970,W2470,W1407,9.71,1726232970,ETH
TX4971,W2471,W1444,9.72,1726232971,ETH
TX4972,W2472,W1481,9.73,1726232972,ETH
TX4973,W2473,W1518,9.74,1726232973,ETH
TX4974,W2474,W1555,9.75,1726232974,ETH
TX4975,W2475,W1592,9.76,1726232975,ETH
TX4976,W2476,W1629,9.77,1726232976,ETH
TX4977,W2477,W1666,9.78,1726232977,ETH
TX4978,W2478,W1703,9.79,1726232978,ETH
TX4979,W2479,W1740,9.8,1726232979,ETH
TX4980,W2480,W1777,9.81,1726232980,ETH
TX4981,W2481,W1814,9.82,1726232981,ETH
TX4982,W2482,W1851,9.83,1726232982,ETH
TX4983,W2483,W1888,9.84,1726232983,ETH
TX4984,W2484,W1925,9.85,1726232984,ETH
TX4985,W2485,W1962,9.86,1726232985,ETH
TX4986,W2486,W1999,9.87,1726232986,ETH
TX4987,W2487,W2036,9.88,1726232987,ETH
TX4988,W2488,W2073,9.89,1726232988,ETH
TX4989,W2489,W2110,9.9,1726232989,ETH
TX4990,W2490,W2147,9.91,1726232990,ETH
TX4991,W2491,W2184,9.92,1726232991,ETH
TX4992,W2492,W2221,9.93,1726232992,ETH
TX4993,W2493,W2258,9.94,1726232993,ETH
TX4994,W2494,W2295,9.95,1726232994,ETH
TX4995,W2495,W2332,9.96,1726232995,ETH
TX4996,W2496,W2369,9.97,1726232996,ETH
TX4997,W2497,W2406,9.98,1726232997,ETH
TX4998,W2498,W2443,9.99,1726232998,ETH
TX4999,W2499,W2480,10,1726232999,ETH
TX5000,W0,W17,0.01,1726233000,ETH
TX5001,W1,W54,0.02,1726233001,ETH
TX5002,W2,W91,0.03,1726233002,ETH
TX5003,W3,W128,0.04,1726233003,ETH
TX5004,W4,W165,0.05,1726233004,ETH
TX5005,W5,W202,0.06,1726233005,ETH
TX5006,W6,W239,0.07,1726233006,ETH
TX5007,W7,W276,0.08,1726233007,ETH
TX5008,W8,W313,0.09,1726233008,ETH
TX5009,W9,W350,0.1,1726233009,ETH
TX5010,W10,W387,0.11,1726233010,ETH
TX5011,W11,W424,0.12,1726233011,ETH
TX5012,W12,W461,0.13,1726233012,ETH
TX5013,W13,W498,0.14,1726233013,ETH
TX5014,W14,W535,0.15,1726233014,ETH
TX5015,W15,W572,0.16,1726233015,ETH
TX5016,W16,W609,0.17,1726233016,ETH
TX5017,W17,W646,0.18,1726233017,ETH
TX5018,W18,W683,0.19,1726233018,ETH
TX5019,W19,W720,0.2,1726233019,ETH
TX5020,W20,W757,0.21,1726233020,ETH
TX5021,W21,W794,0.22,1726233021,ETH
TX5022,W22,W831,0.23,1726233022,ETH
TX5023,W23,W868,0.24,1726233023,ETH
TX5024,W24,W905,0.25,1726233024,ETH
TX5025,W25,W942,0.26,1726233025,ETH
TX5026,W26,W979,0.27,1726233026,ETH
TX5027,W27,W1016,0.28,1726233027,ETH
TX5028,W28,W1053,0.29,1726233028,ETH
TX5029,W29,W1090,0.3,1726233029,ETH
TX5030,W30,W1127,0.31,1726233030,ETH
TX5031,W31,W1164,0.32,1726233031,ETH
TX5032,W32,W1201,0.33,1726233032,ETH
TX5033,W33,W1238,0.34,1726233033,ETH
TX5034,W34,W1275,0.35,1726233034,ETH
TX5035,W35,W1312,0.36,1726233035,ETH
TX5036,W36,W1349,0.37,1726233036,ETH
TX5037,W37,W1386,0.38,1726233037,ETH
TX5038,W38,W1423,0.39,1726233038,ETH
TX5039,W39,W1460,0.4,1726233039,ETH
TX5040,W40,W1497,0.41,1726233040,ETH
TX5041,W41,W1534,0.42,1726233041,ETH
TX5042,W42,W1571,0.43,1726233042,ETH
TX5043,W43,W1608,0.44,1726233043,ETH
TX5044,W44,W1645,0.45,1726233044,ETH
TX5045,W45,W1682,0.46,1726233045,ETH
TX5046,W46,W1719,0.47,1726233046,ETH
TX5047,W47,W1756,0.48,1726233047,ETH
TX5048,W48,W1793,0.49,1726233048,ETH
TX5049,W49,W1830,0.5,1726233049,ETH
TX5050,W50,W1867,0.51,1726233050,ETH
TX5051,W51,W1904,0.52,1726233051,ETH
TX5052,W52,W1941,0.53,1726233052,ETH
TX5053,W53,W1978,0.54,1726233053,ETH
TX5054,W54,W2015,0.55,1726233054,ETH
TX5055,W55,W2052,0.56,1726233055,ETH
TX5056,W56,W2089,0.57,1726233056,ETH
TX5057,W57,W2126,0.58,1726233057,ETH
TX5058,W58,W2163,0.59,1726233058,ETH
TX5059,W59,W2200,0.6,1726233059,ETH
TX5060,W60,W2237,0.61,1726233060,ETH
TX5061,W61,W2274,0.62,1726233061,ETH
TX5062,W62,W2311,0.63,1726233062,ETH
TX5063,W63,W2348,0.64,1726233063,ETH
TX5064,W64,W2385,0.65,1726233064,ETH
TX5065,W65,W2422,0.66,1726233065,ETH
TX5066,W66,W2459,0.67,1726233066,ETH
TX5067,W67,W2496,0.68,1726233067,ETH
TX5068,W68,W33,0.69,1726233068,ETH
TX5069,W69,W70,0.7,1726233069,ETH
TX5070,W70,W107,0.71,1726233070,ETH
TX5071,W71,W144,0.72,1726233071,ETH
TX5072,W72,W181,0.73,1726233072,ETH
TX5073,W73,W218,0.74,1726233073,ETH
TX5074,W74,W255,0.75,1726233074,ETH
TX5075,W75,W292,0.76,1726233075,ETH
TX5076,W76,W329,0.77,1726233076,ETH
TX5077,W77,W366,0.78,1726233077,ETH
TX5078,W78,W403,0.79,1726233078,ETH
TX5079,W79,W440,0.8,1726233079,ETH
TX5080,W80,W477,0.81,1726233080,ETH
TX5081,W81,W514,0.82,1726233081,ETH
TX5082,W82,W551,0.83,1726233082,ETH
TX5083,W83,W588,0.84,1726233083,ETH
TX5084,W84,W625,0.85,1726233084,ETH
TX5085,W85,W662,0.86,1726233085,ETH
TX5086,W86,W699,0.87,1726233086,ETH
TX5087,W87,W736,0.88,1726233087,ETH
TX5088,W88,W773,0.89,1726233088,ETH
TX5089,W89,W810,0.9,1726233089,ETH
TX5090,W90,W847,0.91,1726233090,ETH
TX5091,W91,W884,0.92,1726233091,ETH
TX5092,W92,W921,0.93,1726233092,ETH
TX5093,W93,W958,0.94,1726233093,ETH
TX5094,W94,W995,0.95,1726233094,ETH
TX5095,W95,W1032,0.96,1726233095,ETH
TX5096,W96,W1069,0.97,1726233096,ETH
TX5097,W97,W1106,0.98,1726233097,ETH
TX5098,W98,W1143,0.99,1726233098,ETH
TX5099,W99,W1180,1,1726233099,ETH
TX5100,W100,W1217,1.01,1726233100,ETH
TX5101,W101,W1254,1.02,1726233101,ETH
TX5102,W102,W1291,1.03,1726233102,ETH
TX5103,W103,W1328,1.04,1726233103,ETH
TX5104,W104,W1365,1.05,1726233104,ETH
TX5105,W105,W1402,1.06,1726233105,ETH
TX5106,W106,W1439,1.07,1726233106,ETH
TX5107,W107,W1476,1.08,1726233107,ETH
TX5108,W108,W1513,1.09,1726233108,ETH
TX5109,W109,W1550,1.1,1726233109,ETH
TX5110,W110,W1587,1.11,1726233110,ETH
TX5111,W111,W1624,1.12,1726233111,ETH
TX5112,W112,W1661,1.13,1726233112,ETH
TX5113,W113,W1698,1.14,1726233113,ETH
TX5114,W114,W1735,1.15,1726233114,ETH
TX5115,W115,W1772,1.16,1726233115,ETH
TX5116,W116,W1809,1.17,1726233116,ETH
TX5117,W117,W1846,1.18,1726233117,ETH
TX5118,W118,W1883,1.19,1726233118,ETH
TX5119,W119,W1920,1.2,1726233119,ETH
TX5120,W120,W1957,1.21,1726233120,ETH
TX5121,W121,W1994,1.22,1726233121,ETH
TX5122,W122,W2031,1.23,1726233122,ETH
TX5123,W123,W2068,1.24,1726233123,ETH
TX5124,W124,W2105,1.25,1726233124,ETH
TX5125,W125,W2142,1.26,1726233125,ETH
TX5126,W126,W2179,1.27,1726233126,ETH
TX5127,W127,W2216,1.28,1726233127,ETH
TX5128,W128,W2253,1.29,1726233128,ETH
TX5129,W129,W2290,1.3,1726233129,ETH
TX5130,W130,W2327,1.31,1726233130,ETH
TX5131,W131,W2364,1.32,1726233131,ETH
TX5132,W132,W2401,1.33,1726233132,ETH
TX5133,W133,W2438,1.34,1726233133,ETH
TX5134,W134,W2475,1.35,1726233134,ETH
TX5135,W135,W12,1.36,1726233135,ETH
TX5136,W136,W49,1.37,1726233136,ETH
TX5137,W137,W86,1.38,1726233137,ETH
TX5138,W138,W123,1.39,1726233138,ETH
TX5139,W139,W160,1.4,1726233139,ETH
TX5140,W140,W197,1.41,1726233140,ETH
TX5141,W141,W234,1.42,1726233141,ETH
TX5142,W142,W271,1.43,1726233142,ETH
TX5143,W143,W308,1.44,1726233143,ETH
TX5144,W144,W345,1.45,1726233144,ETH
TX5145,W145,W382,1.46,1726233145,ETH
TX5146,W146,W419,1.47,1726233146,ETH
TX5147,W147,W456,1.48,1726233147,ETH
TX5148,W148,W493,1.49,1726233148,ETH
TX5149,W149,W530,1.5,1726233149,ETH
TX5150,W150,W567,1.51,1726233150,ETH
TX5151,W151,W604,1.52,1726233151,ETH
TX5152,W152,W641,1.53,1726233152,ETH
TX5153,W153,W678,1.54,1726233153,ETH
TX5154,W154,W715,1.55,1726233154,ETH
TX5155,W155,W752,1.56,1726233155,ETH
TX5156,W156,W789,1.57,1726233156,ETH
TX5157,W157,W826,1.58,1726233157,ETH
TX5158,W158,W863,1.59,1726233158,ETH
TX5159,W159,W900,1.6,1726233159,ETH
TX5160,W160,W937,1.61,1726233160,ETH
TX5161,W161,W974,1.62,1726233161,ETH
TX5162,W162,W1011,1.63,1726233162,ETH
TX5163,W163,W1048,1.64,1726233163,ETH
TX5164,W164,W1085,1.65,1726233164,ETH
TX5165,W165,W1122,1.66,1726233165,ETH
TX5166,W166,W1159,1.67,1726233166,ETH
TX5167,W167,W1196,1.68,1726233167,ETH
TX5168,W168,W1233,1.69,1726233168,ETH
TX5169,W169,W1270,1.7,1726233169,ETH
TX5170,W170,W1307,1.71,1726233170,ETH
TX5171,W171,W1344,1.72,1726233171,ETH
TX5172,W172,W1381,1.73,1726233172,ETH
TX5173,W173,W1418,1.74,1726233173,ETH
TX5174,W174,W1455,1.75,1726233174,ETH
TX5175,W175,W1492,1.76,1726233175,ETH
TX5176,W176,W1529,1.77,1726233176,ETH
TX5177,W177,W1566,1.78,1726233177,ETH
TX5178,W178,W1603,1.79,1726233178,ETH
TX5179,W179,W1640,1.8,1726233179,ETH
TX5180,W180,W1677,1.81,1726233180,ETH
TX5181,W181,W1714,1.82,1726233181,ETH
TX5182,W182,W1751,1.83,1726233182,ETH
TX5183,W183,W1788,1.84,1726233183,ETH
TX5184,W184,W1825,1.85,1726233184,ETH
TX5185,W185,W1862,1.86,1726233185,ETH
TX5186,W186,W1899,1.87,1726233186,ETH
TX5187,W187,W1936,1.88,1726233187,ETH
TX5188,W188,W1973,1.89,1726233188,ETH
TX5189,W189,W2010,1.9,1726233189,ETH
TX5190,W190,W2047,1.91,1726233190,ETH
TX5191,W191,W2084,1.92,1726233191,ETH
TX5192,W192,W2121,1.93,1726233192,ETH
TX5193,W193,W2158,1.94,1726233193,ETH
TX5194,W194,W2195,1.95,1726233194,ETH
TX5195,W195,W2232,1.96,1726233195,ETH
TX5196,W196,W2269,1.97,1726233196,ETH
TX5197,W197,W2306,1.98,1726233197,ETH
TX5198,W198,W2343,1.99,1726233198,ETH
TX5199,W199,W2380,2,1726233199,ETH
TX5200,W200,W2417,2.01,1726233200,ETH
TX5201,W201,W2454,2.02,1726233201,ETH
TX5202,W202,W2491,2.03,1726233202,ETH
TX5203,W203,W28,2.04,1726233203,ETH
TX5204,W204,W65,2.05,1726233204,ETH
TX5205,W205,W102,2.06,1726233205,ETH
TX5206,W206,W139,2.07,1726233206,ETH
TX5207,W207,W176,2.08,1726233207,ETH
TX5208,W208,W213,2.09,1726233208,ETH
TX5209,W209,W250,2.1,1726233209,ETH
TX5210,W210,W287,2.11,1726233210,ETH
TX5211,W211,W324,2.12,1726233211,ETH
TX5212,W212,W361,2.13,1726233212,ETH
TX5213,W213,W398,2.14,1726233213,ETH
TX5214,W214,W435,2.15,1726233214,ETH
TX5215,W215,W472,2.16,1726233215,ETH
TX5216,W216,W509,2.17,1726233216,ETH
TX5217,W217,W546,2.18,1726233217,ETH
TX5218,W218,W583,2.19,1726233218,ETH
TX5219,W219,W620,2.2,1726233219,ETH
TX5220,W220,W657,2.21,1726233220,ETH
TX5221,W221,W694,2.22,1726233221,ETH
TX5222,W222,W731,2.23,1726233222,ETH
TX5223,W223,W768,2.24,1726233223,ETH
TX5224,W224,W805,2.25,1726233224,ETH
TX5225,W225,W842,2.26,1726233225,ETH
TX5226,W226,W879,2.27,1726233226,ETH
TX5227,W227,W916,2.28,1726233227,ETH
TX5228,W228,W953,2.29,1726233228,ETH
TX5229,W229,W990,2.3,1726233229,ETH
TX5230,W230,W1027,2.31,1726233230,ETH
TX5231,W231,W1064,2.32,1726233231,ETH
TX5232,W232,W1101,2.33,1726233232,ETH
TX5233,W233,W1138,2.34,1726233233,ETH
TX5234,W234,W1175,2.35,1726233234,ETH
TX5235,W235,W1212,2.36,1726233235,ETH
TX5236,W236,W1249,2.37,1726233236,ETH
TX5237,W237,W1286,2.38,1726233237,ETH
TX5238,W238,W1323,2.39,1726233238,ETH
TX5239,W239,W1360,2.4,1726233239,ETH
TX5240,W240,W1397,2.41,1726233240,ETH
TX5241,W241,W1434,2.42,1726233241,ETH
TX5242,W242,W1471,2.43,1726233242,ETH
TX5243,W243,W1508,2.44,1726233243,ETH
TX5244,W244,W1545,2.45,1726233244,ETH
TX5245,W245,W1582,2.46,1726233245,ETH
TX5246,W246,W1619,2.47,1726233246,ETH
TX5247,W247,W1656,2.48,1726233247,ETH
TX5248,W248,W1693,2.49,1726233248,ETH
TX5249,W249,W1730,2.5,1726233249,ETH
TX5250,W250,W1767,2.51,1726233250,ETH
TX5251,W251,W1804,2.52,1726233251,ETH
TX5252,W252,W1841,2.53,1726233252,ETH
TX5253,W253,W1878,2.54,1726233253,ETH
TX5254,W254,W1915,2.55,1726233254,ETH
TX5255,W255,W1952,2.56,1726233255,ETH
TX5256,W256,W1989,2.57,1726233256,ETH
TX5257,W257,W2026,2.58,1726233257,ETH
TX5258,W258,W2063,2.59,1726233258,ETH
TX5259,W259,W2100,2.6,1726233259,ETH
TX5260,W260,W2137,2.61,1726233260,ETH
TX5261,W261,W2174,2.62,1726233261,ETH
TX5262,W262,W2211,2.63,1726233262,ETH
TX5263,W263,W2248,2.64,1726233263,ETH
TX5264,W264,W2285,2.65,1726233264,ETH
TX5265,W265,W2322,2.66,1726233265,ETH
TX5266,W266,W2359,2.67,1726233266,ETH
TX5267,W267,W2396,2.68,1726233267,ETH
TX5268,W268,W2433,2.69,1726233268,ETH
TX5269,W269,W2470,2.7,1726233269,ETH
TX5270,W270,W7,2.71,1726233270,ETH
TX5271,W271,W44,2.72,1726233271,ETH
TX5272,W272,W81,2.73,1726233272,ETH
TX5273,W273,W118,2.74,1726233273,ETH
TX5274,W274,W155,2.75,1726233274,ETH
TX5275,W275,W192,2.76,1726233275,ETH
TX5276,W276,W229,2.77,1726233276,ETH
TX5277,W277,W266,2.78,1726233277,ETH
TX5278,W278,W303,2.79,1726233278,ETH
TX5279,W279,W340,2.8,1726233279,ETH
TX5280,W280,W377,2.81,1726233280,ETH
TX5281,W281,W414,2.82,1726233281,ETH
TX5282,W282,W451,2.83,1726233282,ETH
TX5283,W283,W488,2.84,1726233283,ETH
TX5284,W284,W525,2.85,1726233284,ETH
TX5285,W285,W562,2.86,1726233285,ETH
TX5286,W286,W599,2.87,1726233286,ETH
TX5287,W287,W636,2.88,1726233287,ETH
TX5288,W288,W673,2.89,1726233288,ETH
TX5289,W289,W710,2.9,1726233289,ETH
TX5290,W290,W747,2.91,1726233290,ETH
TX5291,W291,W784,2.92,1726233291,ETH
TX5292,W292,W821,2.93,1726233292,ETH
TX5293,W293,W858,2.94,1726233293,ETH
TX5294,W294,W895,2.95,1726233294,ETH
TX5295,W295,W932,2.96,1726233295,ETH
TX5296,W296,W969,2.97,1726233296,ETH
TX5297,W297,W1006,2.98,1726233297,ETH
TX5298,W298,W1043,2.99,1726233298,ETH
TX5299,W299,W1080,3,1726233299,ETH
TX5300,W300,W1117,3.01,1726233300,ETH
TX5301,W301,W1154,3.02,1726233301,ETH
TX5302,W302,W1191,3.03,1726233302,ETH
TX5303,W303,W1228,3.04,1726233303,ETH
TX5304,W304,W1265,3.05,1726233304,ETH
TX5305,W305,W1302,3.06,1726233305,ETH
TX5306,W306,W1339,3.07,1726233306,ETH
TX5307,W307,W1376,3.08,1726233307,ETH
TX5308,W308,W1413,3.09,1726233308,ETH
TX5309,W309,W1450,3.1,1726233309,ETH
TX5310,W310,W1487,3.11,1726233310,ETH
TX5311,W311,W1524,3.12,1726233311,ETH
TX5312,W312,W1561,3.13,1726233312,ETH
TX5313,W313,W1598,3.14,1726233313,ETH
TX5314,W314,W1635,3.15,1726233314,ETH
TX5315,W315,W1672,3.16,1726233315,ETH
TX5316,W316,W1709,3.17,1726233316,ETH
TX5317,W317,W1746,3.18,1726233317,ETH
TX5318,W318,W1783,3.19,1726233318,ETH
TX5319,W319,W1820,3.2,1726233319,ETH
TX5320,W320,W1857,3.21,1726233320,ETH
TX5321,W321,W1894,3.22,1726233321,ETH
TX5322,W322,W1931,3.23,1726233322,ETH
TX5323,W323,W1968,3.24,1726233323,ETH
TX5324,W324,W2005,3.25,1726233324,ETH
TX5325,W325,W2042,3.26,1726233325,ETH
TX5326,W326,W2079,3.27,1726233326,ETH
TX5327,W327,W2116,3.28,1726233327,ETH
TX5328,W328,W2153,3.29,1726233328,ETH
TX5329,W329,W2190,3.3,1726233329,ETH
TX5330,W330,W2227,3.31,1726233330,ETH
TX5331,W331,W2264,3.32,1726233331,ETH
TX5332,W332,W2301,3.33,1726233332,ETH
TX5333,W333,W2338,3.34,1726233333,ETH
TX5334,W334,W2375,3.35,1726233334,ETH
TX5335,W335,W2412,3.36,1726233335,ETH
TX5336,W336,W2449,3.37,1726233336,ETH
TX5337,W337,W2486,3.38,1726233337,ETH
TX5338,W338,W23,3.39,1726233338,ETH
TX5339,W339,W60,3.4,1726233339,ETH
TX5340,W340,W97,3.41,1726233340,ETH
TX5341,W341,W134,3.42,1726233341,ETH
TX5342,W342,W171,3.43,1726233342,ETH
TX5343,W343,W208,3.44,1726233343,ETH
TX5344,W344,W245,3.45,1726233344,ETH
TX5345,W345,W282,3.46,1726233345,ETH
TX5346,W346,W319,3.47,1726233346,ETH
TX5347,W347,W356,3.48,1726233347,ETH
TX5348,W348,W393,3.49,1726233348,ETH
TX5349,W349,W430,3.5,1726233349,ETH
TX5350,W350,W467,3.51,1726233350,ETH
TX5351,W351,W504,3.52,1726233351,ETH
TX5352,W352,W541,3.53,1726233352,ETH
TX5353,W353,W578,3.54,1726233353,ETH
TX5354,W354,W615,3.55,1726233354,ETH
TX5355,W355,W652,3.56,1726233355,ETH
TX5356,W356,W689,3.57,1726233356,ETH
TX5357,W357,W726,3.58,1726233357,ETH
TX5358,W358,W763,3.59,1726233358,ETH
TX5359,W359,W800,3.6,1726233359,ETH
TX5360,W360,W837,3.61,1726233360,ETH
TX5361,W361,W874,3.62,1726233361,ETH
TX5362,W362,W911,3.63,1726233362,ETH
TX5363,W363,W948,3.64,1726233363,ETH
TX5364,W364,W985,3.65,1726233364,ETH
TX5365,W365,W1022,3.66,1726233365,ETH
TX5366,W366,W1059,3.67,1726233366,ETH
TX5367,W367,W1096,3.68,1726233367,ETH
TX5368,W368,W1133,3.69,1726233368,ETH
TX5369,W369,W1170,3.7,1726233369,ETH
TX5370,W370,W1207,3.71,1726233370,ETH
TX5371,W371,W1244,3.72,1726233371,ETH
TX5372,W372,W1281,3.73,1726233372,ETH
TX5373,W373,W1318,3.74,1726233373,ETH
TX5374,W374,W1355,3.75,1726233374,ETH
TX5375,W375,W1392,3.76,1726233375,ETH
TX5376,W376,W1429,3.77,1726233376,ETH
TX5377,W377,W1466,3.78,1726233377,ETH
TX5378,W378,W1503,3.79,1726233378,ETH
TX5379,W379,W1540,3.8,1726233379,ETH
TX5380,W380,W1577,3.81,1726233380,ETH
TX5381,W381,W1614,3.82,1726233381,ETH
TX5382,W382,W1651,3.83,1726233382,ETH
TX5383,W383,W1688,3.84,1726233383,ETH
TX5384,W384,W1725,3.85,1726233384,ETH
TX5385,W385,W1762,3.86,1726233385,ETH
TX5386,W386,W1799,3.87,1726233386,ETH
TX5387,W387,W1836,3.88,1726233387,ETH
TX5388,W388,W1873,3.89,1726233388,ETH
TX5389,W389,W1910,3.9,1726233389,ETH
TX5390,W390,W1947,3.91,1726233390,ETH
TX5391,W391,W1984,3.92,1726233391,ETH
TX5392,W392,W2021,3.93,1726233392,ETH
TX5393,W393,W2058,3.94,1726233393,ETH
TX5394,W394,W2095,3.95,1726233394,ETH
TX5395,W395,W2132,3.96,1726233395,ETH
TX5396,W396,W2169,3.97,1726233396,ETH
TX5397,W397,W2206,3.98,1726233397,ETH
TX5398,W398,W2243,3.99,1726233398,ETH
TX5399,W399,W2280,4,1726233399,ETH
TX5400,W400,W2317,4.01,1726233400,ETH
TX5401,W401,W2354,4.02,1726233401,ETH
TX5402,W402,W2391,4.03,1726233402,ETH
TX5403,W403,W2428,4.04,1726233403,ETH
TX5404,W404,W2465,4.05,1726233404,ETH
TX5405,W405,W2,4.06,1726233405,ETH
TX5406,W406,W39,4.07,1726233406,ETH
TX5407,W407,W76,4.08,1726233407,ETH
TX5408,W408,W113,4.09,1726233408,ETH
TX5409,W409,W150,4.1,1726233409,ETH
TX5410,W410,W187,4.11,1726233410,ETH
TX5411,W411,W224,4.12,1726233411,ETH
TX5412,W412,W261,4.13,1726233412,ETH
TX5413,W413,W298,4.14,1726233413,ETH
TX5414,W414,W335,4.15,1726233414,ETH
TX5415,W415,W372,4.16,1726233415,ETH
TX5416,W416,W409,4.17,1726233416,ETH
TX5417,W417,W446,4.18,1726233417,ETH
TX5418,W418,W483,4.19,1726233418,ETH
TX5419,W419,W520,4.2,1726233419,ETH
TX5420,W420,W557,4.21,1726233420,ETH
TX5421,W421,W594,4.22,1726233421,ETH
TX5422,W422,W631,4.23,1726233422,ETH
TX5423,W423,W668,4.24,1726233423,ETH
TX5424,W424,W705,4.25,1726233424,ETH
TX5425,W425,W742,4.26,1726233425,ETH
TX5426,W426,W779,4.27,1726233426,ETH
TX5427,W427,W816,4.28,1726233427,ETH
TX5428,W428,W853,4.29,1726233428,ETH
TX5429,W429,W890,4.3,1726233429,ETH
TX5430,W430,W927,4.31,1726233430,ETH
TX5431,W431,W964,4.32,1726233431,ETH
TX5432,W432,W1001,4.33,1726233432,ETH
TX5433,W433,W1038,4.34,1726233433,ETH
TX5434,W434,W1075,4.35,1726233434,ETH
TX5435,W435,W1112,4.36,1726233435,ETH
TX5436,W436,W1149,4.37,1726233436,ETH
TX5437,W437,W1186,4.38,1726233437,ETH
TX5438,W438,W1223,4.39,1726233438,ETH
TX5439,W439,W1260,4.4,1726233439,ETH
TX5440,W440,W1297,4.41,1726233440,ETH
TX5441,W441,W1334,4.42,1726233441,ETH
TX5442,W442,W1371,4.43,1726233442,ETH
TX5443,W443,W1408,4.44,1726233443,ETH
TX5444,W444,W1445,4.45,1726233444,ETH
TX5445,W445,W1482,4.46,1726233445,ETH
TX5446,W446,W1519,4.47,1726233446,ETH
TX5447,W447,W1556,4.48,1726233447,ETH
TX5448,W448,W1593,4.49,1726233448,ETH
TX5449,W449,W1630,4.5,1726233449,ETH
TX5450,W450,W1667,4.51,1726233450,ETH
TX5451,W451,W1704,4.52,1726233451,ETH
TX5452,W452,W1741,4.53,1726233452,ETH
TX5453,W453,W1778,4.54,1726233453,ETH
TX5454,W454,W1815,4.55,1726233454,ETH
TX5455,W455,W1852,4.56,1726233455,ETH
TX5456,W456,W1889,4.57,1726233456,ETH
TX5457,W457,W1926,4.58,1726233457,ETH
TX5458,W458,W1963,4.59,1726233458,ETH
TX5459,W459,W2000,4.6,1726233459,ETH
TX5460,W460,W2037,4.61,1726233460,ETH
TX5461,W461,W2074,4.62,1726233461,ETH
TX5462,W462,W2111,4.63,1726233462,ETH
TX5463,W463,W2148,4.64,1726233463,ETH
TX5464,W464,W2185,4.65,1726233464,ETH
TX5465,W465,W2222,4.66,1726233465,ETH
TX5466,W466,W2259,4.67,1726233466,ETH
TX5467,W467,W2296,4.68,1726233467,ETH
TX5468,W468,W2333,4.69,1726233468,ETH
TX5469,W469,W2370,4.7,1726233469,ETH
TX5470,W470,W2407,4.71,1726233470,ETH
TX5471,W471,W2444,4.72,1726233471,ETH
TX5472,W472,W2481,4.73,1726233472,ETH
TX5473,W473,W18,4.74,1726233473,ETH
TX5474,W474,W55,4.75,1726233474,ETH
TX5475,W475,W92,4.76,1726233475,ETH
TX5476,W476,W129,4.77,1726233476,ETH
TX5477,W477,W166,4.78,1726233477,ETH
TX5478,W478,W203,4.79,1726233478,ETH
TX5479,W479,W240,4.8,1726233479,ETH
TX5480,W480,W277,4.81,1726233480,ETH
TX5481,W481,W314,4.82,1726233481,ETH
TX5482,W482,W351,4.83,1726233482,ETH
TX5483,W483,W388,4.84,1726233483,ETH
TX5484,W484,W425,4.85,1726233484,ETH
TX5485,W485,W462,4.86,1726233485,ETH
TX5486,W486,W499,4.87,1726233486,ETH
TX5487,W487,W536,4.88,1726233487,ETH
TX5488,W488,W573,4.89,1726233488,ETH
TX5489,W489,W610,4.9,1726233489,ETH
TX5490,W490,W647,4.91,1726233490,ETH
TX5491,W491,W684,4.92,1726233491,ETH
TX5492,W492,W721,4.93,1726233492,ETH
TX5493,W493,W758,4.94,1726233493,ETH
TX5494,W494,W795,4.95,1726233494,ETH
TX5495,W495,W832,4.96,1726233495,ETH
TX5496,W496,W869,4.97,1726233496,ETH
TX5497,W497,W906,4.98,1726233497,ETH
TX5498,W498,W943,4.99,1726233498,ETH
TX5499,W499,W980,5,1726233499,ETH
TX5500,W500,W1017,5.01,1726233500,ETH
TX5501,W501,W1054,5.02,1726233501,ETH
TX5502,W502,W1091,5.03,1726233502,ETH
TX5503,W503,W1128,5.04,1726233503,ETH
TX5504,W504,W1165,5.05,1726233504,ETH
TX5505,W505,W1202,5.06,1726233505,ETH
TX5506,W506,W1239,5.07,1726233506,ETH
TX5507,W507,W1276,5.08,1726233507,ETH
TX5508,W508,W1313,5.09,1726233508,ETH
TX5509,W509,W1350,5.1,1726233509,ETH
TX5510,W510,W1387,5.11,1726233510,ETH
TX5511,W511,W1424,5.12,1726233511,ETH
TX5512,W512,W1461,5.13,1726233512,ETH
TX5513,W513,W1498,5.14,1726233513,ETH
TX5514,W514,W1535,5.15,1726233514,ETH
TX5515,W515,W1572,5.16,1726233515,ETH
TX5516,W516,W1609,5.17,1726233516,ETH
TX5517,W517,W1646,5.18,1726233517,ETH
TX5518,W518,W1683,5.19,1726233518,ETH
TX5519,W519,W1720,5.2,1726233519,ETH
TX5520,W520,W1757,5.21,1726233520,ETH
TX5521,W521,W1794,5.22,1726233521,ETH
TX5522,W522,W1831,5.23,1726233522,ETH
TX5523,W523,W1868,5.24,1726233523,ETH
TX5524,W524,W1905,5.25,1726233524,ETH
TX5525,W525,W1942,5.26,1726233525,ETH
TX5526,W526,W1979,5.27,1726233526,ETH
TX5527,W527,W2016,5.28,1726233527,ETH
TX5528,W528,W2053,5.29,1726233528,ETH
TX5529,W529,W2090,5.3,1726233529,ETH
TX5530,W530,W2127,5.31,1726233530,ETH
TX5531,W531,W2164,5.32,1726233531,ETH
TX5532,W532,W2201,5.33,1726233532,ETH
TX5533,W533,W2238,5.34,1726233533,ETH
TX5534,W534,W2275,5.35,1726233534,ETH
TX5535,W535,W2312,5.36,1726233535,ETH
TX5536,W536,W2349,5.37,1726233536,ETH
TX5537,W537,W2386,5.38,1726233537,ETH
TX5538,W538,W2423,5.39,1726233538,ETH
TX5539,W539,W2460,5.4,1726233539,ETH
TX5540,W540,W2497,5.41,1726233540,ETH
TX5541,W541,W34,5.42,1726233541,ETH
TX5542,W542,W71,5.43,1726233542,ETH
TX5543,W543,W108,5.44,1726233543,ETH
TX5544,W544,W145,5.45,1726233544,ETH
TX5545,W545,W182,5.46,1726233545,ETH
TX5546,W546,W219,5.47,1726233546,ETH
TX5547,W547,W256,5.48,1726233547,ETH
TX5548,W548,W293,5.49,1726233548,ETH
TX5549,W549,W330,5.5,1726233549,ETH
TX5550,W550,W367,5.51,1726233550,ETH
TX5551,W551,W404,5.52,1726233551,ETH
TX5552,W552,W441,5.53,1726233552,ETH
TX5553,W553,W478,5.54,1726233553,ETH
TX5554,W554,W515,5.55,1726233554,ETH
TX5555,W555,W552,5.56,1726233555,ETH
TX5556,W556,W589,5.57,1726233556,ETH
TX5557,W557,W626,5.58,1726233557,ETH
TX5558,W558,W663,5.59,1726233558,ETH
TX5559,W559,W700,5.6,1726233559,ETH
TX5560,W560,W737,5.61,1726233560,ETH
TX5561,W561,W774,5.62,1726233561,ETH
TX5562,W562,W811,5.63,1726233562,ETH
TX5563,W563,W848,5.64,1726233563,ETH
TX5564,W564,W885,5.65,1726233564,ETH
TX5565,W565,W922,5.66,1726233565,ETH
TX5566,W566,W959,5.67,1726233566,ETH
TX5567,W567,W996,5.68,1726233567,ETH
TX5568,W568,W1033,5.69,1726233568,ETH
TX5569,W569,W1070,5.7,1726233569,ETH
TX5570,W570,W1107,5.71,1726233570,ETH
TX5571,W571,W1144,5.72,1726233571,ETH
TX5572,W572,W1181,5.73,1726233572,ETH
TX5573,W573,W1218,5.74,1726233573,ETH
TX5574,W574,W1255,5.75,1726233574,ETH
TX5575,W575,W1292,5.76,1726233575,ETH
TX5576,W576,W1329,5.77,1726233576,ETH
TX5577,W577,W1366,5.78,1726233577,ETH
TX5578,W578,W1403,5.79,1726233578,ETH
TX5579,W579,W1440,5.8,1726233579,ETH
TX5580,W580,W1477,5.81,1726233580,ETH
TX5581,W581,W1514,5.82,1726233581,ETH
TX5582,W582,W1551,5.83,1726233582,ETH
TX5583,W583,W1588,5.84,1726233583,ETH
TX5584,W584,W1625,5.85,1726233584,ETH
TX5585,W585,W1662,5.86,1726233585,ETH
TX5586,W586,W1699,5.87,1726233586,ETH
TX5587,W587,W1736,5.88,1726233587,ETH
TX5588,W588,W1773,5.89,1726233588,ETH
TX5589,W589,W1810,5.9,1726233589,ETH
TX5590,W590,W1847,5.91,1726233590,ETH
TX5591,W591,W1884,5.92,1726233591,ETH
TX5592,W592,W1921,5.93,1726233592,ETH
TX5593,W593,W1958,5.94,1726233593,ETH
TX5594,W594,W1995,5.95,1726233594,ETH
TX5595,W595,W2032,5.96,1726233595,ETH
TX5596,W596,W2069,5.97,1726233596,ETH
TX5597,W597,W2106,5.98,1726233597,ETH
TX5598,W598,W2143,5.99,1726233598,ETH
TX5599,W599,W2180,6,1726233599,ETH
TX5600,W600,W2217,6.01,1726233600,ETH
TX5601,W601,W2254,6.02,1726233601,ETH
TX5602,W602,W2291,6.03,1726233602,ETH
TX5603,W603,W2328,6.04,1726233603,ETH
TX5604,W604,W2365,6.05,1726233604,ETH
TX5605,W605,W2402,6.06,1726233605,ETH
TX5606,W606,W2439,6.07,1726233606,ETH
TX5607,W607,W2476,6.08,1726233607,ETH
TX5608,W608,W13,6.09,1726233608,ETH
TX5609,W609,W50,6.1,1726233609,ETH
TX5610,W610,W87,6.11,1726233610,ETH
TX5611,W611,W124,6.12,1726233611,ETH
TX5612,W612,W161,6.13,1726233612,ETH
TX5613,W613,W198,6.14,1726233613,ETH
TX5614,W614,W235,6.15,1726233614,ETH
TX5615,W615,W272,6.16,1726233615,ETH
TX5616,W616,W309,6.17,1726233616,ETH
TX5617,W617,W346,6.18,1726233617,ETH
TX5618,W618,W383,6.19,1726233618,ETH
TX5619,W619,W420,6.2,1726233619,ETH
TX5620,W620,W457,6.21,1726233620,ETH
TX5621,W621,W494,6.22,1726233621,ETH
TX5622,W622,W531,6.23,1726233622,ETH
TX5623,W623,W568,6.24,1726233623,ETH
TX5624,W624,W605,6.25,1726233624,ETH
TX5625,W625,W642,6.26,1726233625,ETH
TX5626,W626,W679,6.27,1726233626,ETH
TX5627,W627,W716,6.28,1726233627,ETH
TX5628,W628,W753,6.29,1726233628,ETH
TX5629,W629,W790,6.3,1726233629,ETH
TX5630,W630,W827,6.31,1726233630,ETH
TX5631,W631,W864,6.32,1726233631,ETH
TX5632,W632,W901,6.33,1726233632,ETH
TX5633,W633,W938,6.34,1726233633,ETH
TX5634,W634,W975,6.35,1726233634,ETH
TX5635,W635,W1012,6.36,1726233635,ETH
TX5636,W636,W1049,6.37,1726233636,ETH
TX5637,W637,W1086,6.38,1726233637,ETH
TX5638,W638,W1123,6.39,1726233638,ETH
TX5639,W639,W1160,6.4,1726233639,ETH
TX5640,W640,W1197,6.41,1726233640,ETH
TX5641,W641,W1234,6.42,1726233641,ETH
TX5642,W642,W1271,6.43,1726233642,ETH
TX5643,W643,W1308,6.44,1726233643,ETH
TX5644,W644,W1345,6.45,1726233644,ETH
TX5645,W645,W1382,6.46,1726233645,ETH
TX5646,W646,W1419,6.47,1726233646,ETH
TX5647,W647,W1456,6.48,1726233647,ETH
TX5648,W648,W1493,6.49,1726233648,ETH
TX5649,W649,W1530,6.5,1726233649,ETH
TX5650,W650,W1567,6.51,1726233650,ETH
TX5651,W651,W1604,6.52,1726233651,ETH
TX5652,W652,W1641,6.53,1726233652,ETH
TX5653,W653,W1678,6.54,1726233653,ETH
TX5654,W654,W1715,6.55,1726233654,ETH
TX5655,W655,W1752,6.56,1726233655,ETH
TX5656,W656,W1789,6.57,1726233656,ETH
TX5657,W657,W1826,6.58,1726233657,ETH
TX5658,W658,W1863,6.59,1726233658,ETH
TX5659,W659,W1900,6.6,1726233659,ETH
TX5660,W660,W1937,6.61,1726233660,ETH
TX5661,W661,W1974,6.62,1726233661,ETH
TX5662,W662,W2011,6.63,1726233662,ETH
TX5663,W663,W2048,6.64,1726233663,ETH
TX5664,W664,W2085,6.65,1726233664,ETH
TX5665,W665,W2122,6.66,1726233665,ETH
TX5666,W666,W2159,6.67,1726233666,ETH
TX5667,W667,W2196,6.68,1726233667,ETH
TX5668,W668,W2233,6.69,1726233668,ETH
TX5669,W669,W2270,6.7,1726233669,ETH
TX5670,W670,W2307,6.71,1726233670,ETH
TX5671,W671,W2344,6.72,1726233671,ETH
TX5672,W672,W2381,6.73,1726233672,ETH
TX5673,W673,W2418,6.74,1726233673,ETH
TX5674,W674,W2455,6.75,1726233674,ETH
TX5675,W675,W2492,6.76,1726233675,ETH
TX5676,W676,W29,6.77,1726233676,ETH
TX5677,W677,W66,6.78,1726233677,ETH
TX5678,W678,W103,6.79,1726233678,ETH
TX5679,W679,W140,6.8,1726233679,ETH
TX5680,W680,W177,6.81,1726233680,ETH
TX5681,W681,W214,6.82,1726233681,ETH
TX5682,W682,W251,6.83,1726233682,ETH
TX5683,W683,W288,6.84,1726233683,ETH
TX5684,W684,W325,6.85,1726233684,ETH
TX5685,W685,W362,6.86,1726233685,ETH
TX5686,W686,W399,6.87,1726233686,ETH
TX5687,W687,W436,6.88,1726233687,ETH
TX5688,W688,W473,6.89,1726233688,ETH
TX5689,W689,W510,6.9,1726233689,ETH
TX5690,W690,W547,6.91,1726233690,ETH
TX5691,W691,W584,6.92,1726233691,ETH
TX5692,W692,W621,6.93,1726233692,ETH
TX5693,W693,W658,6.94,1726233693,ETH
TX5694,W694,W695,6.95,1726233694,ETH
TX5695,W695,W732,6.96,1726233695,ETH
TX5696,W696,W769,6.97,1726233696,ETH
TX5697,W697,W806,6.98,1726233697,ETH
TX5698,W698,W843,6.99,1726233698,ETH
TX5699,W699,W880,7,1726233699,ETH
TX5700,W700,W917,7.01,1726233700,ETH
TX5701,W701,W954,7.02,1726233701,ETH
TX5702,W702,W991,7.03,1726233702,ETH
TX5703,W703,W1028,7.04,1726233703,ETH
TX5704,W704,W1065,7.05,1726233704,ETH
TX5705,W705,W1102,7.06,1726233705,ETH
TX5706,W706,W1139,7.07,1726233706,ETH
TX5707,W707,W1176,7.08,1726233707,ETH
TX5708,W708,W1213,7.09,1726233708,ETH
TX5709,W709,W1250,7.1,1726233709,ETH
TX5710,W710,W1287,7.11,1726233710,ETH
TX5711,W711,W1324,7.12,1726233711,ETH
TX5712,W712,W1361,7.13,1726233712,ETH
TX5713,W713,W1398,7.14,1726233713,ETH
TX5714,W714,W1435,7.15,1726233714,ETH
TX5715,W715,W1472,7.16,1726233715,ETH
TX5716,W716,W1509,7.17,1726233716,ETH
TX5717,W717,W1546,7.18,1726233717,ETH
TX5718,W718,W1583,7.19,1726233718,ETH
TX5719,W719,W1620,7.2,1726233719,ETH
TX5720,W720,W1657,7.21,1726233720,ETH
TX5721,W721,W1694,7.22,1726233721,ETH
TX5722,W722,W1731,7.23,1726233722,ETH
TX5723,W723,W1768,7.24,1726233723,ETH
TX5724,W724,W1805,7.25,1726233724,ETH
TX5725,W725,W1842,7.26,1726233725,ETH
TX5726,W726,W1879,7.27,1726233726,ETH
TX5727,W727,W1916,7.28,1726233727,ETH
TX5728,W728,W1953,7.29,1726233728,ETH
TX5729,W729,W1990,7.3,1726233729,ETH
TX5730,W730,W2027,7.31,1726233730,ETH
TX5731,W731,W2064,7.32,1726233731,ETH
TX5732,W732,W2101,7.33,1726233732,ETH
TX5733,W733,W2138,7.34,1726233733,ETH
TX5734,W734,W2175,7.35,1726233734,ETH
TX5735,W735,W2212,7.36,1726233735,ETH
TX5736,W736,W2249,7.37,1726233736,ETH
TX5737,W737,W2286,7.38,1726233737,ETH
TX5738,W738,W2323,7.39,1726233738,ETH
TX5739,W739,W2360,7.4,1726233739,ETH
TX5740,W740,W2397,7.41,1726233740,ETH
TX5741,W741,W2434,7.42,1726233741,ETH
TX5742,W742,W2471,7.43,1726233742,ETH
TX5743,W743,W8,7.44,1726233743,ETH
TX5744,W744,W45,7.45,1726233744,ETH
TX5745,W745,W82,7.46,1726233745,ETH
TX5746,W746,W119,7.47,1726233746,ETH
TX5747,W747,W156,7.48,1726233747,ETH
TX5748,W748,W193,7.49,1726233748,ETH
TX5749,W749,W230,7.5,1726233749,ETH
TX5750,W750,W267,7.51,1726233750,ETH
TX5751,W751,W304,7.52,1726233751,ETH
TX5752,W752,W341,7.53,1726233752,ETH
TX5753,W753,W378,7.54,1726233753,ETH
TX5754,W754,W415,7.55,1726233754,ETH
TX5755,W755,W452,7.56,1726233755,ETH
TX5756,W756,W489,7.57,1726233756,ETH
TX5757,W757,W526,7.58,1726233757,ETH
TX5758,W758,W563,7.59,1726233758,ETH
TX5759,W759,W600,7.6,1726233759,ETH
TX5760,W760,W637,7.61,1726233760,ETH
TX5761,W761,W674,7.62,1726233761,ETH
TX5762,W762,W711,7.63,1726233762,ETH
TX5763,W763,W748,7.64,1726233763,ETH
TX5764,W764,W785,7.65,1726233764,ETH
TX5765,W765,W822,7.66,1726233765,ETH
TX5766,W766,W859,7.67,1726233766,ETH
TX5767,W767,W896,7.68,1726233767,ETH
TX5768,W768,W933,7.69,1726233768,ETH
TX5769,W769,W970,7.7,1726233769,ETH
TX5770,W770,W1007,7.71,1726233770,ETH
TX5771,W771,W1044,7.72,1726233771,ETH
TX5772,W772,W1081,7.73,1726233772,ETH
TX5773,W773,W1118,7.74,1726233773,ETH
TX5774,W774,W1155,7.75,1726233774,ETH
TX5775,W775,W1192,7.76,1726233775,ETH
TX5776,W776,W1229,7.77,1726233776,ETH
TX5777,W777,W1266,7.78,1726233777,ETH
TX5778,W778,W1303,7.79,1726233778,ETH
TX5779,W779,W1340,7.8,1726233779,ETH
TX5780,W780,W1377,7.81,1726233780,ETH
TX5781,W781,W1414,7.82,1726233781,ETH
TX5782,W782,W1451,7.83,1726233782,ETH
TX5783,W783,W1488,7.84,1726233783,ETH
TX5784,W784,W1525,7.85,1726233784,ETH
TX5785,W785,W1562,7.86,1726233785,ETH
TX5786,W786,W1599,7.87,1726233786,ETH
TX5787,W787,W1636,7.88,1726233787,ETH
TX5788,W788,W1673,7.89,1726233788,ETH
TX5789,W789,W1710,7.9,1726233789,ETH
TX5790,W790,W1747,7.91,1726233790,ETH
TX5791,W791,W1784,7.92,1726233791,ETH
TX5792,W792,W1821,7.93,1726233792,ETH
TX5793,W793,W1858,7.94,1726233793,ETH
TX5794,W794,W1895,7.95,1726233794,ETH
TX5795,W795,W1932,7.96,1726233795,ETH
TX5796,W796,W1969,7.97,1726233796,ETH
TX5797,W797,W2006,7.98,1726233797,ETH
TX5798,W798,W2043,7.99,1726233798,ETH
TX5799,W799,W2080,8,1726233799,ETH
TX5800,W800,W2117,8.01,1726233800,ETH
TX5801,W801,W2154,8.02,1726233801,ETH
TX5802,W802,W2191,8.03,1726233802,ETH
TX5803,W803,W2228,8.04,1726233803,ETH
TX5804,W804,W2265,8.05,1726233804,ETH
TX5805,W805,W2302,8.06,1726233805,ETH
TX5806,W806,W2339,8.07,1726233806,ETH
TX5807,W807,W2376,8.08,1726233807,ETH
TX5808,W808,W2413,8.09,1726233808,ETH
TX5809,W809,W2450,8.1,1726233809,ETH
TX5810,W810,W2487,8.11,1726233810,ETH
TX5811,W811,W24,8.12,1726233811,ETH
TX5812,W812,W61,8.13,1726233812,ETH
TX5813,W813,W98,8.14,1726233813,ETH
TX5814,W814,W135,8.15,1726233814,ETH
TX5815,W815,W172,8.16,1726233815,ETH
TX5816,W816,W209,8.17,1726233816,ETH
TX5817,W817,W246,8.18,1726233817,ETH
TX5818,W818,W283,8.19,1726233818,ETH
TX5819,W819,W320,8.2,1726233819,ETH
TX5820,W820,W357,8.21,1726233820,ETH
TX5821,W821,W394,8.22,1726233821,ETH
TX5822,W822,W431,8.23,1726233822,ETH
TX5823,W823,W468,8.24,1726233823,ETH
TX5824,W824,W505,8.25,1726233824,ETH
TX5825,W825,W542,8.26,1726233825,ETH
TX5826,W826,W579,8.27,1726233826,ETH
TX5827,W827,W616,8.28,1726233827,ETH
TX5828,W828,W653,8.29,1726233828,ETH
TX5829,W829,W690,8.3,1726233829,ETH
TX5830,W830,W727,8.31,1726233830,ETH
TX5831,W831,W764,8.32,1726233831,ETH
TX5832,W832,W801,8.33,1726233832,ETH
TX5833,W833,W838,8.34,1726233833,ETH
TX5834,W834,W875,8.35,1726233834,ETH
TX5835,W835,W912,8.36,1726233835,ETH
TX5836,W836,W949,8.37,1726233836,ETH
TX5837,W837,W986,8.38,1726233837,ETH
TX5838,W838,W1023,8.39,1726233838,ETH
TX5839,W839,W1060,8.4,1726233839,ETH
TX5840,W840,W1097,8.41,1726233840,ETH
TX5841,W841,W1134,8.42,1726233841,ETH
TX5842,W842,W1171,8.43,1726233842,ETH
TX5843,W843,W1208,8.44,1726233843,ETH
TX5844,W844,W1245,8.45,1726233844,ETH
TX5845,W845,W1282,8.46,1726233845,ETH
TX5846,W846,W1319,8.47,1726233846,ETH
TX5847,W847,W1356,8.48,1726233847,ETH
TX5848,W848,W1393,8.49,1726233848,ETH
TX5849,W849,W1430,8.5,1726233849,ETH
TX5850,W850,W1467,8.51,1726233850,ETH
TX5851,W851,W1504,8.52,1726233851,ETH
TX5852,W852,W1541,8.53,1726233852,ETH
TX5853,W853,W1578,8.54,1726233853,ETH
TX5854,W854,W1615,8.55,1726233854,ETH
TX5855,W855,W1652,8.56,1726233855,ETH
TX5856,W856,W1689,8.57,1726233856,ETH
TX5857,W857,W1726,8.58,1726233857,ETH
TX5858,W858,W1763,8.59,1726233858,ETH
TX5859,W859,W1800,8.6,1726233859,ETH
TX5860,W860,W1837,8.61,1726233860,ETH
TX5861,W861,W1874,8.62,1726233861,ETH
TX5862,W862,W1911,8.63,1726233862,ETH
TX5863,W863,W1948,8.64,1726233863,ETH
TX5864,W864,W1985,8.65,1726233864,ETH
TX5865,W865,W2022,8.66,1726233865,ETH
TX5866,W866,W2059,8.67,1726233866,ETH
TX5867,W867,W2096,8.68,1726233867,ETH
TX5868,W868,W2133,8.69,1726233868,ETH
TX5869,W869,W2170,8.7,1726233869,ETH
TX5870,W870,W2207,8.71,1726233870,ETH
TX5871,W871,W2244,8.72,1726233871,ETH
TX5872,W872,W2281,8.73,1726233872,ETH
TX5873,W873,W2318,8.74,1726233873,ETH
TX5874,W874,W2355,8.75,1726233874,ETH
TX5875,W875,W2392,8.76,1726233875,ETH
TX5876,W876,W2429,8.77,1726233876,ETH
TX5877,W877,W2466,8.78,1726233877,ETH
TX5878,W878,W3,8.79,1726233878,ETH
TX5879,W879,W40,8.8,1726233879,ETH
TX5880,W880,W77,8.81,1726233880,ETH
TX5881,W881,W114,8.82,1726233881,ETH
TX5882,W882,W151,8.83,1726233882,ETH
TX5883,W883,W188,8.84,1726233883,ETH
TX5884,W884,W225,8.85,1726233884,ETH
TX5885,W885,W262,8.86,1726233885,ETH
TX5886,W886,W299,8.87,1726233886,ETH
TX5887,W887,W336,8.88,1726233887,ETH
TX5888,W888,W373,8.89,1726233888,ETH
TX5889,W889,W410,8.9,1726233889,ETH
TX5890,W890,W447,8.91,1726233890,ETH
TX5891,W891,W484,8.92,1726233891,ETH
TX5892,W892,W521,8.93,1726233892,ETH
TX5893,W893,W558,8.94,1726233893,ETH
TX5894,W894,W595,8.95,1726233894,ETH
TX5895,W895,W632,8.96,1726233895,ETH
TX5896,W896,W669,8.97,1726233896,ETH
TX5897,W897,W706,8.98,1726233897,ETH
TX5898,W898,W743,8.99,1726233898,ETH
TX5899,W899,W780,9,1726233899,ETH
TX5900,W900,W817,9.01,1726233900,ETH
TX5901,W901,W854,9.02,1726233901,ETH
TX5902,W902,W891,9.03,1726233902,ETH
TX5903,W903,W928,9.04,1726233903,ETH
TX5904,W904,W965,9.05,1726233904,ETH
TX5905,W905,W1002,9.06,1726233905,ETH
TX5906,W906,W1039,9.07,1726233906,ETH
TX5907,W907,W1076,9.08,1726233907,ETH
TX5908,W908,W1113,9.09,1726233908,ETH
TX5909,W909,W1150,9.1,1726233909,ETH
TX5910,W910,W1187,9.11,1726233910,ETH
TX5911,W911,W1224,9.12,1726233911,ETH
TX5912,W912,W1261,9.13,1726233912,ETH
TX5913,W913,W1298,9.14,1726233913,ETH
TX5914,W914,W1335,9.15,1726233914,ETH
TX5915,W915,W1372,9.16,1726233915,ETH
TX5916,W916,W1409,9.17,1726233916,ETH
TX5917,W917,W1446,9.18,1726233917,ETH
TX5918,W918,W1483,9.19,1726233918,ETH
TX5919,W919,W1520,9.2,1726233919,ETH
TX5920,W920,W1557,9.21,1726233920,ETH
TX5921,W921,W1594,9.22,1726233921,ETH
TX5922,W922,W1631,9.23,1726233922,ETH
TX5923,W923,W1668,9.24,1726233923,ETH
TX5924,W924,W1705,9.25,1726233924,ETH
TX5925,W925,W1742,9.26,1726233925,ETH
TX5926,W926,W1779,9.27,1726233926,ETH
TX5927,W927,W1816,9.28,1726233927,ETH
TX5928,W928,W1853,9.29,1726233928,ETH
TX5929,W929,W1890,9.3,1726233929,ETH
TX5930,W930,W1927,9.31,1726233930,ETH
TX5931,W931,W1964,9.32,1726233931,ETH
TX5932,W932,W2001,9.33,1726233932,ETH
TX5933,W933,W2038,9.34,1726233933,ETH
TX5934,W934,W2075,9.35,1726233934,ETH
TX5935,W935,W2112,9.36,1726233935,ETH
TX5936,W936,W2149,9.37,1726233936,ETH
TX5937,W937,W2186,9.38,1726233937,ETH
TX5938,W938,W2223,9.39,1726233938,ETH
TX5939,W939,W2260,9.4,1726233939,ETH
TX5940,W940,W2297,9.41,1726233940,ETH
TX5941,W941,W2334,9.42,1726233941,ETH
TX5942,W942,W2371,9.43,1726233942,ETH
TX5943,W943,W2408,9.44,1726233943,ETH
TX5944,W944,W2445,9.45,1726233944,ETH
TX5945,W945,W2482,9.46,1726233945,ETH
TX5946,W946,W19,9.47,1726233946,ETH
TX5947,W947,W56,9.48,1726233947,ETH
TX5948,W948,W93,9.49,1726233948,ETH
TX5949,W949,W130,9.5,1726233949,ETH
TX5950,W950,W167,9.51,1726233950,ETH
TX5951,W951,W204,9.52,1726233951,ETH
TX5952,W952,W241,9.53,1726233952,ETH
TX5953,W953,W278,9.54,1726233953,ETH
TX5954,W954,W315,9.55,1726233954,ETH
TX5955,W955,W352,9.56,1726233955,ETH
TX5956,W956,W389,9.57,1726233956,ETH
TX5957,W957,W426,9.58,1726233957,ETH
TX5958,W958,W463,9.59,1726233958,ETH
TX5959,W959,W500,9.6,1726233959,ETH
TX5960,W960,W537,9.61,1726233960,ETH
TX5961,W961,W574,9.62,1726233961,ETH
TX5962,W962,W611,9.63,1726233962,ETH
TX5963,W963,W648,9.64,1726233963,ETH
TX5964,W964,W685,9.65,1726233964,ETH
TX5965,W965,W722,9.66,1726233965,ETH
TX5966,W966,W759,9.67,1726233966,ETH
TX5967,W967,W796,9.68,1726233967,ETH
TX5968,W968,W833,9.69,1726233968,ETH
TX5969,W969,W870,9.7,1726233969,ETH
TX5970,W970,W907,9.71,1726233970,ETH
TX5971,W971,W944,9.72,1726233971,ETH
TX5972,W972,W981,9.73,1726233972,ETH
TX5973,W973,W1018,9.74,1726233973,ETH
TX5974,W974,W1055,9.75,1726233974,ETH
TX5975,W975,W1092,9.76,1726233975,ETH
TX5976,W976,W1129,9.77,1726233976,ETH
TX5977,W977,W1166,9.78,1726233977,ETH
TX5978,W978,W1203,9.79,1726233978,ETH
TX5979,W979,W1240,9.8,1726233979,ETH
TX5980,W980,W1277,9.81,1726233980,ETH
TX5981,W981,W1314,9.82,1726233981,ETH
TX5982,W982,W1351,9.83,1726233982,ETH
TX5983,W983,W1388,9.84,1726233983,ETH
TX5984,W984,W1425,9.85,1726233984,ETH
TX5985,W985,W1462,9.86,1726233985,ETH
TX5986,W986,W1499,9.87,1726233986,ETH
TX5987,W987,W1536,9.88,1726233987,ETH
TX5988,W988,W1573,9.89,1726233988,ETH
TX5989,W989,W1610,9.9,1726233989,ETH
TX5990,W990,W1647,9.91,1726233990,ETH
TX5991,W991,W1684,9.92,1726233991,ETH
TX5992,W992,W1721,9.93,1726233992,ETH
TX5993,W993,W1758,9.94,1726233993,ETH
TX5994,W994,W1795,9.95,1726233994,ETH
TX5995,W995,W1832,9.96,1726233995,ETH
TX5996,W996,W1869,9.97,1726233996,ETH
TX5997,W997,W1906,9.98,1726233997,ETH
TX5998,W998,W1943,9.99,1726233998,ETH
TX5999,W999,W1980,10,1726233999,ETH
TX6000,W1000,W2017,0.01,1726234000,ETH
TX6001,W1001,W2054,0.02,1726234001,ETH
TX6002,W1002,W2091,0.03,1726234002,ETH
TX6003,W1003,W2128,0.04,1726234003,ETH
TX6004,W1004,W2165,0.05,1726234004,ETH
TX6005,W1005,W2202,0.06,1726234005,ETH
TX6006,W1006,W2239,0.07,1726234006,ETH
TX6007,W1007,W2276,0.08,1726234007,ETH
TX6008,W1008,W2313,0.09,1726234008,ETH
TX6009,W1009,W2350,0.1,1726234009,ETH
TX6010,W1010,W2387,0.11,1726234010,ETH
TX6011,W1011,W2424,0.12,1726234011,ETH
TX6012,W1012,W2461,0.13,1726234012,ETH
TX6013,W1013,W2498,0.14,1726234013,ETH
TX6014,W1014,W35,0.15,1726234014,ETH
TX6015,W1015,W72,0.16,1726234015,ETH
TX6016,W1016,W109,0.17,1726234016,ETH
TX6017,W1017,W146,0.18,1726234017,ETH
TX6018,W1018,W183,0.19,1726234018,ETH
TX6019,W1019,W220,0.2,1726234019,ETH
TX6020,W1020,W257,0.21,1726234020,ETH
TX6021,W1021,W294,0.22,1726234021,ETH
TX6022,W1022,W331,0.23,1726234022,ETH
TX6023,W1023,W368,0.24,1726234023,ETH
TX6024,W1024,W405,0.25,1726234024,ETH
TX6025,W1025,W442,0.26,1726234025,ETH
TX6026,W1026,W479,0.27,1726234026,ETH
TX6027,W1027,W516,0.28,1726234027,ETH
TX6028,W1028,W553,0.29,1726234028,ETH
TX6029,W1029,W590,0.3,1726234029,ETH
TX6030,W1030,W627,0.31,1726234030,ETH
TX6031,W1031,W664,0.32,1726234031,ETH
TX6032,W1032,W701,0.33,1726234032,ETH
TX6033,W1033,W738,0.34,1726234033,ETH
TX6034,W1034,W775,0.35,1726234034,ETH
TX6035,W1035,W812,0.36,1726234035,ETH
TX6036,W1036,W849,0.37,1726234036,ETH
TX6037,W1037,W886,0.38,1726234037,ETH
TX6038,W1038,W923,0.39,1726234038,ETH
TX6039,W1039,W960,0.4,1726234039,ETH
TX6040,W1040,W997,0.41,1726234040,ETH
TX6041,W1041,W1034,0.42,1726234041,ETH
TX6042,W1042,W1071,0.43,1726234042,ETH
TX6043,W1043,W1108,0.44,1726234043,ETH
TX6044,W1044,W1145,0.45,1726234044,ETH
TX6045,W1045,W1182,0.46,1726234045,ETH
TX6046,W1046,W1219,0.47,1726234046,ETH
TX6047,W1047,W1256,0.48,1726234047,ETH
TX6048,W1048,W1293,0.49,1726234048,ETH
TX6049,W1049,W1330,0.5,1726234049,ETH
TX6050,W1050,W1367,0.51,1726234050,ETH
TX6051,W1051,W1404,0.52,1726234051,ETH
TX6052,W1052,W1441,0.53,1726234052,ETH
TX6053,W1053,W1478,0.54,1726234053,ETH
TX6054,W1054,W1515,0.55,1726234054,ETH
TX6055,W1055,W1552,0.56,1726234055,ETH
TX6056,W1056,W1589,0.57,1726234056,ETH
TX6057,W1057,W1626,0.58,1726234057,ETH
TX6058,W1058,W1663,0.59,1726234058,ETH
TX6059,W1059,W1700,0.6,1726234059,ETH
TX6060,W1060,W1737,0.61,1726234060,ETH
TX6061,W1061,W1774,0.62,1726234061,ETH
TX6062,W1062,W1811,0.63,1726234062,ETH
TX6063,W1063,W1848,0.64,1726234063,ETH
TX6064,W1064,W1885,0.65,1726234064,ETH
TX6065,W1065,W1922,0.66,1726234065,ETH
TX6066,W1066,W1959,0.67,1726234066,ETH
TX6067,W1067,W1996,0.68,1726234067,ETH
TX6068,W1068,W2033,0.69,1726234068,ETH
TX6069,W1069,W2070,0.7,1726234069,ETH
TX6070,W1070,W2107,0.71,1726234070,ETH
TX6071,W1071,W2144,0.72,1726234071,ETH
TX6072,W1072,W2181,0.73,1726234072,ETH
TX6073,W1073,W2218,0.74,1726234073,ETH
TX6074,W1074,W2255,0.75,1726234074,ETH
TX6075,W1075,W2292,0.76,1726234075,ETH
TX6076,W1076,W2329,0.77,1726234076,ETH
TX6077,W1077,W2366,0.78,1726234077,ETH
TX6078,W1078,W2403,0.79,1726234078,ETH
TX6079,W1079,W2440,0.8,1726234079,ETH
TX6080,W1080,W2477,0.81,1726234080,ETH
TX6081,W1081,W14,0.82,1726234081,ETH
TX6082,W1082,W51,0.83,1726234082,ETH
TX6083,W1083,W88,0.84,1726234083,ETH
TX6084,W1084,W125,0.85,1726234084,ETH
TX6085,W1085,W162,0.86,1726234085,ETH
TX6086,W1086,W199,0.87,1726234086,ETH
TX6087,W1087,W236,0.88,1726234087,ETH
TX6088,W1088,W273,0.89,1726234088,ETH
TX6089,W1089,W310,0.9,1726234089,ETH
TX6090,W1090,W347,0.91,1726234090,ETH
TX6091,W1091,W384,0.92,1726234091,ETH
TX6092,W1092,W421,0.93,1726234092,ETH
TX6093,W1093,W458,0.94,1726234093,ETH
TX6094,W1094,W495,0.95,1726234094,ETH
TX6095,W1095,W532,0.96,1726234095,ETH
TX6096,W1096,W569,0.97,1726234096,ETH
TX6097,W1097,W606,0.98,1726234097,ETH
TX6098,W1098,W643,0.99,1726234098,ETH
TX6099,W1099,W680,1,1726234099,ETH
TX6100,W1100,W717,1.01,1726234100,ETH
TX6101,W1101,W754,1.02,1726234101,ETH
TX6102,W1102,W791,1.03,1726234102,ETH
TX6103,W1103,W828,1.04,1726234103,ETH
TX6104,W1104,W865,1.05,1726234104,ETH
TX6105,W1105,W902,1.06,1726234105,ETH
TX6106,W1106,W939,1.07,1726234106,ETH
TX6107,W1107,W976,1.08,1726234107,ETH
TX6108,W1108,W1013,1.09,1726234108,ETH
TX6109,W1109,W1050,1.1,1726234109,ETH
TX6110,W1110,W1087,1.11,1726234110,ETH
TX6111,W1111,W1124,1.12,1726234111,ETH
TX6112,W1112,W1161,1.13,1726234112,ETH
TX6113,W1113,W1198,1.14,1726234113,ETH
TX6114,W1114,W1235,1.15,1726234114,ETH
TX6115,W1115,W1272,1.16,1726234115,ETH
TX6116,W1116,W1309,1.17,1726234116,ETH
TX6117,W1117,W1346,1.18,1726234117,ETH
TX6118,W1118,W1383,1.19,1726234118,ETH
TX6119,W1119,W1420,1.2,1726234119,ETH
TX6120,W1120,W1457,1.21,1726234120,ETH
TX6121,W1121,W1494,1.22,1726234121,ETH
TX6122,W1122,W1531,1.23,1726234122,ETH
TX6123,W1123,W1568,1.24,1726234123,ETH
TX6124,W1124,W1605,1.25,1726234124,ETH
TX6125,W1125,W1642,1.26,1726234125,ETH
TX6126,W1126,W1679,1.27,1726234126,ETH
TX6127,W1127,W1716,1.28,1726234127,ETH
TX6128,W1128,W1753,1.29,1726234128,ETH
TX6129,W1129,W1790,1.3,1726234129,ETH
TX6130,W1130,W1827,1.31,1726234130,ETH
TX6131,W1131,W1864,1.32,1726234131,ETH
TX6132,W1132,W1901,1.33,1726234132,ETH
TX6133,W1133,W1938,1.34,1726234133,ETH
TX6134,W1134,W1975,1.35,1726234134,ETH
TX6135,W1135,W2012,1.36,1726234135,ETH
TX6136,W1136,W2049,1.37,1726234136,ETH
TX6137,W1137,W2086,1.38,1726234137,ETH
TX6138,W1138,W2123,1.39,1726234138,ETH
TX6139,W1139,W2160,1.4,1726234139,ETH
TX6140,W1140,W2197,1.41,1726234140,ETH
TX6141,W1141,W2234,1.42,1726234141,ETH
TX6142,W1142,W2271,1.43,1726234142,ETH
TX6143,W1143,W2308,1.44,1726234143,ETH
TX6144,W1144,W2345,1.45,1726234144,ETH
TX6145,W1145,W2382,1.46,1726234145,ETH
TX6146,W1146,W2419,1.47,1726234146,ETH
TX6147,W1147,W2456,1.48,1726234147,ETH
TX6148,W1148,W2493,1.49,1726234148,ETH
TX6149,W1149,W30,1.5,1726234149,ETH
TX6150,W1150,W67,1.51,1726234150,ETH
TX6151,W1151,W104,1.52,1726234151,ETH
TX6152,W1152,W141,1.53,1726234152,ETH
TX6153,W1153,W178,1.54,1726234153,ETH
TX6154,W1154,W215,1.55,1726234154,ETH
TX6155,W1155,W252,1.56,1726234155,ETH
TX6156,W1156,W289,1.57,1726234156,ETH
TX6157,W1157,W326,1.58,1726234157,ETH
TX6158,W1158,W363,1.59,1726234158,ETH
TX6159,W1159,W400,1.6,1726234159,ETH
TX6160,W1160,W437,1.61,1726234160,ETH
TX6161,W1161,W474,1.62,1726234161,ETH
TX6162,W1162,W511,1.63,1726234162,ETH
TX6163,W1163,W548,1.64,1726234163,ETH
TX6164,W1164,W585,1.65,1726234164,ETH
TX6165,W1165,W622,1.66,1726234165,ETH
TX6166,W1166,W659,1.67,1726234166,ETH
TX6167,W1167,W696,1.68,1726234167,ETH
TX6168,W1168,W733,1.69,1726234168,ETH
TX6169,W1169,W770,1.7,1726234169,ETH
TX6170,W1170,W807,1.71,1726234170,ETH
TX6171,W1171,W844,1.72,1726234171,ETH
TX6172,W1172,W881,1.73,1726234172,ETH
TX6173,W1173,W918,1.74,1726234173,ETH
TX6174,W1174,W955,1.75,1726234174,ETH
TX6175,W1175,W992,1.76,1726234175,ETH
TX6176,W1176,W1029,1.77,1726234176,ETH
TX6177,W1177,W1066,1.78,1726234177,ETH
TX6178,W1178,W1103,1.79,1726234178,ETH
TX6179,W1179,W1140,1.8,1726234179,ETH
TX6180,W1180,W1177,1.81,1726234180,ETH
TX6181,W1181,W1214,1.82,1726234181,ETH
TX6182,W1182,W1251,1.83,1726234182,ETH
TX6183,W1183,W1288,1.84,1726234183,ETH
TX6184,W1184,W1325,1.85,1726234184,ETH
TX6185,W1185,W1362,1.86,1726234185,ETH
TX6186,W1186,W1399,1.87,1726234186,ETH
TX6187,W1187,W1436,1.88,1726234187,ETH
TX6188,W1188,W1473,1.89,1726234188,ETH
TX6189,W1189,W1510,1.9,1726234189,ETH
TX6190,W1190,W1547,1.91,1726234190,ETH
TX6191,W1191,W1584,1.92,1726234191,ETH
TX6192,W1192,W1621,1.93,1726234192,ETH
TX6193,W1193,W1658,1.94,1726234193,ETH
TX6194,W1194,W1695,1.95,1726234194,ETH
TX6195,W1195,W1732,1.96,1726234195,ETH
TX6196,W1196,W1769,1.97,1726234196,ETH
TX6197,W1197,W1806,1.98,1726234197,ETH
TX6198,W1198,W1843,1.99,1726234198,ETH
TX6199,W1199,W1880,2,1726234199,ETH
TX6200,W1200,W1917,2.01,1726234200,ETH
TX6201,W1201,W1954,2.02,1726234201,ETH
TX6202,W1202,W1991,2.03,1726234202,ETH
TX6203,W1203,W2028,2.04,1726234203,ETH
TX6204,W1204,W2065,2.05,1726234204,ETH
TX6205,W1205,W2102,2.06,1726234205,ETH
TX6206,W1206,W2139,2.07,1726234206,ETH
TX6207,W1207,W2176,2.08,1726234207,ETH
TX6208,W1208,W2213,2.09,1726234208,ETH
TX6209,W1209,W2250,2.1,1726234209,ETH
TX6210,W1210,W2287,2.11,1726234210,ETH
TX6211,W1211,W2324,2.12,1726234211,ETH
TX6212,W1212,W2361,2.13,1726234212,ETH
TX6213,W1213,W2398,2.14,1726234213,ETH
TX6214,W1214,W2435,2.15,1726234214,ETH
TX6215,W1215,W2472,2.16,1726234215,ETH
TX6216,W1216,W9,2.17,1726234216,ETH
TX6217,W1217,W46,2.18,1726234217,ETH
TX6218,W1218,W83,2.19,1726234218,ETH
TX6219,W1219,W120,2.2,1726234219,ETH
TX6220,W1220,W157,2.21,1726234220,ETH
TX6221,W1221,W194,2.22,1726234221,ETH
TX6222,W1222,W231,2.23,1726234222,ETH
TX6223,W1223,W268,2.24,1726234223,ETH
TX6224,W1224,W305,2.25,1726234224,ETH
TX6225,W1225,W342,2.26,1726234225,ETH
TX6226,W1226,W379,2.27,1726234226,ETH
TX6227,W1227,W416,2.28,1726234227,ETH
TX6228,W1228,W453,2.29,1726234228,ETH
TX6229,W1229,W490,2.3,1726234229,ETH
TX6230,W1230,W527,2.31,1726234230,ETH
TX6231,W1231,W564,2.32,1726234231,ETH
TX6232,W1232,W601,2.33,1726234232,ETH
TX6233,W1233,W638,2.34,1726234233,ETH
TX6234,W1234,W675,2.35,1726234234,ETH
TX6235,W1235,W712,2.36,1726234235,ETH
TX6236,W1236,W749,2.37,1726234236,ETH
TX6237,W1237,W786,2.38,1726234237,ETH
TX6238,W1238,W823,2.39,1726234238,ETH
TX6239,W1239,W860,2.4,1726234239,ETH
TX6240,W1240,W897,2.41,1726234240,ETH
TX6241,W1241,W934,2.42,1726234241,ETH
TX6242,W1242,W971,2.43,1726234242,ETH
TX6243,W1243,W1008,2.44,1726234243,ETH
TX6244,W1244,W1045,2.45,1726234244,ETH
TX6245,W1245,W1082,2.46,1726234245,ETH
TX6246,W1246,W1119,2.47,1726234246,ETH
TX6247,W1247,W1156,2.48,1726234247,ETH
TX6248,W1248,W1193,2.49,1726234248,ETH
TX6249,W1249,W1230,2.5,1726234249,ETH
TX6250,W1250,W1267,2.51,1726234250,ETH
TX6251,W1251,W1304,2.52,1726234251,ETH
TX6252,W1252,W1341,2.53,1726234252,ETH
TX6253,W1253,W1378,2.54,1726234253,ETH
TX6254,W1254,W1415,2.55,1726234254,ETH
TX6255,W1255,W1452,2.56,1726234255,ETH
TX6256,W1256,W1489,2.57,1726234256,ETH
TX6257,W1257,W1526,2.58,1726234257,ETH
TX6258,W1258,W1563,2.59,1726234258,ETH
TX6259,W1259,W1600,2.6,1726234259,ETH
TX6260,W1260,W1637,2.61,1726234260,ETH
TX6261,W1261,W1674,2.62,1726234261,ETH
TX6262,W1262,W1711,2.63,1726234262,ETH
TX6263,W1263,W1748,2.64,1726234263,ETH
TX6264,W1264,W1785,2.65,1726234264,ETH
TX6265,W1265,W1822,2.66,1726234265,ETH
TX6266,W1266,W1859,2.67,1726234266,ETH
TX6267,W1267,W1896,2.68,1726234267,ETH
TX6268,W1268,W1933,2.69,1726234268,ETH
TX6269,W1269,W1970,2.7,1726234269,ETH
TX6270,W1270,W2007,2.71,1726234270,ETH
TX6271,W1271,W2044,2.72,1726234271,ETH
TX6272,W1272,W2081,2.73,1726234272,ETH
TX6273,W1273,W2118,2.74,1726234273,ETH
TX6274,W1274,W2155,2.75,1726234274,ETH
TX6275,W1275,W2192,2.76,1726234275,ETH
TX6276,W1276,W2229,2.77,1726234276,ETH
TX6277,W1277,W2266,2.78,1726234277,ETH
TX6278,W1278,W2303,2.79,1726234278,ETH
TX6279,W1279,W2340,2.8,1726234279,ETH
TX6280,W1280,W2377,2.81,1726234280,ETH
TX6281,W1281,W2414,2.82,1726234281,ETH
TX6282,W1282,W2451,2.83,1726234282,ETH
TX6283,W1283,W2488,2.84,1726234283,ETH
TX6284,W1284,W25,2.85,1726234284,ETH
TX6285,W1285,W62,2.86,1726234285,ETH
TX6286,W1286,W99,2.87,1726234286,ETH
TX6287,W1287,W136,2.88,1726234287,ETH
TX6288,W1288,W173,2.89,1726234288,ETH
TX6289,W1289,W210,2.9,1726234289,ETH
TX6290,W1290,W247,2.91,1726234290,ETH
TX6291,W1291,W284,2.92,1726234291,ETH
TX6292,W1292,W321,2.93,1726234292,ETH
TX6293,W1293,W358,2.94,1726234293,ETH
TX6294,W1294,W395,2.95,1726234294,ETH
TX6295,W1295,W432,2.96,1726234295,ETH
TX6296,W1296,W469,2.97,1726234296,ETH
TX6297,W1297,W506,2.98,1726234297,ETH
TX6298,W1298,W543,2.99,1726234298,ETH
TX6299,W1299,W580,3,1726234299,ETH
TX6300,W1300,W617,3.01,1726234300,ETH
TX6301,W1301,W654,3.02,1726234301,ETH
TX6302,W1302,W691,3.03,1726234302,ETH
TX6303,W1303,W728,3.04,1726234303,ETH
TX6304,W1304,W765,3.05,1726234304,ETH
TX6305,W1305,W802,3.06,1726234305,ETH
TX6306,W1306,W839,3.07,1726234306,ETH
TX6307,W1307,W876,3.08,1726234307,ETH
TX6308,W1308,W913,3.09,1726234308,ETH
TX6309,W1309,W950,3.1,1726234309,ETH
TX6310,W1310,W987,3.11,1726234310,ETH
TX6311,W1311,W1024,3.12,1726234311,ETH
TX6312,W1312,W1061,3.13,1726234312,ETH
TX6313,W1313,W1098,3.14,1726234313,ETH
TX6314,W1314,W1135,3.15,1726234314,ETH
TX6315,W1315,W1172,3.16,1726234315,ETH
TX6316,W1316,W1209,3.17,1726234316,ETH
TX6317,W1317,W1246,3.18,1726234317,ETH
TX6318,W1318,W1283,3.19,1726234318,ETH
TX6319,W1319,W1320,3.2,1726234319,ETH
TX6320,W1320,W1357,3.21,1726234320,ETH
TX6321,W1321,W1394,3.22,1726234321,ETH
TX6322,W1322,W1431,3.23,1726234322,ETH
TX6323,W1323,W1468,3.24,1726234323,ETH
TX6324,W1324,W1505,3.25,1726234324,ETH
TX6325,W1325,W1542,3.26,1726234325,ETH
TX6326,W1326,W1579,3.27,1726234326,ETH
TX6327,W1327,W1616,3.28,1726234327,ETH
TX6328,W1328,W1653,3.29,1726234328,ETH
TX6329,W1329,W1690,3.3,1726234329,ETH
TX6330,W1330,W1727,3.31,1726234330,ETH
TX6331,W1331,W1764,3.32,1726234331,ETH
TX6332,W1332,W1801,3.33,1726234332,ETH
TX6333,W1333,W1838,3.34,1726234333,ETH
TX6334,W1334,W1875,3.35,1726234334,ETH
TX6335,W1335,W1912,3.36,1726234335,ETH
TX6336,W1336,W1949,3.37,1726234336,ETH
TX6337,W1337,W1986,3.38,1726234337,ETH
TX6338,W1338,W2023,3.39,1726234338,ETH
TX6339,W1339,W2060,3.4,1726234339,ETH
TX6340,W1340,W2097,3.41,1726234340,ETH
TX6341,W1341,W2134,3.42,1726234341,ETH
TX6342,W1342,W2171,3.43,1726234342,ETH
TX6343,W1343,W2208,3.44,1726234343,ETH
TX6344,W1344,W2245,3.45,1726234344,ETH
TX6345,W1345,W2282,3.46,1726234345,ETH
TX6346,W1346,W2319,3.47,1726234346,ETH
TX6347,W1347,W2356,3.48,1726234347,ETH
TX6348,W1348,W2393,3.49,1726234348,ETH
TX6349,W1349,W2430,3.5,1726234349,ETH
TX6350,W1350,W2467,3.51,1726234350,ETH
TX6351,W1351,W4,3.52,1726234351,ETH
TX6352,W1352,W41,3.53,1726234352,ETH
TX6353,W1353,W78,3.54,1726234353,ETH
TX6354,W1354,W115,3.55,1726234354,ETH
TX6355,W1355,W152,3.56,1726234355,ETH
TX6356,W1356,W189,3.57,1726234356,ETH
TX6357,W1357,W226,3.58,1726234357,ETH
TX6358,W1358,W263,3.59,1726234358,ETH
TX6359,W1359,W300,3.6,1726234359,ETH
TX6360,W1360,W337,3.61,1726234360,ETH
TX6361,W1361,W374,3.62,1726234361,ETH
TX6362,W1362,W411,3.63,1726234362,ETH
TX6363,W1363,W448,3.64,1726234363,ETH
TX6364,W1364,W485,3.65,1726234364,ETH
TX6365,W1365,W522,3.66,1726234365,ETH
TX6366,W1366,W559,3.67,1726234366,ETH
TX6367,W1367,W596,3.68,1726234367,ETH
TX6368,W1368,W633,3.69,1726234368,ETH
TX6369,W1369,W670,3.7,1726234369,ETH
TX6370,W1370,W707,3.71,1726234370,ETH
TX6371,W1371,W744,3.72,1726234371,ETH
TX6372,W1372,W781,3.73,1726234372,ETH
TX6373,W1373,W818,3.74,1726234373,ETH
TX6374,W1374,W855,3.75,1726234374,ETH
TX6375,W1375,W892,3.76,1726234375,ETH
TX6376,W1376,W929,3.77,1726234376,ETH
TX6377,W1377,W966,3.78,1726234377,ETH
TX6378,W1378,W1003,3.79,1726234378,ETH
TX6379,W1379,W1040,3.8,1726234379,ETH
TX6380,W1380,W1077,3.81,1726234380,ETH
TX6381,W1381,W1114,3.82,1726234381,ETH
TX6382,W1382,W1151,3.83,1726234382,ETH
TX6383,W1383,W1188,3.84,1726234383,ETH
TX6384,W1384,W1225,3.85,1726234384,ETH
TX6385,W1385,W1262,3.86,1726234385,ETH
TX6386,W1386,W1299,3.87,1726234386,ETH
TX6387,W1387,W1336,3.88,1726234387,ETH
TX6388,W1388,W1373,3.89,1726234388,ETH
TX6389,W1389,W1410,3.9,1726234389,ETH
TX6390,W1390,W1447,3.91,1726234390,ETH
TX6391,W1391,W1484,3.92,1726234391,ETH
TX6392,W1392,W1521,3.93,1726234392,ETH
TX6393,W1393,W1558,3.94,1726234393,ETH
TX6394,W1394,W1595,3.95,1726234394,ETH
TX6395,W1395,W1632,3.96,1726234395,ETH
TX6396,W1396,W1669,3.97,1726234396,ETH
TX6397,W1397,W1706,3.98,1726234397,ETH
TX6398,W1398,W1743,3.99,1726234398,ETH
TX6399,W1399,W1780,4,1726234399,ETH
TX6400,W1400,W1817,4.01,1726234400,ETH
TX6401,W1401,W1854,4.02,1726234401,ETH
TX6402,W1402,W1891,4.03,1726234402,ETH
TX6403,W1403,W1928,4.04,1726234403,ETH
TX6404,W1404,W1965,4.05,1726234404,ETH
TX6405,W1405,W2002,4.06,1726234405,ETH
TX6406,W1406,W2039,4.07,1726234406,ETH
TX6407,W1407,W2076,4.08,1726234407,ETH
TX6408,W1408,W2113,4.09,1726234408,ETH
TX6409,W1409,W2150,4.1,1726234409,ETH
TX6410,W1410,W2187,4.11,1726234410,ETH
TX6411,W1411,W2224,4.12,1726234411,ETH
TX6412,W1412,W2261,4.13,1726234412,ETH
TX6413,W1413,W2298,4.14,1726234413,ETH
TX6414,W1414,W2335,4.15,1726234414,ETH
TX6415,W1415,W2372,4.16,1726234415,ETH
TX6416,W1416,W2409,4.17,1726234416,ETH
TX6417,W1417,W2446,4.18,1726234417,ETH
TX6418,W1418,W2483,4.19,1726234418,ETH
TX6419,W1419,W20,4.2,1726234419,ETH
TX6420,W1420,W57,4.21,1726234420,ETH
TX6421,W1421,W94,4.22,1726234421,ETH
TX6422,W1422,W131,4.23,1726234422,ETH
TX6423,W1423,W168,4.24,1726234423,ETH
TX6424,W1424,W205,4.25,1726234424,ETH
TX6425,W1425,W242,4.26,1726234425,ETH
TX6426,W1426,W279,4.27,1726234426,ETH
TX6427,W1427,W316,4.28,1726234427,ETH
TX6428,W1428,W353,4.29,1726234428,ETH
TX6429,W1429,W390,4.3,1726234429,ETH
TX6430,W1430,W427,4.31,1726234430,ETH
TX6431,W1431,W464,4.32,1726234431,ETH
TX6432,W1432,W501,4.33,1726234432,ETH
TX6433,W1433,W538,4.34,1726234433,ETH
TX6434,W1434,W575,4.35,1726234434,ETH
TX6435,W1435,W612,4.36,1726234435,ETH
TX6436,W1436,W649,4.37,1726234436,ETH
TX6437,W1437,W686,4.38,1726234437,ETH
TX6438,W1438,W723,4.39,1726234438,ETH
TX6439,W1439,W760,4.4,1726234439,ETH
TX6440,W1440,W797,4.41,1726234440,ETH
TX6441,W1441,W834,4.42,1726234441,ETH
TX6442,W1442,W871,4.43,1726234442,ETH
TX6443,W1443,W908,4.44,1726234443,ETH
TX6444,W1444,W945,4.45,1726234444,ETH
TX6445,W1445,W982,4.46,1726234445,ETH
TX6446,W1446,W1019,4.47,1726234446,ETH
TX6447,W1447,W1056,4.48,1726234447,ETH
TX6448,W1448,W1093,4.49,1726234448,ETH
TX6449,W1449,W1130,4.5,1726234449,ETH
TX6450,W1450,W1167,4.51,1726234450,ETH
TX6451,W1451,W1204,4.52,1726234451,ETH
TX6452,W1452,W1241,4.53,1726234452,ETH
TX6453,W1453,W1278,4.54,1726234453,ETH
TX6454,W1454,W1315,4.55,1726234454,ETH
TX6455,W1455,W1352,4.56,1726234455,ETH
TX6456,W1456,W1389,4.57,1726234456,ETH
TX6457,W1457,W1426,4.58,1726234457,ETH
TX6458,W1458,W1463,4.59,1726234458,ETH
TX6459,W1459,W1500,4.6,1726234459,ETH
TX6460,W1460,W1537,4.61,1726234460,ETH
TX6461,W1461,W1574,4.62,1726234461,ETH
TX6462,W1462,W1611,4.63,1726234462,ETH
TX6463,W1463,W1648,4.64,1726234463,ETH
TX6464,W1464,W1685,4.65,1726234464,ETH
TX6465,W1465,W1722,4.66,1726234465,ETH
TX6466,W1466,W1759,4.67,1726234466,ETH
TX6467,W1467,W1796,4.68,1726234467,ETH
TX6468,W1468,W1833,4.69,1726234468,ETH
TX6469,W1469,W1870,4.7,1726234469,ETH
TX6470,W1470,W1907,4.71,1726234470,ETH
TX6471,W1471,W1944,4.72,1726234471,ETH
TX6472,W1472,W1981,4.73,1726234472,ETH
TX6473,W1473,W2018,4.74,1726234473,ETH
TX6474,W1474,W2055,4.75,1726234474,ETH
TX6475,W1475,W2092,4.76,1726234475,ETH
TX6476,W1476,W2129,4.77,1726234476,ETH
TX6477,W1477,W2166,4.78,1726234477,ETH
TX6478,W1478,W2203,4.79,1726234478,ETH
TX6479,W1479,W2240,4.8,1726234479,ETH
TX6480,W1480,W2277,4.81,1726234480,ETH
TX6481,W1481,W2314,4.82,1726234481,ETH
TX6482,W1482,W2351,4.83,1726234482,ETH
TX6483,W1483,W2388,4.84,1726234483,ETH
TX6484,W1484,W2425,4.85,1726234484,ETH
TX6485,W1485,W2462,4.86,1726234485,ETH
TX6486,W1486,W2499,4.87,1726234486,ETH
TX6487,W1487,W36,4.88,1726234487,ETH
TX6488,W1488,W73,4.89,1726234488,ETH
TX6489,W1489,W110,4.9,1726234489,ETH
TX6490,W1490,W147,4.91,1726234490,ETH
TX6491,W1491,W184,4.92,1726234491,ETH
TX6492,W1492,W221,4.93,1726234492,ETH
TX6493,W1493,W258,4.94,1726234493,ETH
TX6494,W1494,W295,4.95,1726234494,ETH
TX6495,W1495,W332,4.96,1726234495,ETH
TX6496,W1496,W369,4.97,1726234496,ETH
TX6497,W1497,W406,4.98,1726234497,ETH
TX6498,W1498,W443,4.99,1726234498,ETH
TX6499,W1499,W480,5,1726234499,ETH
TX6500,W1500,W517,5.01,1726234500,ETH
TX6501,W1501,W554,5.02,1726234501,ETH
TX6502,W1502,W591,5.03,1726234502,ETH
TX6503,W1503,W628,5.04,1726234503,ETH
TX6504,W1504,W665,5.05,1726234504,ETH
TX6505,W1505,W702,5.06,1726234505,ETH
TX6506,W1506,W739,5.07,1726234506,ETH
TX6507,W1507,W776,5.08,1726234507,ETH
TX6508,W1508,W813,5.09,1726234508,ETH
TX6509,W1509,W850,5.1,1726234509,ETH
TX6510,W1510,W887,5.11,1726234510,ETH
TX6511,W1511,W924,5.12,1726234511,ETH
TX6512,W1512,W961,5.13,1726234512,ETH
TX6513,W1513,W998,5.14,1726234513,ETH
TX6514,W1514,W1035,5.15,1726234514,ETH
TX6515,W1515,W1072,5.16,1726234515,ETH
TX6516,W1516,W1109,5.17,1726234516,ETH
TX6517,W1517,W1146,5.18,1726234517,ETH
TX6518,W1518,W1183,5.19,1726234518,ETH
TX6519,W1519,W1220,5.2,1726234519,ETH
TX6520,W1520,W1257,5.21,1726234520,ETH
TX6521,W1521,W1294,5.22,1726234521,ETH
TX6522,W1522,W1331,5.23,1726234522,ETH
TX6523,W1523,W1368,5.24,1726234523,ETH
TX6524,W1524,W1405,5.25,1726234524,ETH
TX6525,W1525,W1442,5.26,1726234525,ETH
TX6526,W1526,W1479,5.27,1726234526,ETH
TX6527,W1527,W1516,5.28,1726234527,ETH
TX6528,W1528,W1553,5.29,1726234528,ETH
TX6529,W1529,W1590,5.3,1726234529,ETH
TX6530,W1530,W1627,5.31,1726234530,ETH
TX6531,W1531,W1664,5.32,1726234531,ETH
TX6532,W1532,W1701,5.33,1726234532,ETH
TX6533,W1533,W1738,5.34,1726234533,ETH
TX6534,W1534,W1775,5.35,1726234534,ETH
TX6535,W1535,W1812,5.36,1726234535,ETH
TX6536,W1536,W1849,5.37,1726234536,ETH
TX6537,W1537,W1886,5.38,1726234537,ETH
TX6538,W1538,W1923,5.39,1726234538,ETH
TX6539,W1539,W1960,5.4,1726234539,ETH
TX6540,W1540,W1997,5.41,1726234540,ETH
TX6541,W1541,W2034,5.42,1726234541,ETH
TX6542,W1542,W2071,5.43,1726234542,ETH
TX6543,W1543,W2108,5.44,1726234543,ETH
TX6544,W1544,W2145,5.45,1726234544,ETH
TX6545,W1545,W2182,5.46,1726234545,ETH
TX6546,W1546,W2219,5.47,1726234546,ETH
TX6547,W1547,W2256,5.48,1726234547,ETH
TX6548,W1548,W2293,5.49,1726234548,ETH
TX6549,W1549,W2330,5.5,1726234549,ETH
TX6550,W1550,W2367,5.51,1726234550,ETH
TX6551,W1551,W2404,5.52,1726234551,ETH
TX6552,W1552,W2441,5.53,1726234552,ETH
TX6553,W1553,W2478,5.54,1726234553,ETH
TX6554,W1554,W15,5.55,1726234554,ETH
TX6555,W1555,W52,5.56,1726234555,ETH
TX6556,W1556,W89,5.57,1726234556,ETH
TX6557,W1557,W126,5.58,1726234557,ETH
TX6558,W1558,W163,5.59,1726234558,ETH
TX6559,W1559,W200,5.6,1726234559,ETH
TX6560,W1560,W237,5.61,1726234560,ETH
TX6561,W1561,W274,5.62,1726234561,ETH
TX6562,W1562,W311,5.63,1726234562,ETH
TX6563,W1563,W348,5.64,1726234563,ETH
TX6564,W1564,W385,5.65,1726234564,ETH
TX6565,W1565,W422,5.66,1726234565,ETH
TX6566,W1566,W459,5.67,1726234566,ETH
TX6567,W1567,W496,5.68,1726234567,ETH
TX6568,W1568,W533,5.69,1726234568,ETH
TX6569,W1569,W570,5.7,1726234569,ETH
TX6570,W1570,W607,5.71,1726234570,ETH
TX6571,W1571,W644,5.72,1726234571,ETH
TX6572,W1572,W681,5.73,1726234572,ETH
TX6573,W1573,W718,5.74,1726234573,ETH
TX6574,W1574,W755,5.75,1726234574,ETH
TX6575,W1575,W792,5.76,1726234575,ETH
TX6576,W1576,W829,5.77,1726234576,ETH
TX6577,W1577,W866,5.78,1726234577,ETH
TX6578,W1578,W903,5.79,1726234578,ETH
TX6579,W1579,W940,5.8,1726234579,ETH
TX6580,W1580,W977,5.81,1726234580,ETH
TX6581,W1581,W1014,5.82,1726234581,ETH
TX6582,W1582,W1051,5.83,1726234582,ETH
TX6583,W1583,W1088,5.84,1726234583,ETH
TX6584,W1584,W1125,5.85,1726234584,ETH
TX6585,W1585,W1162,5.86,1726234585,ETH
TX6586,W1586,W1199,5.87,1726234586,ETH
TX6587,W1587,W1236,5.88,1726234587,ETH
TX6588,W1588,W1273,5.89,1726234588,ETH
TX6589,W1589,W1310,5.9,1726234589,ETH
TX6590,W1590,W1347,5.91,1726234590,ETH
TX6591,W1591,W1384,5.92,1726234591,ETH
TX6592,W1592,W1421,5.93,1726234592,ETH
TX6593,W1593,W1458,5.94,1726234593,ETH
TX6594,W1594,W1495,5.95,1726234594,ETH
TX6595,W1595,W1532,5.96,1726234595,ETH
TX6596,W1596,W1569,5.97,1726234596,ETH
TX6597,W1597,W1606,5.98,1726234597,ETH
TX6598,W1598,W1643,5.99,1726234598,ETH
TX6599,W1599,W1680,6,1726234599,ETH
TX6600,W1600,W1717,6.01,1726234600,ETH
TX6601,W1601,W1754,6.02,1726234601,ETH
TX6602,W1602,W1791,6.03,1726234602,ETH
TX6603,W1603,W1828,6.04,1726234603,ETH
TX6604,W1604,W1865,6.05,1726234604,ETH
TX6605,W1605,W1902,6.06,1726234605,ETH
TX6606,W1606,W1939,6.07,1726234606,ETH
TX6607,W1607,W1976,6.08,1726234607,ETH
TX6608,W1608,W2013,6.09,1726234608,ETH
TX6609,W1609,W2050,6.1,1726234609,ETH
TX6610,W1610,W2087,6.11,1726234610,ETH
TX6611,W1611,W2124,6.12,1726234611,ETH
TX6612,W1612,W2161,6.13,1726234612,ETH
TX6613,W1613,W2198,6.14,1726234613,ETH
TX6614,W1614,W2235,6.15,1726234614,ETH
TX6615,W1615,W2272,6.16,1726234615,ETH
TX6616,W1616,W2309,6.17,1726234616,ETH
TX6617,W1617,W2346,6.18,1726234617,ETH
TX6618,W1618,W2383,6.19,1726234618,ETH
TX6619,W1619,W2420,6.2,1726234619,ETH
TX6620,W1620,W2457,6.21,1726234620,ETH
TX6621,W1621,W2494,6.22,1726234621,ETH
TX6622,W1622,W31,6.23,1726234622,ETH
TX6623,W1623,W68,6.24,1726234623,ETH
TX6624,W1624,W105,6.25,1726234624,ETH
TX6625,W1625,W142,6.26,1726234625,ETH
TX6626,W1626,W179,6.27,1726234626,ETH
TX6627,W1627,W216,6.28,1726234627,ETH
TX6628,W1628,W253,6.29,1726234628,ETH
TX6629,W1629,W290,6.3,1726234629,ETH
TX6630,W1630,W327,6.31,1726234630,ETH
TX6631,W1631,W364,6.32,1726234631,ETH
TX6632,W1632,W401,6.33,1726234632,ETH
TX6633,W1633,W438,6.34,1726234633,ETH
TX6634,W1634,W475,6.35,1726234634,ETH
TX6635,W1635,W512,6.36,1726234635,ETH
TX6636,W1636,W549,6.37,1726234636,ETH
TX6637,W1637,W586,6.38,1726234637,ETH
TX6638,W1638,W623,6.39,1726234638,ETH
TX6639,W1639,W660,6.4,1726234639,ETH
TX6640,W1640,W697,6.41,1726234640,ETH
TX6641,W1641,W734,6.42,1726234641,ETH
TX6642,W1642,W771,6.43,1726234642,ETH
TX6643,W1643,W808,6.44,1726234643,ETH
TX6644,W1644,W845,6.45,1726234644,ETH
TX6645,W1645,W882,6.46,1726234645,ETH
TX6646,W1646,W919,6.47,1726234646,ETH
TX6647,W1647,W956,6.48,1726234647,ETH
TX6648,W1648,W993,6.49,1726234648,ETH
TX6649,W1649,W1030,6.5,1726234649,ETH
TX6650,W1650,W1067,6.51,1726234650,ETH
TX6651,W1651,W1104,6.52,1726234651,ETH
TX6652,W1652,W1141,6.53,1726234652,ETH
TX6653,W1653,W1178,6.54,1726234653,ETH
TX6654,W1654,W1215,6.55,1726234654,ETH
TX6655,W1655,W1252,6.56,1726234655,ETH
TX6656,W1656,W1289,6.57,1726234656,ETH
TX6657,W1657,W1326,6.58,1726234657,ETH
TX6658,W1658,W1363,6.59,1726234658,ETH
TX6659,W1659,W1400,6.6,1726234659,ETH
TX6660,W1660,W1437,6.61,1726234660,ETH
TX6661,W1661,W1474,6.62,1726234661,ETH
TX6662,W1662,W1511,6.63,1726234662,ETH
TX6663,W1663,W1548,6.64,1726234663,ETH
TX6664,W1664,W1585,6.65,1726234664,ETH
TX6665,W1665,W1622,6.66,1726234665,ETH
TX6666,W1666,W1659,6.67,1726234666,ETH
TX6667,W1667,W1696,6.68,1726234667,ETH
TX6668,W1668,W1733,6.69,1726234668,ETH
TX6669,W1669,W1770,6.7,1726234669,ETH
TX6670,W1670,W1807,6.71,1726234670,ETH
TX6671,W1671,W1844,6.72,1726234671,ETH
TX6672,W1672,W1881,6.73,1726234672,ETH
TX6673,W1673,W1918,6.74,1726234673,ETH
TX6674,W1674,W1955,6.75,1726234674,ETH
TX6675,W1675,W1992,6.76,1726234675,ETH
TX6676,W1676,W2029,6.77,1726234676,ETH
TX6677,W1677,W2066,6.78,1726234677,ETH
TX6678,W1678,W2103,6.79,1726234678,ETH
TX6679,W1679,W2140,6.8,1726234679,ETH
TX6680,W1680,W2177,6.81,1726234680,ETH
TX6681,W1681,W2214,6.82,1726234681,ETH
TX6682,W1682,W2251,6.83,1726234682,ETH
TX6683,W1683,W2288,6.84,1726234683,ETH
TX6684,W1684,W2325,6.85,1726234684,ETH
TX6685,W1685,W2362,6.86,1726234685,ETH
TX6686,W1686,W2399,6.87,1726234686,ETH
TX6687,W1687,W2436,6.88,1726234687,ETH
TX6688,W1688,W2473,6.89,1726234688,ETH
TX6689,W1689,W10,6.9,1726234689,ETH
TX6690,W1690,W47,6.91,1726234690,ETH
TX6691,W1691,W84,6.92,1726234691,ETH
TX6692,W1692,W121,6.93,1726234692,ETH
TX6693,W1693,W158,6.94,1726234693,ETH
TX6694,W1694,W195,6.95,1726234694,ETH
TX6695,W1695,W232,6.96,1726234695,ETH
TX6696,W1696,W269,6.97,1726234696,ETH
TX6697,W1697,W306,6.98,1726234697,ETH
TX6698,W1698,W343,6.99,1726234698,ETH
TX6699,W1699,W380,7,1726234699,ETH
TX6700,W1700,W417,7.01,1726234700,ETH
TX6701,W1701,W454,7.02,1726234701,ETH
TX6702,W1702,W491,7.03,1726234702,ETH
TX6703,W1703,W528,7.04,1726234703,ETH
TX6704,W1704,W565,7.05,1726234704,ETH
TX6705,W1705,W602,7.06,1726234705,ETH
TX6706,W1706,W639,7.07,1726234706,ETH
TX6707,W1707,W676,7.08,1726234707,ETH
TX6708,W1708,W713,7.09,1726234708,ETH
TX6709,W1709,W750,7.1,1726234709,ETH
TX6710,W1710,W787,7.11,1726234710,ETH
TX6711,W1711,W824,7.12,1726234711,ETH
TX6712,W1712,W861,7.13,1726234712,ETH
TX6713,W1713,W898,7.14,1726234713,ETH
TX6714,W1714,W935,7.15,1726234714,ETH
TX6715,W1715,W972,7.16,1726234715,ETH
TX6716,W1716,W1009,7.17,1726234716,ETH
TX6717,W1717,W1046,7.18,1726234717,ETH
TX6718,W1718,W1083,7.19,1726234718,ETH
TX6719,W1719,W1120,7.2,1726234719,ETH
TX6720,W1720,W1157,7.21,1726234720,ETH
TX6721,W1721,W1194,7.22,1726234721,ETH
TX6722,W1722,W1231,7.23,1726234722,ETH
TX6723,W1723,W1268,7.24,1726234723,ETH
TX6724,W1724,W1305,7.25,1726234724,ETH
TX6725,W1725,W1342,7.26,1726234725,ETH
TX6726,W1726,W1379,7.27,1726234726,ETH
TX6727,W1727,W1416,7.28,1726234727,ETH
TX6728,W1728,W1453,7.29,1726234728,ETH
TX6729,W1729,W1490,7.3,1726234729,ETH
TX6730,W1730,W1527,7.31,1726234730,ETH
TX6731,W1731,W1564,7.32,1726234731,ETH
TX6732,W1732,W1601,7.33,1726234732,ETH
TX6733,W1733,W1638,7.34,1726234733,ETH
TX6734,W1734,W1675,7.35,1726234734,ETH
TX6735,W1735,W1712,7.36,1726234735,ETH
TX6736,W1736,W1749,7.37,1726234736,ETH
TX6737,W1737,W1786,7.38,1726234737,ETH
TX6738,W1738,W1823,7.39,1726234738,ETH
TX6739,W1739,W1860,7.4,1726234739,ETH
TX6740,W1740,W1897,7.41,1726234740,ETH
TX6741,W1741,W1934,7.42,1726234741,ETH
TX6742,W1742,W1971,7.43,1726234742,ETH
TX6743,W1743,W2008,7.44,1726234743,ETH
TX6744,W1744,W2045,7.45,1726234744,ETH
TX6745,W1745,W2082,7.46,1726234745,ETH
TX6746,W1746,W2119,7.47,1726234746,ETH
TX6747,W1747,W2156,7.48,1726234747,ETH
TX6748,W1748,W2193,7.49,1726234748,ETH
TX6749,W1749,W2230,7.5,1726234749,ETH
TX6750,W1750,W2267,7.51,1726234750,ETH
TX6751,W1751,W2304,7.52,1726234751,ETH
TX6752,W1752,W2341,7.53,1726234752,ETH
TX6753,W1753,W2378,7.54,1726234753,ETH
TX6754,W1754,W2415,7.55,1726234754,ETH
TX6755,W1755,W2452,7.56,1726234755,ETH
TX6756,W1756,W2489,7.57,1726234756,ETH
TX6757,W1757,W26,7.58,1726234757,ETH
TX6758,W1758,W63,7.59,1726234758,ETH
TX6759,W1759,W100,7.6,1726234759,ETH
TX6760,W1760,W137,7.61,1726234760,ETH
TX6761,W1761,W174,7.62,1726234761,ETH
TX6762,W1762,W211,7.63,1726234762,ETH
TX6763,W1763,W248,7.64,1726234763,ETH
TX6764,W1764,W285,7.65,1726234764,ETH
TX6765,W1765,W322,7.66,1726234765,ETH
TX6766,W1766,W359,7.67,1726234766,ETH
TX6767,W1767,W396,7.68,1726234767,ETH
TX6768,W1768,W433,7.69,1726234768,ETH
TX6769,W1769,W470,7.7,1726234769,ETH
TX6770,W1770,W507,7.71,1726234770,ETH
TX6771,W1771,W544,7.72,1726234771,ETH
TX6772,W1772,W581,7.73,1726234772,ETH
TX6773,W1773,W618,7.74,1726234773,ETH
TX6774,W1774,W655,7.75,1726234774,ETH
TX6775,W1775,W692,7.76,1726234775,ETH
TX6776,W1776,W729,7.77,1726234776,ETH
TX6777,W1777,W766,7.78,1726234777,ETH
TX6778,W1778,W803,7.79,1726234778,ETH
TX6779,W1779,W840,7.8,1726234779,ETH
TX6780,W1780,W877,7.81,1726234780,ETH
TX6781,W1781,W914,7.82,1726234781,ETH
TX6782,W1782,W951,7.83,1726234782,ETH
TX6783,W1783,W988,7.84,1726234783,ETH
TX6784,W1784,W1025,7.85,1726234784,ETH
TX6785,W1785,W1062,7.86,1726234785,ETH
TX6786,W1786,W1099,7.87,1726234786,ETH
TX6787,W1787,W1136,7.88,1726234787,ETH
TX6788,W1788,W1173,7.89,1726234788,ETH
TX6789,W1789,W1210,7.9,1726234789,ETH
TX6790,W1790,W1247,7.91,1726234790,ETH
TX6791,W1791,W1284,7.92,1726234791,ETH
TX6792,W1792,W1321,7.93,1726234792,ETH
TX6793,W1793,W1358,7.94,1726234793,ETH
TX6794,W1794,W1395,7.95,1726234794,ETH
TX6795,W1795,W1432,7.96,1726234795,ETH
TX6796,W1796,W1469,7.97,1726234796,ETH
TX6797,W1797,W1506,7.98,1726234797,ETH
TX6798,W1798,W1543,7.99,1726234798,ETH
TX6799,W1799,W1580,8,1726234799,ETH
TX6800,W1800,W1617,8.01,1726234800,ETH
TX6801,W1801,W1654,8.02,1726234801,ETH
TX6802,W1802,W1691,8.03,1726234802,ETH
TX6803,W1803,W1728,8.04,1726234803,ETH
TX6804,W1804,W1765,8.05,1726234804,ETH
TX6805,W1805,W1802,8.06,1726234805,ETH
TX6806,W1806,W1839,8.07,1726234806,ETH
TX6807,W1807,W1876,8.08,1726234807,ETH
TX6808,W1808,W1913,8.09,1726234808,ETH
TX6809,W1809,W1950,8.1,1726234809,ETH
TX6810,W1810,W1987,8.11,1726234810,ETH
TX6811,W1811,W2024,8.12,1726234811,ETH
TX6812,W1812,W2061,8.13,1726234812,ETH
TX6813,W1813,W2098,8.14,1726234813,ETH
TX6814,W1814,W2135,8.15,1726234814,ETH
TX6815,W1815,W2172,8.16,1726234815,ETH
TX6816,W1816,W2209,8.17,1726234816,ETH
TX6817,W1817,W2246,8.18,1726234817,ETH
TX6818,W1818,W2283,8.19,1726234818,ETH
TX6819,W1819,W2320,8.2,1726234819,ETH
TX6820,W1820,W2357,8.21,1726234820,ETH
TX6821,W1821,W2394,8.22,1726234821,ETH
TX6822,W1822,W2431,8.23,1726234822,ETH
TX6823,W1823,W2468,8.24,1726234823,ETH
TX6824,W1824,W5,8.25,1726234824,ETH
TX6825,W1825,W42,8.26,1726234825,ETH
TX6826,W1826,W79,8.27,1726234826,ETH
TX6827,W1827,W116,8.28,1726234827,ETH
TX6828,W1828,W153,8.29,1726234828,ETH
TX6829,W1829,W190,8.3,1726234829,ETH
TX6830,W1830,W227,8.31,1726234830,ETH
TX6831,W1831,W264,8.32,1726234831,ETH
TX6832,W1832,W301,8.33,1726234832,ETH
TX6833,W1833,W338,8.34,1726234833,ETH
TX6834,W1834,W375,8.35,1726234834,ETH
TX6835,W1835,W412,8.36,1726234835,ETH
TX6836,W1836,W449,8.37,1726234836,ETH
TX6837,W1837,W486,8.38,1726234837,ETH
TX6838,W1838,W523,8.39,1726234838,ETH
TX6839,W1839,W560,8.4,1726234839,ETH
TX6840,W1840,W597,8.41,1726234840,ETH
TX6841,W1841,W634,8.42,1726234841,ETH
TX6842,W1842,W671,8.43,1726234842,ETH
TX6843,W1843,W708,8.44,1726234843,ETH
TX6844,W1844,W745,8.45,1726234844,ETH
TX6845,W1845,W782,8.46,1726234845,ETH
TX6846,W1846,W819,8.47,1726234846,ETH
TX6847,W1847,W856,8.48,1726234847,ETH
TX6848,W1848,W893,8.49,1726234848,ETH
TX6849,W1849,W930,8.5,1726234849,ETH
TX6850,W1850,W967,8.51,1726234850,ETH
TX6851,W1851,W1004,8.52,1726234851,ETH
TX6852,W1852,W1041,8.53,1726234852,ETH
TX6853,W1853,W1078,8.54,1726234853,ETH
TX6854,W1854,W1115,8.55,1726234854,ETH
TX6855,W1855,W1152,8.56,1726234855,ETH
TX6856,W1856,W1189,8.57,1726234856,ETH
TX6857,W1857,W1226,8.58,1726234857,ETH
TX6858,W1858,W1263,8.59,1726234858,ETH
TX6859,W1859,W1300,8.6,1726234859,ETH
TX6860,W1860,W1337,8.61,1726234860,ETH
TX6861,W1861,W1374,8.62,1726234861,ETH
TX6862,W1862,W1411,8.63,1726234862,ETH
TX6863,W1863,W1448,8.64,1726234863,ETH
TX6864,W1864,W1485,8.65,1726234864,ETH
TX6865,W1865,W1522,8.66,1726234865,ETH
TX6866,W1866,W1559,8.67,1726234866,ETH
TX6867,W1867,W1596,8.68,1726234867,ETH
TX6868,W1868,W1633,8.69,1726234868,ETH
TX6869,W1869,W1670,8.7,1726234869,ETH
TX6870,W1870,W1707,8.71,1726234870,ETH
TX6871,W1871,W1744,8.72,1726234871,ETH
TX6872,W1872,W1781,8.73,1726234872,ETH
TX6873,W1873,W1818,8.74,1726234873,ETH
TX6874,W1874,W1855,8.75,1726234874,ETH
TX6875,W1875,W1892,8.76,1726234875,ETH
TX6876,W1876,W1929,8.77,1726234876,ETH
TX6877,W1877,W1966,8.78,1726234877,ETH
TX6878,W1878,W2003,8.79,1726234878,ETH
TX6879,W1879,W2040,8.8,1726234879,ETH
TX6880,W1880,W2077,8.81,1726234880,ETH
TX6881,W1881,W2114,8.82,1726234881,ETH
TX6882,W1882,W2151,8.83,1726234882,ETH
TX6883,W1883,W2188,8.84,1726234883,ETH
TX6884,W1884,W2225,8.85,1726234884,ETH
TX6885,W1885,W2262,8.86,1726234885,ETH
TX6886,W1886,W2299,8.87,1726234886,ETH
TX6887,W1887,W2336,8.88,1726234887,ETH
TX6888,W1888,W2373,8.89,1726234888,ETH
TX6889,W1889,W2410,8.9,1726234889,ETH
TX6890,W1890,W2447,8.91,1726234890,ETH
TX6891,W1891,W2484,8.92,1726234891,ETH
TX6892,W1892,W21,8.93,1726234892,ETH
TX6893,W1893,W58,8.94,1726234893,ETH
TX6894,W1894,W95,8.95,1726234894,ETH
TX6895,W1895,W132,8.96,1726234895,ETH
TX6896,W1896,W169,8.97,1726234896,ETH
TX6897,W1897,W206,8.98,1726234897,ETH
TX6898,W1898,W243,8.99,1726234898,ETH
TX6899,W1899,W280,9,1726234899,ETH
TX6900,W1900,W317,9.01,1726234900,ETH
TX6901,W1901,W354,9.02,1726234901,ETH
TX6902,W1902,W391,9.03,1726234902,ETH
TX6903,W1903,W428,9.04,1726234903,ETH
TX6904,W1904,W465,9.05,1726234904,ETH
TX6905,W1905,W502,9.06,1726234905,ETH
TX6906,W1906,W539,9.07,1726234906,ETH
TX6907,W1907,W576,9.08,1726234907,ETH
TX6908,W1908,W613,9.09,1726234908,ETH
TX6909,W1909,W650,9.1,1726234909,ETH
TX6910,W1910,W687,9.11,1726234910,ETH
TX6911,W1911,W724,9.12,1726234911,ETH
TX6912,W1912,W761,9.13,1726234912,ETH
TX6913,W1913,W798,9.14,1726234913,ETH
TX6914,W1914,W835,9.15,1726234914,ETH
TX6915,W1915,W872,9.16,1726234915,ETH
TX6916,W1916,W909,9.17,1726234916,ETH
TX6917,W1917,W946,9.18,1726234917,ETH
TX6918,W1918,W983,9.19,1726234918,ETH
TX6919,W1919,W1020,9.2,1726234919,ETH
TX6920,W1920,W1057,9.21,1726234920,ETH
TX6921,W1921,W1094,9.22,1726234921,ETH
TX6922,W1922,W1131,9.23,1726234922,ETH
TX6923,W1923,W1168,9.24,1726234923,ETH
TX6924,W1924,W1205,9.25,1726234924,ETH
TX6925,W1925,W1242,9.26,1726234925,ETH
TX6926,W1926,W1279,9.27,1726234926,ETH
TX6927,W1927,W1316,9.28,1726234927,ETH
TX6928,W1928,W1353,9.29,1726234928,ETH
TX6929,W1929,W1390,9.3,1726234929,ETH
TX6930,W1930,W1427,9.31,1726234930,ETH
TX6931,W1931,W1464,9.32,1726234931,ETH
TX6932,W1932,W1501,9.33,1726234932,ETH
TX6933,W1933,W1538,9.34,1726234933,ETH
TX6934,W1934,W1575,9.35,1726234934,ETH
TX6935,W1935,W1612,9.36,1726234935,ETH
TX6936,W1936,W1649,9.37,1726234936,ETH
TX6937,W1937,W1686,9.38,1726234937,ETH
TX6938,W1938,W1723,9.39,1726234938,ETH
TX6939,W1939,W1760,9.4,1726234939,ETH
TX6940,W1940,W1797,9.41,1726234940,ETH
TX6941,W1941,W1834,9.42,1726234941,ETH
TX6942,W1942,W1871,9.43,1726234942,ETH
TX6943,W1943,W1908,9.44,1726234943,ETH
TX6944,W1944,W1945,9.45,1726234944,ETH
TX6945,W1945,W1982,9.46,1726234945,ETH
TX6946,W1946,W2019,9.47,1726234946,ETH
TX6947,W1947,W2056,9.48,1726234947,ETH
TX6948,W1948,W2093,9.49,1726234948,ETH
TX6949,W1949,W2130,9.5,1726234949,ETH
TX6950,W1950,W2167,9.51,1726234950,ETH
TX6951,W1951,W2204,9.52,1726234951,ETH
TX6952,W1952,W2241,9.53,1726234952,ETH
TX6953,W1953,W2278,9.54,1726234953,ETH
TX6954,W1954,W2315,9.55,1726234954,ETH
TX6955,W1955,W2352,9.56,1726234955,ETH
TX6956,W1956,W2389,9.57,1726234956,ETH
TX6957,W1957,W2426,9.58,1726234957,ETH
TX6958,W1958,W2463,9.59,1726234958,ETH
TX6959,W1959,W0,9.6,1726234959,ETH
TX6960,W1960,W37,9.61,1726234960,ETH
TX6961,W1961,W74,9.62,1726234961,ETH
TX6962,W1962,W111,9.63,1726234962,ETH
TX6963,W1963,W148,9.64,1726234963,ETH
TX6964,W1964,W185,9.65,1726234964,ETH
TX6965,W1965,W222,9.66,1726234965,ETH
TX6966,W1966,W259,9.67,1726234966,ETH
TX6967,W1967,W296,9.68,1726234967,ETH
TX6968,W1968,W333,9.69,1726234968,ETH
TX6969,W1969,W370,9.7,1726234969,ETH
TX6970,W1970,W407,9.71,1726234970,ETH
TX6971,W1971,W444,9.72,1726234971,ETH
TX6972,W1972,W481,9.73,1726234972,ETH
TX6973,W1973,W518,9.74,1726234973,ETH
TX6974,W1974,W555,9.75,1726234974,ETH
TX6975,W1975,W592,9.76,1726234975,ETH
TX6976,W1976,W629,9.77,1726234976,ETH
TX6977,W1977,W666,9.78,1726234977,ETH
TX6978,W1978,W703,9.79,1726234978,ETH
TX6979,W1979,W740,9.8,1726234979,ETH
TX6980,W1980,W777,9.81,1726234980,ETH
TX6981,W1981,W814,9.82,1726234981,ETH
TX6982,W1982,W851,9.83,1726234982,ETH
TX6983,W1983,W888,9.84,1726234983,ETH
TX6984,W1984,W925,9.85,1726234984,ETH
TX6985,W1985,W962,9.86,1726234985,ETH
TX6986,W1986,W999,9.87,1726234986,ETH
TX6987,W1987,W1036,9.88,1726234987,ETH
TX6988,W1988,W1073,9.89,1726234988,ETH
TX6989,W1989,W1110,9.9,1726234989,ETH
TX6990,W1990,W1147,9.91,1726234990,ETH
TX6991,W1991,W1184,9.92,1726234991,ETH
TX6992,W1992,W1221,9.93,1726234992,ETH
TX6993,W1993,W1258,9.94,1726234993,ETH
TX6994,W1994,W1295,9.95,1726234994,ETH
TX6995,W1995,W1332,9.96,1726234995,ETH
TX6996,W1996,W1369,9.97,1726234996,ETH
TX6997,W1997,W1406,9.98,1726234997,ETH
TX6998,W1998,W1443,9.99,1726234998,ETH
TX6999,W1999,W1480,10,1726234999,ETH
TX7000,W2000,W1517,0.01,1726235000,ETH
TX7001,W2001,W1554,0.02,1726235001,ETH
TX7002,W2002,W1591,0.03,1726235002,ETH
TX7003,W2003,W1628,0.04,1726235003,ETH
TX7004,W2004,W1665,0.05,1726235004,ETH
TX7005,W2005,W1702,0.06,1726235005,ETH
TX7006,W2006,W1739,0.07,1726235006,ETH
TX7007,W2007,W1776,0.08,1726235007,ETH
TX7008,W2008,W1813,0.09,1726235008,ETH
TX7009,W2009,W1850,0.1,1726235009,ETH
TX7010,W2010,W1887,0.11,1726235010,ETH
TX7011,W2011,W1924,0.12,1726235011,ETH
TX7012,W2012,W1961,0.13,1726235012,ETH
TX7013,W2013,W1998,0.14,1726235013,ETH
TX7014,W2014,W2035,0.15,1726235014,ETH
TX7015,W2015,W2072,0.16,1726235015,ETH
TX7016,W2016,W2109,0.17,1726235016,ETH
TX7017,W2017,W2146,0.18,1726235017,ETH
TX7018,W2018,W2183,0.19,1726235018,ETH
TX7019,W2019,W2220,0.2,1726235019,ETH
TX7020,W2020,W2257,0.21,1726235020,ETH
TX7021,W2021,W2294,0.22,1726235021,ETH
TX7022,W2022,W2331,0.23,1726235022,ETH
TX7023,W2023,W2368,0.24,1726235023,ETH
TX7024,W2024,W2405,0.25,1726235024,ETH
TX7025,W2025,W2442,0.26,1726235025,ETH
TX7026,W2026,W2479,0.27,1726235026,ETH
TX7027,W2027,W16,0.28,1726235027,ETH
TX7028,W2028,W53,0.29,1726235028,ETH
TX7029,W2029,W90,0.3,1726235029,ETH
TX7030,W2030,W127,0.31,1726235030,ETH
TX7031,W2031,W164,0.32,1726235031,ETH
TX7032,W2032,W201,0.33,1726235032,ETH
TX7033,W2033,W238,0.34,1726235033,ETH
TX7034,W2034,W275,0.35,1726235034,ETH
TX7035,W2035,W312,0.36,1726235035,ETH
TX7036,W2036,W349,0.37,1726235036,ETH
TX7037,W2037,W386,0.38,1726235037,ETH
TX7038,W2038,W423,0.39,1726235038,ETH
TX7039,W2039,W460,0.4,1726235039,ETH
TX7040,W2040,W497,0.41,1726235040,ETH
TX7041,W2041,W534,0.42,1726235041,ETH
TX7042,W2042,W571,0.43,1726235042,ETH
TX7043,W2043,W608,0.44,1726235043,ETH
TX7044,W2044,W645,0.45,1726235044,ETH
TX7045,W2045,W682,0.46,1726235045,ETH
TX7046,W2046,W719,0.47,1726235046,ETH
TX7047,W2047,W756,0.48,1726235047,ETH
TX7048,W2048,W793,0.49,1726235048,ETH
TX7049,W2049,W830,0.5,1726235049,ETH
TX7050,W2050,W867,0.51,1726235050,ETH
TX7051,W2051,W904,0.52,1726235051,ETH
TX7052,W2052,W941,0.53,1726235052,ETH
TX7053,W2053,W978,0.54,1726235053,ETH
TX7054,W2054,W1015,0.55,1726235054,ETH
TX7055,W2055,W1052,0.56,1726235055,ETH
TX7056,W2056,W1089,0.57,1726235056,ETH
TX7057,W2057,W1126,0.58,1726235057,ETH
TX7058,W2058,W1163,0.59,1726235058,ETH
TX7059,W2059,W1200,0.6,1726235059,ETH
TX7060,W2060,W1237,0.61,1726235060,ETH
TX7061,W2061,W1274,0.62,1726235061,ETH
TX7062,W2062,W1311,0.63,1726235062,ETH
TX7063,W2063,W1348,0.64,1726235063,ETH
TX7064,W2064,W1385,0.65,1726235064,ETH
TX7065,W2065,W1422,0.66,1726235065,ETH
TX7066,W2066,W1459,0.67,1726235066,ETH
TX7067,W2067,W1496,0.68,1726235067,ETH
TX7068,W2068,W1533,0.69,1726235068,ETH
TX7069,W2069,W1570,0.7,1726235069,ETH
TX7070,W2070,W1607,0.71,1726235070,ETH
TX7071,W2071,W1644,0.72,1726235071,ETH
TX7072,W2072,W1681,0.73,1726235072,ETH
TX7073,W2073,W1718,0.74,1726235073,ETH
TX7074,W2074,W1755,0.75,1726235074,ETH
TX7075,W2075,W1792,0.76,1726235075,ETH
TX7076,W2076,W1829,0.77,1726235076,ETH
TX7077,W2077,W1866,0.78,1726235077,ETH
TX7078,W2078,W1903,0.79,1726235078,ETH
TX7079,W2079,W1940,0.8,1726235079,ETH
TX7080,W2080,W1977,0.81,1726235080,ETH
TX7081,W2081,W2014,0.82,1726235081,ETH
TX7082,W2082,W2051,0.83,1726235082,ETH
TX7083,W2083,W2088,0.84,1726235083,ETH
TX7084,W2084,W2125,0.85,1726235084,ETH
TX7085,W2085,W2162,0.86,1726235085,ETH
TX7086,W2086,W2199,0.87,1726235086,ETH
TX7087,W2087,W2236,0.88,1726235087,ETH
TX7088,W2088,W2273,0.89,1726235088,ETH
TX7089,W2089,W2310,0.9,1726235089,ETH
TX7090,W2090,W2347,0.91,1726235090,ETH
TX7091,W2091,W2384,0.92,1726235091,ETH
TX7092,W2092,W2421,0.93,1726235092,ETH
TX7093,W2093,W2458,0.94,1726235093,ETH
TX7094,W2094,W2495,0.95,1726235094,ETH
TX7095,W2095,W32,0.96,1726235095,ETH
TX7096,W2096,W69,0.97,1726235096,ETH
TX7097,W2097,W106,0.98,1726235097,ETH
TX7098,W2098,W143,0.99,1726235098,ETH
TX7099,W2099,W180,1,1726235099,ETH
TX7100,W2100,W217,1.01,1726235100,ETH
TX7101,W2101,W254,1.02,1726235101,ETH
TX7102,W2102,W291,1.03,1726235102,ETH
TX7103,W2103,W328,1.04,1726235103,ETH
TX7104,W2104,W365,1.05,1726235104,ETH
TX7105,W2105,W402,1.06,1726235105,ETH
TX7106,W2106,W439,1.07,1726235106,ETH
TX7107,W2107,W476,1.08,1726235107,ETH
TX7108,W2108,W513,1.09,1726235108,ETH
TX7109,W2109,W550,1.1,1726235109,ETH
TX7110,W2110,W587,1.11,1726235110,ETH
TX7111,W2111,W624,1.12,1726235111,ETH
TX7112,W2112,W661,1.13,1726235112,ETH
TX7113,W2113,W698,1.14,1726235113,ETH
TX7114,W2114,W735,1.15,1726235114,ETH
TX7115,W2115,W772,1.16,1726235115,ETH
TX7116,W2116,W809,1.17,1726235116,ETH
TX7117,W2117,W846,1.18,1726235117,ETH
TX7118,W2118,W883,1.19,1726235118,ETH
TX7119,W2119,W920,1.2,1726235119,ETH
TX7120,W2120,W957,1.21,1726235120,ETH
TX7121,W2121,W994,1.22,1726235121,ETH
TX7122,W2122,W1031,1.23,1726235122,ETH
TX7123,W2123,W1068,1.24,1726235123,ETH
TX7124,W2124,W1105,1.25,1726235124,ETH
TX7125,W2125,W1142,1.26,1726235125,ETH
TX7126,W2126,W1179,1.27,1726235126,ETH
TX7127,W2127,W1216,1.28,1726235127,ETH
TX7128,W2128,W1253,1.29,1726235128,ETH
TX7129,W2129,W1290,1.3,1726235129,ETH
TX7130,W2130,W1327,1.31,1726235130,ETH
TX7131,W2131,W1364,1.32,1726235131,ETH
TX7132,W2132,W1401,1.33,1726235132,ETH
TX7133,W2133,W1438,1.34,1726235133,ETH
TX7134,W2134,W1475,1.35,1726235134,ETH
TX7135,W2135,W1512,1.36,1726235135,ETH
TX7136,W2136,W1549,1.37,1726235136,ETH
TX7137,W2137,W1586,1.38,1726235137,ETH
TX7138,W2138,W1623,1.39,1726235138,ETH
TX7139,W2139,W1660,1.4,1726235139,ETH
TX7140,W2140,W1697,1.41,1726235140,ETH
TX7141,W2141,W1734,1.42,1726235141,ETH
TX7142,W2142,W1771,1.43,1726235142,ETH
TX7143,W2143,W1808,1.44,1726235143,ETH
TX7144,W2144,W1845,1.45,1726235144,ETH
TX7145,W2145,W1882,1.46,1726235145,ETH
TX7146,W2146,W1919,1.47,1726235146,ETH
TX7147,W2147,W1956,1.48,1726235147,ETH
TX7148,W2148,W1993,1.49,1726235148,ETH
TX7149,W2149,W2030,1.5,1726235149,ETH
TX7150,W2150,W2067,1.51,1726235150,ETH
TX7151,W2151,W2104,1.52,1726235151,ETH
TX7152,W2152,W2141,1.53,1726235152,ETH
TX7153,W2153,W2178,1.54,1726235153,ETH
TX7154,W2154,W2215,1.55,1726235154,ETH
TX7155,W2155,W2252,1.56,1726235155,ETH
TX7156,W2156,W2289,1.57,1726235156,ETH
TX7157,W2157,W2326,1.58,1726235157,ETH
TX7158,W2158,W2363,1.59,1726235158,ETH
TX7159,W2159,W2400,1.6,1726235159,ETH
TX7160,W2160,W2437,1.61,1726235160,ETH
TX7161,W2161,W2474,1.62,1726235161,ETH
TX7162,W2162,W11,1.63,1726235162,ETH
TX7163,W2163,W48,1.64,1726235163,ETH
TX7164,W2164,W85,1.65,1726235164,ETH
TX7165,W2165,W122,1.66,1726235165,ETH
TX7166,W2166,W159,1.67,1726235166,ETH
TX7167,W2167,W196,1.68,1726235167,ETH
TX7168,W2168,W233,1.69,1726235168,ETH
TX7169,W2169,W270,1.7,1726235169,ETH
TX7170,W2170,W307,1.71,1726235170,ETH
TX7171,W2171,W344,1.72,1726235171,ETH
TX7172,W2172,W381,1.73,1726235172,ETH
TX7173,W2173,W418,1.74,1726235173,ETH
TX7174,W2174,W455,1.75,1726235174,ETH
TX7175,W2175,W492,1.76,1726235175,ETH
TX7176,W2176,W529,1.77,1726235176,ETH
TX7177,W2177,W566,1.78,1726235177,ETH
TX7178,W2178,W603,1.79,1726235178,ETH
TX7179,W2179,W640,1.8,1726235179,ETH
TX7180,W2180,W677,1.81,1726235180,ETH
TX7181,W2181,W714,1.82,1726235181,ETH
TX7182,W2182,W751,1.83,1726235182,ETH
TX7183,W2183,W788,1.84,1726235183,ETH
TX7184,W2184,W825,1.85,1726235184,ETH
TX7185,W2185,W862,1.86,1726235185,ETH
TX7186,W2186,W899,1.87,1726235186,ETH
TX7187,W2187,W936,1.88,1726235187,ETH
TX7188,W2188,W973,1.89,1726235188,ETH
TX7189,W2189,W1010,1.9,1726235189,ETH
TX7190,W2190,W1047,1.91,1726235190,ETH
TX7191,W2191,W1084,1.92,1726235191,ETH
TX7192,W2192,W1121,1.93,1726235192,ETH
TX7193,W2193,W1158,1.94,1726235193,ETH
TX7194,W2194,W1195,1.95,1726235194,ETH
TX7195,W2195,W1232,1.96,1726235195,ETH
TX7196,W2196,W1269,1.97,1726235196,ETH
TX7197,W2197,W1306,1.98,1726235197,ETH
TX7198,W2198,W1343,1.99,1726235198,ETH
TX7199,W2199,W1380,2,1726235199,ETH
TX7200,W2200,W1417,2.01,1726235200,ETH
TX7201,W2201,W1454,2.02,1726235201,ETH
TX7202,W2202,W1491,2.03,1726235202,ETH
TX7203,W2203,W1528,2.04,1726235203,ETH
TX7204,W2204,W1565,2.05,1726235204,ETH
TX7205,W2205,W1602,2.06,1726235205,ETH
TX7206,W2206,W1639,2.07,1726235206,ETH
TX7207,W2207,W1676,2.08,1726235207,ETH
TX7208,W2208,W1713,2.09,1726235208,ETH
TX7209,W2209,W1750,2.1,1726235209,ETH
TX7210,W2210,W1787,2.11,1726235210,ETH
TX7211,W2211,W1824,2.12,1726235211,ETH
TX7212,W2212,W1861,2.13,1726235212,ETH
TX7213,W2213,W1898,2.14,1726235213,ETH
TX7214,W2214,W1935,2.15,1726235214,ETH
TX7215,W2215,W1972,2.16,1726235215,ETH
TX7216,W2216,W2009,2.17,1726235216,ETH
TX7217,W2217,W2046,2.18,1726235217,ETH
TX7218,W2218,W2083,2.19,1726235218,ETH
TX7219,W2219,W2120,2.2,1726235219,ETH
TX7220,W2220,W2157,2.21,1726235220,ETH
TX7221,W2221,W2194,2.22,1726235221,ETH
TX7222,W2222,W2231,2.23,1726235222,ETH
TX7223,W2223,W2268,2.24,1726235223,ETH
TX7224,W2224,W2305,2.25,1726235224,ETH
TX7225,W2225,W2342,2.26,1726235225,ETH
TX7226,W2226,W2379,2.27,1726235226,ETH
TX7227,W2227,W2416,2.28,1726235227,ETH
TX7228,W2228,W2453,2.29,1726235228,ETH
TX7229,W2229,W2490,2.3,1726235229,ETH
TX7230,W2230,W27,2.31,1726235230,ETH
TX7231,W2231,W64,2.32,1726235231,ETH
TX7232,W2232,W101,2.33,1726235232,ETH
TX7233,W2233,W138,2.34,1726235233,ETH
TX7234,W2234,W175,2.35,1726235234,ETH
TX7235,W2235,W212,2.36,1726235235,ETH
TX7236,W2236,W249,2.37,1726235236,ETH
TX7237,W2237,W286,2.38,1726235237,ETH
TX7238,W2238,W323,2.39,1726235238,ETH
TX7239,W2239,W360,2.4,1726235239,ETH
TX7240,W2240,W397,2.41,1726235240,ETH
TX7241,W2241,W434,2.42,1726235241,ETH
TX7242,W2242,W471,2.43,1726235242,ETH
TX7243,W2243,W508,2.44,1726235243,ETH
TX7244,W2244,W545,2.45,1726235244,ETH
TX7245,W2245,W582,2.46,1726235245,ETH
TX7246,W2246,W619,2.47,1726235246,ETH
TX7247,W2247,W656,2.48,1726235247,ETH
TX7248,W2248,W693,2.49,1726235248,ETH
TX7249,W2249,W730,2.5,1726235249,ETH
TX7250,W2250,W767,2.51,1726235250,ETH
TX7251,W2251,W804,2.52,1726235251,ETH
TX7252,W2252,W841,2.53,1726235252,ETH
TX7253,W2253,W878,2.54,1726235253,ETH
TX7254,W2254,W915,2.55,1726235254,ETH
TX7255,W2255,W952,2.56,1726235255,ETH
TX7256,W2256,W989,2.57,1726235256,ETH
TX7257,W2257,W1026,2.58,1726235257,ETH
TX7258,W2258,W1063,2.59,1726235258,ETH
TX7259,W2259,W1100,2.6,1726235259,ETH
TX7260,W2260,W1137,2.61,1726235260,ETH
TX7261,W2261,W1174,2.62,1726235261,ETH
TX7262,W2262,W1211,2.63,1726235262,ETH
TX7263,W2263,W1248,2.64,1726235263,ETH
TX7264,W2264,W1285,2.65,1726235264,ETH
TX7265,W2265,W1322,2.66,1726235265,ETH
TX7266,W2266,W1359,2.67,1726235266,ETH
TX7267,W2267,W1396,2.68,1726235267,ETH
TX7268,W2268,W1433,2.69,1726235268,ETH
TX7269,W2269,W1470,2.7,1726235269,ETH
TX7270,W2270,W1507,2.71,1726235270,ETH
TX7271,W2271,W1544,2.72,1726235271,ETH
TX7272,W2272,W1581,2.73,1726235272,ETH
TX7273,W2273,W1618,2.74,1726235273,ETH
TX7274,W2274,W1655,2.75,1726235274,ETH
TX7275,W2275,W1692,2.76,1726235275,ETH
TX7276,W2276,W1729,2.77,1726235276,ETH
TX7277,W2277,W1766,2.78,1726235277,ETH
TX7278,W2278,W1803,2.79,1726235278,ETH
TX7279,W2279,W1840,2.8,1726235279,ETH
TX7280,W2280,W1877,2.81,1726235280,ETH
TX7281,W2281,W1914,2.82,1726235281,ETH
TX7282,W2282,W1951,2.83,1726235282,ETH
TX7283,W2283,W1988,2.84,1726235283,ETH
TX7284,W2284,W2025,2.85,1726235284,ETH
TX7285,W2285,W2062,2.86,1726235285,ETH
TX7286,W2286,W2099,2.87,1726235286,ETH
TX7287,W2287,W2136,2.88,1726235287,ETH
TX7288,W2288,W2173,2.89,1726235288,ETH
TX7289,W2289,W2210,2.9,1726235289,ETH
TX7290,W2290,W2247,2.91,1726235290,ETH
TX7291,W2291,W2284,2.92,1726235291,ETH
TX7292,W2292,W2321,2.93,1726235292,ETH
TX7293,W2293,W2358,2.94,1726235293,ETH
TX7294,W2294,W2395,2.95,1726235294,ETH
TX7295,W2295,W2432,2.96,1726235295,ETH
TX7296,W2296,W2469,2.97,1726235296,ETH
TX7297,W2297,W6,2.98,1726235297,ETH
TX7298,W2298,W43,2.99,1726235298,ETH
TX7299,W2299,W80,3,1726235299,ETH
TX7300,W2300,W117,3.01,1726235300,ETH
TX7301,W2301,W154,3.02,1726235301,ETH
TX7302,W2302,W191,3.03,1726235302,ETH
TX7303,W2303,W228,3.04,1726235303,ETH
TX7304,W2304,W265,3.05,1726235304,ETH
TX7305,W2305,W302,3.06,1726235305,ETH
TX7306,W2306,W339,3.07,1726235306,ETH
TX7307,W2307,W376,3.08,1726235307,ETH
TX7308,W2308,W413,3.09,1726235308,ETH
TX7309,W2309,W450,3.1,1726235309,ETH
TX7310,W2310,W487,3.11,1726235310,ETH
TX7311,W2311,W524,3.12,1726235311,ETH
TX7312,W2312,W561,3.13,1726235312,ETH
TX7313,W2313,W598,3.14,1726235313,ETH
TX7314,W2314,W635,3.15,1726235314,ETH
TX7315,W2315,W672,3.16,1726235315,ETH
TX7316,W2316,W709,3.17,1726235316,ETH
TX7317,W2317,W746,3.18,1726235317,ETH
TX7318,W2318,W783,3.19,1726235318,ETH
TX7319,W2319,W820,3.2,1726235319,ETH
TX7320,W2320,W857,3.21,1726235320,ETH
TX7321,W2321,W894,3.22,1726235321,ETH
TX7322,W2322,W931,3.23,1726235322,ETH
TX7323,W2323,W968,3.24,1726235323,ETH
TX7324,W2324,W1005,3.25,1726235324,ETH
TX7325,W2325,W1042,3.26,1726235325,ETH
TX7326,W2326,W1079,3.27,1726235326,ETH
TX7327,W2327,W1116,3.28,1726235327,ETH
TX7328,W2328,W1153,3.29,1726235328,ETH
TX7329,W2329,W1190,3.3,1726235329,ETH
TX7330,W2330,W1227,3.31,1726235330,ETH
TX7331,W2331,W1264,3.32,1726235331,ETH
TX7332,W2332,W1301,3.33,1726235332,ETH
TX7333,W2333,W1338,3.34,1726235333,ETH
TX7334,W2334,W1375,3.35,1726235334,ETH
TX7335,W2335,W1412,3.36,1726235335,ETH
TX7336,W2336,W1449,3.37,1726235336,ETH
TX7337,W2337,W1486,3.38,1726235337,ETH
TX7338,W2338,W1523,3.39,1726235338,ETH
TX7339,W2339,W1560,3.4,1726235339,ETH
TX7340,W2340,W1597,3.41,1726235340,ETH
TX7341,W2341,W1634,3.42,1726235341,ETH
TX7342,W2342,W1671,3.43,1726235342,ETH
TX7343,W2343,W1708,3.44,1726235343,ETH
TX7344,W2344,W1745,3.45,1726235344,ETH
TX7345,W2345,W1782,3.46,1726235345,ETH
TX7346,W2346,W1819,3.47,1726235346,ETH
TX7347,W2347,W1856,3.48,1726235347,ETH
TX7348,W2348,W1893,3.49,1726235348,ETH
TX7349,W2349,W1930,3.5,1726235349,ETH
TX7350,W2350,W1967,3.51,1726235350,ETH
TX7351,W2351,W2004,3.52,1726235351,ETH
TX7352,W2352,W2041,3.53,1726235352,ETH
TX7353,W2353,W2078,3.54,1726235353,ETH
TX7354,W2354,W2115,3.55,1726235354,ETH
TX7355,W2355,W2152,3.56,1726235355,ETH
TX7356,W2356,W2189,3.57,1726235356,ETH
TX7357,W2357,W2226,3.58,1726235357,ETH
TX7358,W2358,W2263,3.59,1726235358,ETH
TX7359,W2359,W2300,3.6,1726235359,ETH
TX7360,W2360,W2337,3.61,1726235360,ETH
TX7361,W2361,W2374,3.62,1726235361,ETH
TX7362,W2362,W2411,3.63,1726235362,ETH
TX7363,W2363,W2448,3.64,1726235363,ETH
TX7364,W2364,W2485,3.65,1726235364,ETH
TX7365,W2365,W22,3.66,1726235365,ETH
TX7366,W2366,W59,3.67,1726235366,ETH
TX7367,W2367,W96,3.68,1726235367,ETH
TX7368,W2368,W133,3.69,1726235368,ETH
TX7369,W2369,W170,3.7,1726235369,ETH
TX7370,W2370,W207,3.71,1726235370,ETH
TX7371,W2371,W244,3.72,1726235371,ETH
TX7372,W2372,W281,3.73,1726235372,ETH
TX7373,W2373,W318,3.74,1726235373,ETH
TX7374,W2374,W355,3.75,1726235374,ETH
TX7375,W2375,W392,3.76,1726235375,ETH
TX7376,W2376,W429,3.77,1726235376,ETH
TX7377,W2377,W466,3.78,1726235377,ETH
TX7378,W2378,W503,3.79,1726235378,ETH
TX7379,W2379,W540,3.8,1726235379,ETH
TX7380,W2380,W577,3.81,1726235380,ETH
TX7381,W2381,W614,3.82,1726235381,ETH
TX7382,W2382,W651,3.83,1726235382,ETH
TX7383,W2383,W688,3.84,1726235383,ETH
TX7384,W2384,W725,3.85,1726235384,ETH
TX7385,W2385,W762,3.86,1726235385,ETH
TX7386,W2386,W799,3.87,1726235386,ETH
TX7387,W2387,W836,3.88,1726235387,ETH
TX7388,W2388,W873,3.89,1726235388,ETH
TX7389,W2389,W910,3.9,1726235389,ETH
TX7390,W2390,W947,3.91,1726235390,ETH
TX7391,W2391,W984,3.92,1726235391,ETH
TX7392,W2392,W1021,3.93,1726235392,ETH
TX7393,W2393,W1058,3.94,1726235393,ETH
TX7394,W2394,W1095,3.95,1726235394,ETH
TX7395,W2395,W1132,3.96,1726235395,ETH
TX7396,W2396,W1169,3.97,1726235396,ETH
TX7397,W2397,W1206,3.98,1726235397,ETH
TX7398,W2398,W1243,3.99,1726235398,ETH
TX7399,W2399,W1280,4,1726235399,ETH
TX7400,W2400,W1317,4.01,1726235400,ETH
TX7401,W2401,W1354,4.02,1726235401,ETH
TX7402,W2402,W1391,4.03,1726235402,ETH
TX7403,W2403,W1428,4.04,1726235403,ETH
TX7404,W2404,W1465,4.05,1726235404,ETH
TX7405,W2405,W1502,4.06,1726235405,ETH
TX7406,W2406,W1539,4.07,1726235406,ETH
TX7407,W2407,W1576,4.08,1726235407,ETH
TX7408,W2408,W1613,4.09,1726235408,ETH
TX7409,W2409,W1650,4.1,1726235409,ETH
TX7410,W2410,W1687,4.11,1726235410,ETH
TX7411,W2411,W1724,4.12,1726235411,ETH
TX7412,W2412,W1761,4.13,1726235412,ETH
TX7413,W2413,W1798,4.14,1726235413,ETH
TX7414,W2414,W1835,4.15,1726235414,ETH
TX7415,W2415,W1872,4.16,1726235415,ETH
TX7416,W2416,W1909,4.17,1726235416,ETH
TX7417,W2417,W1946,4.18,1726235417,ETH
TX7418,W2418,W1983,4.19,1726235418,ETH
TX7419,W2419,W2020,4.2,1726235419,ETH
TX7420,W2420,W2057,4.21,1726235420,ETH
TX7421,W2421,W2094,4.22,1726235421,ETH
TX7422,W2422,W2131,4.23,1726235422,ETH
TX7423,W2423,W2168,4.24,1726235423,ETH
TX7424,W2424,W2205,4.25,1726235424,ETH
TX7425,W2425,W2242,4.26,1726235425,ETH
TX7426,W2426,W2279,4.27,1726235426,ETH
TX7427,W2427,W2316,4.28,1726235427,ETH
TX7428,W2428,W2353,4.29,1726235428,ETH
TX7429,W2429,W2390,4.3,1726235429,ETH
TX7430,W2430,W2427,4.31,1726235430,ETH
TX7431,W2431,W2464,4.32,1726235431,ETH
TX7432,W2432,W1,4.33,1726235432,ETH
TX7433,W2433,W38,4.34,1726235433,ETH
TX7434,W2434,W75,4.35,1726235434,ETH
TX7435,W2435,W112,4.36,1726235435,ETH
TX7436,W2436,W149,4.37,1726235436,ETH
TX7437,W2437,W186,4.38,1726235437,ETH
TX7438,W2438,W223,4.39,1726235438,ETH
TX7439,W2439,W260,4.4,1726235439,ETH
TX7440,W2440,W297,4.41,1726235440,ETH
TX7441,W2441,W334,4.42,1726235441,ETH
TX7442,W2442,W371,4.43,1726235442,ETH
TX7443,W2443,W408,4.44,1726235443,ETH
TX7444,W2444,W445,4.45,1726235444,ETH
TX7445,W2445,W482,4.46,1726235445,ETH
TX7446,W2446,W519,4.47,1726235446,ETH
TX7447,W2447,W556,4.48,1726235447,ETH
TX7448,W2448,W593,4.49,1726235448,ETH
TX7449,W2449,W630,4.5,1726235449,ETH
TX7450,W2450,W667,4.51,1726235450,ETH
TX7451,W2451,W704,4.52,1726235451,ETH
TX7452,W2452,W741,4.53,1726235452,ETH
TX7453,W2453,W778,4.54,1726235453,ETH
TX7454,W2454,W815,4.55,1726235454,ETH
TX7455,W2455,W852,4.56,1726235455,ETH
TX7456,W2456,W889,4.57,1726235456,ETH
TX7457,W2457,W926,4.58,1726235457,ETH
TX7458,W2458,W963,4.59,1726235458,ETH
TX7459,W2459,W1000,4.6,1726235459,ETH
TX7460,W2460,W1037,4.61,1726235460,ETH
TX7461,W2461,W1074,4.62,1726235461,ETH
TX7462,W2462,W1111,4.63,1726235462,ETH
TX7463,W2463,W1148,4.64,1726235463,ETH
TX7464,W2464,W1185,4.65,1726235464,ETH
TX7465,W2465,W1222,4.66,1726235465,ETH
TX7466,W2466,W1259,4.67,1726235466,ETH
TX7467,W2467,W1296,4.68,1726235467,ETH
TX7468,W2468,W1333,4.69,1726235468,ETH
TX7469,W2469,W1370,4.7,1726235469,ETH
TX7470,W2470,W1407,4.71,1726235470,ETH
TX7471,W2471,W1444,4.72,1726235471,ETH
TX7472,W2472,W1481,4.73,1726235472,ETH
TX7473,W2473,W1518,4.74,1726235473,ETH
TX7474,W2474,W1555,4.75,1726235474,ETH
TX7475,W2475,W1592,4.76,1726235475,ETH
TX7476,W2476,W1629,4.77,1726235476,ETH
TX7477,W2477,W1666,4.78,1726235477,ETH
TX7478,W2478,W1703,4.79,1726235478,ETH
TX7479,W2479,W1740,4.8,1726235479,ETH
TX7480,W2480,W1777,4.81,1726235480,ETH
TX7481,W2481,W1814,4.82,1726235481,ETH
TX7482,W2482,W1851,4.83,1726235482,ETH
TX7483,W2483,W1888,4.84,1726235483,ETH
TX7484,W2484,W1925,4.85,1726235484,ETH
TX7485,W2485,W1962,4.86,1726235485,ETH
TX7486,W2486,W1999,4.87,1726235486,ETH
TX7487,W2487,W2036,4.88,1726235487,ETH
TX7488,W2488,W2073,4.89,1726235488,ETH
TX7489,W2489,W2110,4.9,1726235489,ETH
TX7490,W2490,W2147,4.91,1726235490,ETH
TX7491,W2491,W2184,4.92,1726235491,ETH
TX7492,W2492,W2221,4.93,1726235492,ETH
TX7493,W2493,W2258,4.94,1726235493,ETH
TX7494,W2494,W2295,4.95,1726235494,ETH
TX7495,W2495,W2332,4.96,1726235495,ETH
TX7496,W2496,W2369,4.97,1726235496,ETH
TX7497,W2497,W2406,4.98,1726235497,ETH
TX7498,W2498,W2443,4.99,1726235498,ETH
TX7499,W2499,W2480,5,1726235499,ETH
TX7500,W0,W17,5.01,1726235500,ETH
TX7501,W1,W54,5.02,1726235501,ETH
TX7502,W2,W91,5.03,1726235502,ETH
TX7503,W3,W128,5.04,1726235503,ETH
TX7504,W4,W165,5.05,1726235504,ETH
TX7505,W5,W202,5.06,1726235505,ETH
TX7506,W6,W239,5.07,1726235506,ETH
TX7507,W7,W276,5.08,1726235507,ETH
TX7508,W8,W313,5.09,1726235508,ETH
TX7509,W9,W350,5.1,1726235509,ETH
TX7510,W10,W387,5.11,1726235510,ETH
TX7511,W11,W424,5.12,1726235511,ETH
TX7512,W12,W461,5.13,1726235512,ETH
TX7513,W13,W498,5.14,1726235513,ETH
TX7514,W14,W535,5.15,1726235514,ETH
TX7515,W15,W572,5.16,1726235515,ETH
TX7516,W16,W609,5.17,1726235516,ETH
TX7517,W17,W646,5.18,1726235517,ETH
TX7518,W18,W683,5.19,1726235518,ETH
TX7519,W19,W720,5.2,1726235519,ETH
TX7520,W20,W757,5.21,1726235520,ETH
TX7521,W21,W794,5.22,1726235521,ETH
TX7522,W22,W831,5.23,1726235522,ETH
TX7523,W23,W868,5.24,1726235523,ETH
TX7524,W24,W905,5.25,1726235524,ETH
TX7525,W25,W942,5.26,1726235525,ETH
TX7526,W26,W979,5.27,1726235526,ETH
TX7527,W27,W1016,5.28,1726235527,ETH
TX7528,W28,W1053,5.29,1726235528,ETH
TX7529,W29,W1090,5.3,1726235529,ETH
TX7530,W30,W1127,5.31,1726235530,ETH
TX7531,W31,W1164,5.32,1726235531,ETH
TX7532,W32,W1201,5.33,1726235532,ETH
TX7533,W33,W1238,5.34,1726235533,ETH
TX7534,W34,W1275,5.35,1726235534,ETH
TX7535,W35,W1312,5.36,1726235535,ETH
TX7536,W36,W1349,5.37,1726235536,ETH
TX7537,W37,W1386,5.38,1726235537,ETH
TX7538,W38,W1423,5.39,1726235538,ETH
TX7539,W39,W1460,5.4,1726235539,ETH
TX7540,W40,W1497,5.41,1726235540,ETH
TX7541,W41,W1534,5.42,1726235541,ETH
TX7542,W42,W1571,5.43,1726235542,ETH
TX7543,W43,W1608,5.44,1726235543,ETH
TX7544,W44,W1645,5.45,1726235544,ETH
TX7545,W45,W1682,5.46,1726235545,ETH
TX7546,W46,W1719,5.47,1726235546,ETH
TX7547,W47,W1756,5.48,1726235547,ETH
TX7548,W48,W1793,5.49,1726235548,ETH
TX7549,W49,W1830,5.5,1726235549,ETH
TX7550,W50,W1867,5.51,1726235550,ETH
TX7551,W51,W1904,5.52,1726235551,ETH
TX7552,W52,W1941,5.53,1726235552,ETH
TX7553,W53,W1978,5.54,1726235553,ETH
TX7554,W54,W2015,5.55,1726235554,ETH
TX7555,W55,W2052,5.56,1726235555,ETH
TX7556,W56,W2089,5.57,1726235556,ETH
TX7557,W57,W2126,5.58,1726235557,ETH
TX7558,W58,W2163,5.59,1726235558,ETH
TX7559,W59,W2200,5.6,1726235559,ETH
TX7560,W60,W2237,5.61,1726235560,ETH
TX7561,W61,W2274,5.62,1726235561,ETH
TX7562,W62,W2311,5.63,1726235562,ETH
TX7563,W63,W2348,5.64,1726235563,ETH
TX7564,W64,W2385,5.65,1726235564,ETH
TX7565,W65,W2422,5.66,1726235565,ETH
TX7566,W66,W2459,5.67,1726235566,ETH
TX7567,W67,W2496,5.68,1726235567,ETH
TX7568,W68,W33,5.69,1726235568,ETH
TX7569,W69,W70,5.7,1726235569,ETH
TX7570,W70,W107,5.71,1726235570,ETH
TX7571,W71,W144,5.72,1726235571,ETH
TX7572,W72,W181,5.73,1726235572,ETH
TX7573,W73,W218,5.74,1726235573,ETH
TX7574,W74,W255,5.75,1726235574,ETH
TX7575,W75,W292,5.76,1726235575,ETH
TX7576,W76,W329,5.77,1726235576,ETH
TX7577,W77,W366,5.78,1726235577,ETH
TX7578,W78,W403,5.79,1726235578,ETH
TX7579,W79,W440,5.8,1726235579,ETH
TX7580,W80,W477,5.81,1726235580,ETH
TX7581,W81,W514,5.82,1726235581,ETH
TX7582,W82,W551,5.83,1726235582,ETH
TX7583,W83,W588,5.84,1726235583,ETH
TX7584,W84,W625,5.85,1726235584,ETH
TX7585,W85,W662,5.86,1726235585,ETH
TX7586,W86,W699,5.87,1726235586,ETH
TX7587,W87,W736,5.88,1726235587,ETH
TX7588,W88,W773,5.89,1726235588,ETH
TX7589,W89,W810,5.9,1726235589,ETH
TX7590,W90,W847,5.91,1726235590,ETH
TX7591,W91,W884,5.92,1726235591,ETH
TX7592,W92,W921,5.93,1726235592,ETH
TX7593,W93,W958,5.94,1726235593,ETH
TX7594,W94,W995,5.95,1726235594,ETH
TX7595,W95,W1032,5.96,1726235595,ETH
TX7596,W96,W1069,5.97,1726235596,ETH
TX7597,W97,W1106,5.98,1726235597,ETH
TX7598,W98,W1143,5.99,1726235598,ETH
TX7599,W99,W1180,6,1726235599,ETH
TX7600,W100,W1217,6.01,1726235600,ETH
TX7601,W101,W1254,6.02,1726235601,ETH
TX7602,W102,W1291,6.03,1726235602,ETH
TX7603,W103,W1328,6.04,1726235603,ETH
TX7604,W104,W1365,6.05,1726235604,ETH
TX7605,W105,W1402,6.06,1726235605,ETH
TX7606,W106,W1439,6.07,1726235606,ETH
TX7607,W107,W1476,6.08,1726235607,ETH
TX7608,W108,W1513,6.09,1726235608,ETH
TX7609,W109,W1550,6.1,1726235609,ETH
TX7610,W110,W1587,6.11,1726235610,ETH
TX7611,W111,W1624,6.12,1726235611,ETH
TX7612,W112,W1661,6.13,1726235612,ETH
TX7613,W113,W1698,6.14,1726235613,ETH
TX7614,W114,W1735,6.15,1726235614,ETH
TX7615,W115,W1772,6.16,1726235615,ETH
TX7616,W116,W1809,6.17,1726235616,ETH
TX7617,W117,W1846,6.18,1726235617,ETH
TX7618,W118,W1883,6.19,1726235618,ETH
TX7619,W119,W1920,6.2,1726235619,ETH
TX7620,W120,W1957,6.21,1726235620,ETH
TX7621,W121,W1994,6.22,1726235621,ETH
TX7622,W122,W2031,6.23,1726235622,ETH
TX7623,W123,W2068,6.24,1726235623,ETH
TX7624,W124,W2105,6.25,1726235624,ETH
TX7625,W125,W2142,6.26,1726235625,ETH
TX7626,W126,W2179,6.27,1726235626,ETH
TX7627,W127,W2216,6.28,1726235627,ETH
TX7628,W128,W2253,6.29,1726235628,ETH
TX7629,W129,W2290,6.3,1726235629,ETH
TX7630,W130,W2327,6.31,1726235630,ETH
TX7631,W131,W2364,6.32,1726235631,ETH
TX7632,W132,W2401,6.33,1726235632,ETH
TX7633,W133,W2438,6.34,1726235633,ETH
TX7634,W134,W2475,6.35,1726235634,ETH
TX7635,W135,W12,6.36,1726235635,ETH
TX7636,W136,W49,6.37,1726235636,ETH
TX7637,W137,W86,6.38,1726235637,ETH
TX7638,W138,W123,6.39,1726235638,ETH
TX7639,W139,W160,6.4,1726235639,ETH
TX7640,W140,W197,6.41,1726235640,ETH
TX7641,W141,W234,6.42,1726235641,ETH
TX7642,W142,W271,6.43,1726235642,ETH
TX7643,W143,W308,6.44,1726235643,ETH
TX7644,W144,W345,6.45,1726235644,ETH
TX7645,W145,W382,6.46,1726235645,ETH
TX7646,W146,W419,6.47,1726235646,ETH
TX7647,W147,W456,6.48,1726235647,ETH
TX7648,W148,W493,6.49,1726235648,ETH
TX7649,W149,W530,6.5,1726235649,ETH
TX7650,W150,W567,6.51,1726235650,ETH
TX7651,W151,W604,6.52,1726235651,ETH
TX7652,W152,W641,6.53,1726235652,ETH
TX7653,W153,W678,6.54,1726235653,ETH
TX7654,W154,W715,6.55,1726235654,ETH
TX7655,W155,W752,6.56,1726235655,ETH
TX7656,W156,W789,6.57,1726235656,ETH
TX7657,W157,W826,6.58,1726235657,ETH
TX7658,W158,W863,6.59,1726235658,ETH
TX7659,W159,W900,6.6,1726235659,ETH
TX7660,W160,W937,6.61,1726235660,ETH
TX7661,W161,W974,6.62,1726235661,ETH
TX7662,W162,W1011,6.63,1726235662,ETH
TX7663,W163,W1048,6.64,1726235663,ETH
TX7664,W164,W1085,6.65,1726235664,ETH
TX7665,W165,W1122,6.66,1726235665,ETH
TX7666,W166,W1159,6.67,1726235666,ETH
TX7667,W167,W1196,6.68,1726235667,ETH
TX7668,W168,W1233,6.69,1726235668,ETH
TX7669,W169,W1270,6.7,1726235669,ETH
TX7670,W170,W1307,6.71,1726235670,ETH
TX7671,W171,W1344,6.72,1726235671,ETH
TX7672,W172,W1381,6.73,1726235672,ETH
TX7673,W173,W1418,6.74,1726235673,ETH
TX7674,W174,W1455,6.75,1726235674,ETH
TX7675,W175,W1492,6.76,1726235675,ETH
TX7676,W176,W1529,6.77,1726235676,ETH
TX7677,W177,W1566,6.78,1726235677,ETH
TX7678,W178,W1603,6.79,1726235678,ETH
TX7679,W179,W1640,6.8,1726235679,ETH
TX7680,W180,W1677,6.81,1726235680,ETH
TX7681,W181,W1714,6.82,1726235681,ETH
TX7682,W182,W1751,6.83,1726235682,ETH
TX7683,W183,W1788,6.84,1726235683,ETH
TX7684,W184,W1825,6.85,1726235684,ETH
TX7685,W185,W1862,6.86,1726235685,ETH
TX7686,W186,W1899,6.87,1726235686,ETH
TX7687,W187,W1936,6.88,1726235687,ETH
TX7688,W188,W1973,6.89,1726235688,ETH
TX7689,W189,W2010,6.9,1726235689,ETH
TX7690,W190,W2047,6.91,1726235690,ETH
TX7691,W191,W2084,6.92,1726235691,ETH
TX7692,W192,W2121,6.93,1726235692,ETH
TX7693,W193,W2158,6.94,1726235693,ETH
TX7694,W194,W2195,6.95,1726235694,ETH
TX7695,W195,W2232,6.96,1726235695,ETH
TX7696,W196,W2269,6.97,1726235696,ETH
TX7697,W197,W2306,6.98,1726235697,ETH
TX7698,W198,W2343,6.99,1726235698,ETH
TX7699,W199,W2380,7,1726235699,ETH
TX7700,W200,W2417,7.01,1726235700,ETH
TX7701,W201,W2454,7.02,1726235701,ETH
TX7702,W202,W2491,7.03,1726235702,ETH
TX7703,W203,W28,7.04,1726235703,ETH
TX7704,W204,W65,7.05,1726235704,ETH
TX7705,W205,W102,7.06,1726235705,ETH
TX7706,W206,W139,7.07,1726235706,ETH
TX7707,W207,W176,7.08,1726235707,ETH
TX7708,W208,W213,7.09,1726235708,ETH
TX7709,W209,W250,7.1,1726235709,ETH
TX7710,W210,W287,7.11,1726235710,ETH
TX7711,W211,W324,7.12,1726235711,ETH
TX7712,W212,W361,7.13,1726235712,ETH
TX7713,W213,W398,7.14,1726235713,ETH
TX7714,W214,W435,7.15,1726235714,ETH
TX7715,W215,W472,7.16,1726235715,ETH
TX7716,W216,W509,7.17,1726235716,ETH
TX7717,W217,W546,7.18,1726235717,ETH
TX7718,W218,W583,7.19,1726235718,ETH
TX7719,W219,W620,7.2,1726235719,ETH
TX7720,W220,W657,7.21,1726235720,ETH
TX7721,W221,W694,7.22,1726235721,ETH
TX7722,W222,W731,7.23,1726235722,ETH
TX7723,W223,W768,7.24,1726235723,ETH
TX7724,W224,W805,7.25,1726235724,ETH
TX7725,W225,W842,7.26,1726235725,ETH
TX7726,W226,W879,7.27,1726235726,ETH
TX7727,W227,W916,7.28,1726235727,ETH
TX7728,W228,W953,7.29,1726235728,ETH
TX7729,W229,W990,7.3,1726235729,ETH
TX7730,W230,W1027,7.31,1726235730,ETH
TX7731,W231,W1064,7.32,1726235731,ETH
TX7732,W232,W1101,7.33,1726235732,ETH
TX7733,W233,W1138,7.34,1726235733,ETH
TX7734,W234,W1175,7.35,1726235734,ETH
TX7735,W235,W1212,7.36,1726235735,ETH
TX7736,W236,W1249,7.37,1726235736,ETH
TX7737,W237,W1286,7.38,1726235737,ETH
TX7738,W238,W1323,7.39,1726235738,ETH
TX7739,W239,W1360,7.4,1726235739,ETH
TX7740,W240,W1397,7.41,1726235740,ETH
TX7741,W241,W1434,7.42,1726235741,ETH
TX7742,W242,W1471,7.43,1726235742,ETH
TX7743,W243,W1508,7.44,1726235743,ETH
TX7744,W244,W1545,7.45,1726235744,ETH
TX7745,W245,W1582,7.46,1726235745,ETH
TX7746,W246,W1619,7.47,1726235746,ETH
TX7747,W247,W1656,7.48,1726235747,ETH
TX7748,W248,W1693,7.49,1726235748,ETH
TX7749,W249,W1730,7.5,1726235749,ETH
TX7750,W250,W1767,7.51,1726235750,ETH
TX7751,W251,W1804,7.52,1726235751,ETH
TX7752,W252,W1841,7.53,1726235752,ETH
TX7753,W253,W1878,7.54,1726235753,ETH
TX7754,W254,W1915,7.55,1726235754,ETH
TX7755,W255,W1952,7.56,1726235755,ETH
TX7756,W256,W1989,7.57,1726235756,ETH
TX7757,W257,W2026,7.58,1726235757,ETH
TX7758,W258,W2063,7.59,1726235758,ETH
TX7759,W259,W2100,7.6,1726235759,ETH
TX7760,W260,W2137,7.61,1726235760,ETH
TX7761,W261,W2174,7.62,1726235761,ETH
TX7762,W262,W2211,7.63,1726235762,ETH
TX7763,W263,W2248,7.64,1726235763,ETH
TX7764,W264,W2285,7.65,1726235764,ETH
TX7765,W265,W2322,7.66,1726235765,ETH
TX7766,W266,W2359,7.67,1726235766,ETH
TX7767,W267,W2396,7.68,1726235767,ETH
TX7768,W268,W2433,7.69,1726235768,ETH
TX7769,W269,W2470,7.7,1726235769,ETH
TX7770,W270,W7,7.71,1726235770,ETH
TX7771,W271,W44,7.72,1726235771,ETH
TX7772,W272,W81,7.73,1726235772,ETH
TX7773,W273,W118,7.74,1726235773,ETH
TX7774,W274,W155,7.75,1726235774,ETH
TX7775,W275,W192,7.76,1726235775,ETH
TX7776,W276,W229,7.77,1726235776,ETH
TX7777,W277,W266,7.78,1726235777,ETH
TX7778,W278,W303,7.79,1726235778,ETH
TX7779,W279,W340,7.8,1726235779,ETH
TX7780,W280,W377,7.81,1726235780,ETH
TX7781,W281,W414,7.82,1726235781,ETH
TX7782,W282,W451,7.83,1726235782,ETH
TX7783,W283,W488,7.84,1726235783,ETH
TX7784,W284,W525,7.85,1726235784,ETH
TX7785,W285,W562,7.86,1726235785,ETH
TX7786,W286,W599,7.87,1726235786,ETH
TX7787,W287,W636,7.88,1726235787,ETH
TX7788,W288,W673,7.89,1726235788,ETH
TX7789,W289,W710,7.9,1726235789,ETH
TX7790,W290,W747,7.91,1726235790,ETH
TX7791,W291,W784,7.92,1726235791,ETH
TX7792,W292,W821,7.93,1726235792,ETH
TX7793,W293,W858,7.94,1726235793,ETH
TX7794,W294,W895,7.95,1726235794,ETH
TX7795,W295,W932,7.96,1726235795,ETH
TX7796,W296,W969,7.97,1726235796,ETH
TX7797,W297,W1006,7.98,1726235797,ETH
TX7798,W298,W1043,7.99,1726235798,ETH
TX7799,W299,W1080,8,1726235799,ETH
TX7800,W300,W1117,8.01,1726235800,ETH
TX7801,W301,W1154,8.02,1726235801,ETH
TX7802,W302,W1191,8.03,1726235802,ETH
TX7803,W303,W1228,8.04,1726235803,ETH
TX7804,W304,W1265,8.05,1726235804,ETH
TX7805,W305,W1302,8.06,1726235805,ETH
TX7806,W306,W1339,8.07,1726235806,ETH
TX7807,W307,W1376,8.08,1726235807,ETH
TX7808,W308,W1413,8.09,1726235808,ETH
TX7809,W309,W1450,8.1,1726235809,ETH
TX7810,W310,W1487,8.11,1726235810,ETH
TX7811,W311,W1524,8.12,1726235811,ETH
TX7812,W312,W1561,8.13,1726235812,ETH
TX7813,W313,W1598,8.14,1726235813,ETH
TX7814,W314,W1635,8.15,1726235814,ETH
TX7815,W315,W1672,8.16,1726235815,ETH
TX7816,W316,W1709,8.17,1726235816,ETH
TX7817,W317,W1746,8.18,1726235817,ETH
TX7818,W318,W1783,8.19,1726235818,ETH
TX7819,W319,W1820,8.2,1726235819,ETH
TX7820,W320,W1857,8.21,1726235820,ETH
TX7821,W321,W1894,8.22,1726235821,ETH
TX7822,W322,W1931,8.23,1726235822,ETH
TX7823,W323,W1968,8.24,1726235823,ETH
TX7824,W324,W2005,8.25,1726235824,ETH
TX7825,W325,W2042,8.26,1726235825,ETH
TX7826,W326,W2079,8.27,1726235826,ETH
TX7827,W327,W2116,8.28,1726235827,ETH
TX7828,W328,W2153,8.29,1726235828,ETH
TX7829,W329,W2190,8.3,1726235829,ETH
TX7830,W330,W2227,8.31,1726235830,ETH
TX7831,W331,W2264,8.32,1726235831,ETH
TX7832,W332,W2301,8.33,1726235832,ETH
TX7833,W333,W2338,8.34,1726235833,ETH
TX7834,W334,W2375,8.35,1726235834,ETH
TX7835,W335,W2412,8.36,1726235835,ETH
TX7836,W336,W2449,8.37,1726235836,ETH
TX7837,W337,W2486,8.38,1726235837,ETH
TX7838,W338,W23,8.39,1726235838,ETH
TX7839,W339,W60,8.4,1726235839,ETH
TX7840,W340,W97,8.41,1726235840,ETH
TX7841,W341,W134,8.42,1726235841,ETH
TX7842,W342,W171,8.43,1726235842,ETH
TX7843,W343,W208,8.44,1726235843,ETH
TX7844,W344,W245,8.45,1726235844,ETH
TX7845,W345,W282,8.46,1726235845,ETH
TX7846,W346,W319,8.47,1726235846,ETH
TX7847,W347,W356,8.48,1726235847,ETH
TX7848,W348,W393,8.49,1726235848,ETH
TX7849,W349,W430,8.5,1726235849,ETH
TX7850,W350,W467,8.51,1726235850,ETH
TX7851,W351,W504,8.52,1726235851,ETH
TX7852,W352,W541,8.53,1726235852,ETH
TX7853,W353,W578,8.54,1726235853,ETH
TX7854,W354,W615,8.55,1726235854,ETH
TX7855,W355,W652,8.56,1726235855,ETH
TX7856,W356,W689,8.57,1726235856,ETH
TX7857,W357,W726,8.58,1726235857,ETH
TX7858,W358,W763,8.59,1726235858,ETH
TX7859,W359,W800,8.6,1726235859,ETH
TX7860,W360,W837,8.61,1726235860,ETH
TX7861,W361,W874,8.62,1726235861,ETH
TX7862,W362,W911,8.63,1726235862,ETH
TX7863,W363,W948,8.64,1726235863,ETH
TX7864,W364,W985,8.65,1726235864,ETH
TX7865,W365,W1022,8.66,1726235865,ETH
TX7866,W366,W1059,8.67,1726235866,ETH
TX7867,W367,W1096,8.68,1726235867,ETH
TX7868,W368,W1133,8.69,1726235868,ETH
TX7869,W369,W1170,8.7,1726235869,ETH
TX7870,W370,W1207,8.71,1726235870,ETH
TX7871,W371,W1244,8.72,1726235871,ETH
TX7872,W372,W1281,8.73,1726235872,ETH
TX7873,W373,W1318,8.74,1726235873,ETH
TX7874,W374,W1355,8.75,1726235874,ETH
TX7875,W375,W1392,8.76,1726235875,ETH
TX7876,W376,W1429,8.77,1726235876,ETH
TX7877,W377,W1466,8.78,1726235877,ETH
TX7878,W378,W1503,8.79,1726235878,ETH
TX7879,W379,W1540,8.8,1726235879,ETH
TX7880,W380,W1577,8.81,1726235880,ETH
TX7881,W381,W1614,8.82,1726235881,ETH
TX7882,W382,W1651,8.83,1726235882,ETH
TX7883,W383,W1688,8.84,1726235883,ETH
TX7884,W384,W1725,8.85,1726235884,ETH
TX7885,W385,W1762,8.86,1726235885,ETH
TX7886,W386,W1799,8.87,1726235886,ETH
TX7887,W387,W1836,8.88,1726235887,ETH
TX7888,W388,W1873,8.89,1726235888,ETH
TX7889,W389,W1910,8.9,1726235889,ETH
TX7890,W390,W1947,8.91,1726235890,ETH
TX7891,W391,W1984,8.92,1726235891,ETH
TX7892,W392,W2021,8.93,1726235892,ETH
TX7893,W393,W2058,8.94,1726235893,ETH
TX7894,W394,W2095,8.95,1726235894,ETH
TX7895,W395,W2132,8.96,1726235895,ETH
TX7896,W396,W2169,8.97,1726235896,ETH
TX7897,W397,W2206,8.98,1726235897,ETH
TX7898,W398,W2243,8.99,1726235898,ETH
TX7899,W399,W2280,9,1726235899,ETH
TX7900,W400,W2317,9.01,1726235900,ETH
TX7901,W401,W2354,9.02,1726235901,ETH
TX7902,W402,W2391,9.03,1726235902,ETH
TX7903,W403,W2428,9.04,1726235903,ETH
TX7904,W404,W2465,9.05,1726235904,ETH
TX7905,W405,W2,9.06,1726235905,ETH
TX7906,W406,W39,9.07,1726235906,ETH
TX7907,W407,W76,9.08,1726235907,ETH
TX7908,W408,W113,9.09,1726235908,ETH
TX7909,W409,W150,9.1,1726235909,ETH
TX7910,W410,W187,9.11,1726235910,ETH
TX7911,W411,W224,9.12,1726235911,ETH
TX7912,W412,W261,9.13,1726235912,ETH
TX7913,W413,W298,9.14,1726235913,ETH
TX7914,W414,W335,9.15,1726235914,ETH
TX7915,W415,W372,9.16,1726235915,ETH
TX7916,W416,W409,9.17,1726235916,ETH
TX7917,W417,W446,9.18,1726235917,ETH
TX7918,W418,W483,9.19,1726235918,ETH
TX7919,W419,W520,9.2,1726235919,ETH
TX7920,W420,W557,9.21,1726235920,ETH
TX7921,W421,W594,9.22,1726235921,ETH
TX7922,W422,W631,9.23,1726235922,ETH
TX7923,W423,W668,9.24,1726235923,ETH
TX7924,W424,W705,9.25,1726235924,ETH
TX7925,W425,W742,9.26,1726235925,ETH
TX7926,W426,W779,9.27,1726235926,ETH
TX7927,W427,W816,9.28,1726235927,ETH
TX7928,W428,W853,9.29,1726235928,ETH
TX7929,W429,W890,9.3,1726235929,ETH
TX7930,W430,W927,9.31,1726235930,ETH
TX7931,W431,W964,9.32,1726235931,ETH
TX7932,W432,W1001,9.33,1726235932,ETH
TX7933,W433,W1038,9.34,1726235933,ETH
TX7934,W434,W1075,9.35,1726235934,ETH
TX7935,W435,W1112,9.36,1726235935,ETH
TX7936,W436,W1149,9.37,1726235936,ETH
TX7937,W437,W1186,9.38,1726235937,ETH
TX7938,W438,W1223,9.39,1726235938,ETH
TX7939,W439,W1260,9.4,1726235939,ETH
TX7940,W440,W1297,9.41,1726235940,ETH
TX7941,W441,W1334,9.42,1726235941,ETH
TX7942,W442,W1371,9.43,1726235942,ETH
TX7943,W443,W1408,9.44,1726235943,ETH
TX7944,W444,W1445,9.45,1726235944,ETH
TX7945,W445,W1482,9.46,1726235945,ETH
TX7946,W446,W1519,9.47,1726235946,ETH
TX7947,W447,W1556,9.48,1726235947,ETH
TX7948,W448,W1593,9.49,1726235948,ETH
TX7949,W449,W1630,9.5,1726235949,ETH
TX7950,W450,W1667,9.51,1726235950,ETH
TX7951,W451,W1704,9.52,1726235951,ETH
TX7952,W452,W1741,9.53,1726235952,ETH
TX7953,W453,W1778,9.54,1726235953,ETH
TX7954,W454,W1815,9.55,1726235954,ETH
TX7955,W455,W1852,9.56,1726235955,ETH
TX7956,W456,W1889,9.57,1726235956,ETH
TX7957,W457,W1926,9.58,1726235957,ETH
TX7958,W458,W1963,9.59,1726235958,ETH
TX7959,W459,W2000,9.6,1726235959,ETH
TX7960,W460,W2037,9.61,1726235960,ETH
TX7961,W461,W2074,9.62,1726235961,ETH
TX7962,W462,W2111,9.63,1726235962,ETH
TX7963,W463,W2148,9.64,1726235963,ETH
TX7964,W464,W2185,9.65,1726235964,ETH
TX7965,W465,W2222,9.66,1726235965,ETH
TX7966,W466,W2259,9.67,1726235966,ETH
TX7967,W467,W2296,9.68,1726235967,ETH
TX7968,W468,W2333,9.69,1726235968,ETH
TX7969,W469,W2370,9.7,1726235969,ETH
TX7970,W470,W2407,9.71,1726235970,ETH
TX7971,W471,W2444,9.72,1726235971,ETH
TX7972,W472,W2481,9.73,1726235972,ETH
TX7973,W473,W18,9.74,1726235973,ETH
TX7974,W474,W55,9.75,1726235974,ETH
TX7975,W475,W92,9.76,1726235975,ETH
TX7976,W476,W129,9.77,1726235976,ETH
TX7977,W477,W166,9.78,1726235977,ETH
TX7978,W478,W203,9.79,1726235978,ETH
TX7979,W479,W240,9.8,1726235979,ETH
TX7980,W480,W277,9.81,1726235980,ETH
TX7981,W481,W314,9.82,1726235981,ETH
TX7982,W482,W351,9.83,1726235982,ETH
TX7983,W483,W388,9.84,1726235983,ETH
TX7984,W484,W425,9.85,1726235984,ETH
TX7985,W485,W462,9.86,1726235985,ETH
TX7986,W486,W499,9.87,1726235986,ETH
TX7987,W487,W536,9.88,1726235987,ETH
TX7988,W488,W573,9.89,1726235988,ETH
TX7989,W489,W610,9.9,1726235989,ETH
TX7990,W490,W647,9.91,1726235990,ETH
TX7991,W491,W684,9.92,1726235991,ETH
TX7992,W492,W721,9.93,1726235992,ETH
TX7993,W493,W758,9.94,1726235993,ETH
TX7994,W494,W795,9.95,1726235994,ETH
TX7995,W495,W832,9.96,1726235995,ETH
TX7996,W496,W869,9.97,1726235996,ETH
TX7997,W497,W906,9.98,1726235997,ETH
TX7998,W498,W943,9.99,1726235998,ETH
TX7999,W499,W980,10,1726235999,ETH
TX8000,W500,W1017,0.01,1726236000,ETH
TX8001,W501,W1054,0.02,1726236001,ETH
TX8002,W502,W1091,0.03,1726236002,ETH
TX8003,W503,W1128,0.04,1726236003,ETH
TX8004,W504,W1165,0.05,1726236004,ETH
TX8005,W505,W1202,0.06,1726236005,ETH
TX8006,W506,W1239,0.07,1726236006,ETH
TX8007,W507,W1276,0.08,1726236007,ETH
TX8008,W508,W1313,0.09,1726236008,ETH
TX8009,W509,W1350,0.1,1726236009,ETH
TX8010,W510,W1387,0.11,1726236010,ETH
TX8011,W511,W1424,0.12,1726236011,ETH
TX8012,W512,W1461,0.13,1726236012,ETH
TX8013,W513,W1498,0.14,1726236013,ETH
TX8014,W514,W1535,0.15,1726236014,ETH
TX8015,W515,W1572,0.16,1726236015,ETH
TX8016,W516,W1609,0.17,1726236016,ETH
TX8017,W517,W1646,0.18,1726236017,ETH
TX8018,W518,W1683,0.19,1726236018,ETH
TX8019,W519,W1720,0.2,1726236019,ETH
TX8020,W520,W1757,0.21,1726236020,ETH
TX8021,W521,W1794,0.22,1726236021,ETH
TX8022,W522,W1831,0.23,1726236022,ETH
TX8023,W523,W1868,0.24,1726236023,ETH
TX8024,W524,W1905,0.25,1726236024,ETH
TX8025,W525,W1942,0.26,1726236025,ETH
TX8026,W526,W1979,0.27,1726236026,ETH
TX8027,W527,W2016,0.28,1726236027,ETH
TX8028,W528,W2053,0.29,1726236028,ETH
TX8029,W529,W2090,0.3,1726236029,ETH
TX8030,W530,W2127,0.31,1726236030,ETH
TX8031,W531,W2164,0.32,1726236031,ETH
TX8032,W532,W2201,0.33,1726236032,ETH
TX8033,W533,W2238,0.34,1726236033,ETH
TX8034,W534,W2275,0.35,1726236034,ETH
TX8035,W535,W2312,0.36,1726236035,ETH
TX8036,W536,W2349,0.37,1726236036,ETH
TX8037,W537,W2386,0.38,1726236037,ETH
TX8038,W538,W2423,0.39,1726236038,ETH
TX8039,W539,W2460,0.4,1726236039,ETH
TX8040,W540,W2497,0.41,1726236040,ETH
TX8041,W541,W34,0.42,1726236041,ETH
TX8042,W542,W71,0.43,1726236042,ETH
TX8043,W543,W108,0.44,1726236043,ETH
TX8044,W544,W145,0.45,1726236044,ETH
TX8045,W545,W182,0.46,1726236045,ETH
TX8046,W546,W219,0.47,1726236046,ETH
TX8047,W547,W256,0.48,1726236047,ETH
TX8048,W548,W293,0.49,1726236048,ETH
TX8049,W549,W330,0.5,1726236049,ETH
TX8050,W550,W367,0.51,1726236050,ETH
TX8051,W551,W404,0.52,1726236051,ETH
TX8052,W552,W441,0.53,1726236052,ETH
TX8053,W553,W478,0.54,1726236053,ETH
TX8054,W554,W515,0.55,1726236054,ETH
TX8055,W555,W552,0.56,1726236055,ETH
TX8056,W556,W589,0.57,1726236056,ETH
TX8057,W557,W626,0.58,1726236057,ETH
TX8058,W558,W663,0.59,1726236058,ETH
TX8059,W559,W700,0.6,1726236059,ETH
TX8060,W560,W737,0.61,1726236060,ETH
TX8061,W561,W774,0.62,1726236061,ETH
TX8062,W562,W811,0.63,1726236062,ETH
TX8063,W563,W848,0.64,1726236063,ETH
TX8064,W564,W885,0.65,1726236064,ETH
TX8065,W565,W922,0.66,1726236065,ETH
TX8066,W566,W959,0.67,1726236066,ETH
TX8067,W567,W996,0.68,1726236067,ETH
TX8068,W568,W1033,0.69,1726236068,ETH
TX8069,W569,W1070,0.7,1726236069,ETH
TX8070,W570,W1107,0.71,1726236070,ETH
TX8071,W571,W1144,0.72,1726236071,ETH
TX8072,W572,W1181,0.73,1726236072,ETH
TX8073,W573,W1218,0.74,1726236073,ETH
TX8074,W574,W1255,0.75,1726236074,ETH
TX8075,W575,W1292,0.76,1726236075,ETH
TX8076,W576,W1329,0.77,1726236076,ETH
TX8077,W577,W1366,0.78,1726236077,ETH
TX8078,W578,W1403,0.79,1726236078,ETH
TX8079,W579,W1440,0.8,1726236079,ETH
TX8080,W580,W1477,0.81,1726236080,ETH
TX8081,W581,W1514,0.82,1726236081,ETH
TX8082,W582,W1551,0.83,1726236082,ETH
TX8083,W583,W1588,0.84,1726236083,ETH
TX8084,W584,W1625,0.85,1726236084,ETH
TX8085,W585,W1662,0.86,1726236085,ETH
TX8086,W586,W1699,0.87,1726236086,ETH
TX8087,W587,W1736,0.88,1726236087,ETH
TX8088,W588,W1773,0.89,1726236088,ETH
TX8089,W589,W1810,0.9,1726236089,ETH
TX8090,W590,W1847,0.91,1726236090,ETH
TX8091,W591,W1884,0.92,1726236091,ETH
TX8092,W592,W1921,0.93,1726236092,ETH
TX8093,W593,W1958,0.94,1726236093,ETH
TX8094,W594,W1995,0.95,1726236094,ETH
TX8095,W595,W2032,0.96,1726236095,ETH
TX8096,W596,W2069,0.97,1726236096,ETH
TX8097,W597,W2106,0.98,1726236097,ETH
TX8098,W598,W2143,0.99,1726236098,ETH
TX8099,W599,W2180,1,1726236099,ETH
TX8100,W600,W2217,1.01,1726236100,ETH
TX8101,W601,W2254,1.02,1726236101,ETH
TX8102,W602,W2291,1.03,1726236102,ETH
TX8103,W603,W2328,1.04,1726236103,ETH
TX8104,W604,W2365,1.05,1726236104,ETH
TX8105,W605,W2402,1.06,1726236105,ETH
TX8106,W606,W2439,1.07,1726236106,ETH
TX8107,W607,W2476,1.08,1726236107,ETH
TX8108,W608,W13,1.09,1726236108,ETH
TX8109,W609,W50,1.1,1726236109,ETH
TX8110,W610,W87,1.11,1726236110,ETH
TX8111,W611,W124,1.12,1726236111,ETH
TX8112,W612,W161,1.13,1726236112,ETH
TX8113,W613,W198,1.14,1726236113,ETH
TX8114,W614,W235,1.15,1726236114,ETH
TX8115,W615,W272,1.16,1726236115,ETH
TX8116,W616,W309,1.17,1726236116,ETH
TX8117,W617,W346,1.18,1726236117,ETH
TX8118,W618,W383,1.19,1726236118,ETH
TX8119,W619,W420,1.2,1726236119,ETH
TX8120,W620,W457,1.21,1726236120,ETH
TX8121,W621,W494,1.22,1726236121,ETH
TX8122,W622,W531,1.23,1726236122,ETH
TX8123,W623,W568,1.24,1726236123,ETH
TX8124,W624,W605,1.25,1726236124,ETH
TX8125,W625,W642,1.26,1726236125,ETH
TX8126,W626,W679,1.27,1726236126,ETH
TX8127,W627,W716,1.28,1726236127,ETH
TX8128,W628,W753,1.29,1726236128,ETH
TX8129,W629,W790,1.3,1726236129,ETH
TX8130,W630,W827,1.31,1726236130,ETH
TX8131,W631,W864,1.32,1726236131,ETH
TX8132,W632,W901,1.33,1726236132,ETH
TX8133,W633,W938,1.34,1726236133,ETH
TX8134,W634,W975,1.35,1726236134,ETH
TX8135,W635,W1012,1.36,1726236135,ETH
TX8136,W636,W1049,1.37,1726236136,ETH
TX8137,W637,W1086,1.38,1726236137,ETH
TX8138,W638,W1123,1.39,1726236138,ETH
TX8139,W639,W1160,1.4,1726236139,ETH
TX8140,W640,W1197,1.41,1726236140,ETH
TX8141,W641,W1234,1.42,1726236141,ETH
TX8142,W642,W1271,1.43,1726236142,ETH
TX8143,W643,W1308,1.44,1726236143,ETH
TX8144,W644,W1345,1.45,1726236144,ETH
TX8145,W645,W1382,1.46,1726236145,ETH
TX8146,W646,W1419,1.47,1726236146,ETH
TX8147,W647,W1456,1.48,1726236147,ETH
TX8148,W648,W1493,1.49,1726236148,ETH
TX8149,W649,W1530,1.5,1726236149,ETH
TX8150,W650,W1567,1.51,1726236150,ETH
TX8151,W651,W1604,1.52,1726236151,ETH
TX8152,W652,W1641,1.53,1726236152,ETH
TX8153,W653,W1678,1.54,1726236153,ETH
TX8154,W654,W1715,1.55,1726236154,ETH
TX8155,W655,W1752,1.56,1726236155,ETH
TX8156,W656,W1789,1.57,1726236156,ETH
TX8157,W657,W1826,1.58,1726236157,ETH
TX8158,W658,W1863,1.59,1726236158,ETH
TX8159,W659,W1900,1.6,1726236159,ETH
TX8160,W660,W1937,1.61,1726236160,ETH
TX8161,W661,W1974,1.62,1726236161,ETH
TX8162,W662,W2011,1.63,1726236162,ETH
TX8163,W663,W2048,1.64,1726236163,ETH
TX8164,W664,W2085,1.65,1726236164,ETH
TX8165,W665,W2122,1.66,1726236165,ETH
TX8166,W666,W2159,1.67,1726236166,ETH
TX8167,W667,W2196,1.68,1726236167,ETH
TX8168,W668,W2233,1.69,1726236168,ETH
TX8169,W669,W2270,1.7,1726236169,ETH
TX8170,W670,W2307,1.71,1726236170,ETH
TX8171,W671,W2344,1.72,1726236171,ETH
TX8172,W672,W2381,1.73,1726236172,ETH
TX8173,W673,W2418,1.74,1726236173,ETH
TX8174,W674,W2455,1.75,1726236174,ETH
TX8175,W675,W2492,1.76,1726236175,ETH
TX8176,W676,W29,1.77,1726236176,ETH
TX8177,W677,W66,1.78,1726236177,ETH
TX8178,W678,W103,1.79,1726236178,ETH
TX8179,W679,W140,1.8,1726236179,ETH
TX8180,W680,W177,1.81,1726236180,ETH
TX8181,W681,W214,1.82,1726236181,ETH
TX8182,W682,W251,1.83,1726236182,ETH
TX8183,W683,W288,1.84,1726236183,ETH
TX8184,W684,W325,1.85,1726236184,ETH
TX8185,W685,W362,1.86,1726236185,ETH
TX8186,W686,W399,1.87,1726236186,ETH
TX8187,W687,W436,1.88,1726236187,ETH
TX8188,W688,W473,1.89,1726236188,ETH
TX8189,W689,W510,1.9,1726236189,ETH
TX8190,W690,W547,1.91,1726236190,ETH
TX8191,W691,W584,1.92,1726236191,ETH
TX8192,W692,W621,1.93,1726236192,ETH
TX8193,W693,W658,1.94,1726236193,ETH
TX8194,W694,W695,1.95,1726236194,ETH
TX8195,W695,W732,1.96,1726236195,ETH
TX8196,W696,W769,1.97,1726236196,ETH
TX8197,W697,W806,1.98,1726236197,ETH
TX8198,W698,W843,1.99,1726236198,ETH
TX8199,W699,W880,2,1726236199,ETH
TX8200,W700,W917,2.01,1726236200,ETH
TX8201,W701,W954,2.02,1726236201,ETH
TX8202,W702,W991,2.03,1726236202,ETH
TX8203,W703,W1028,2.04,1726236203,ETH
TX8204,W704,W1065,2.05,1726236204,ETH
TX8205,W705,W1102,2.06,1726236205,ETH
TX8206,W706,W1139,2.07,1726236206,ETH
TX8207,W707,W1176,2.08,1726236207,ETH
TX8208,W708,W1213,2.09,1726236208,ETH
TX8209,W709,W1250,2.1,1726236209,ETH
TX8210,W710,W1287,2.11,1726236210,ETH
TX8211,W711,W1324,2.12,1726236211,ETH
TX8212,W712,W1361,2.13,1726236212,ETH
TX8213,W713,W1398,2.14,1726236213,ETH
TX8214,W714,W1435,2.15,1726236214,ETH
TX8215,W715,W1472,2.16,1726236215,ETH
TX8216,W716,W1509,2.17,1726236216,ETH
TX8217,W717,W1546,2.18,1726236217,ETH
TX8218,W718,W1583,2.19,1726236218,ETH
TX8219,W719,W1620,2.2,1726236219,ETH
TX8220,W720,W1657,2.21,1726236220,ETH
TX8221,W721,W1694,2.22,1726236221,ETH
TX8222,W722,W1731,2.23,1726236222,ETH
TX8223,W723,W1768,2.24,1726236223,ETH
TX8224,W724,W1805,2.25,1726236224,ETH
TX8225,W725,W1842,2.26,1726236225,ETH
TX8226,W726,W1879,2.27,1726236226,ETH
TX8227,W727,W1916,2.28,1726236227,ETH
TX8228,W728,W1953,2.29,1726236228,ETH
TX8229,W729,W1990,2.3,1726236229,ETH
TX8230,W730,W2027,2.31,1726236230,ETH
TX8231,W731,W2064,2.32,1726236231,ETH
TX8232,W732,W2101,2.33,1726236232,ETH
TX8233,W733,W2138,2.34,1726236233,ETH
TX8234,W734,W2175,2.35,1726236234,ETH
TX8235,W735,W2212,2.36,1726236235,ETH
TX8236,W736,W2249,2.37,1726236236,ETH
TX8237,W737,W2286,2.38,1726236237,ETH
TX8238,W738,W2323,2.39,1726236238,ETH
TX8239,W739,W2360,2.4,1726236239,ETH
TX8240,W740,W2397,2.41,1726236240,ETH
TX8241,W741,W2434,2.42,1726236241,ETH
TX8242,W742,W2471,2.43,1726236242,ETH
TX8243,W743,W8,2.44,1726236243,ETH
TX8244,W744,W45,2.45,1726236244,ETH
TX8245,W745,W82,2.46,1726236245,ETH
TX8246,W746,W119,2.47,1726236246,ETH
TX8247,W747,W156,2.48,1726236247,ETH
TX8248,W748,W193,2.49,1726236248,ETH
TX8249,W749,W230,2.5,1726236249,ETH
TX8250,W750,W267,2.51,1726236250,ETH
TX8251,W751,W304,2.52,1726236251,ETH
TX8252,W752,W341,2.53,1726236252,ETH
TX8253,W753,W378,2.54,1726236253,ETH
TX8254,W754,W415,2.55,1726236254,ETH
TX8255,W755,W452,2.56,1726236255,ETH
TX8256,W756,W489,2.57,1726236256,ETH
TX8257,W757,W526,2.58,1726236257,ETH
TX8258,W758,W563,2.59,1726236258,ETH
TX8259,W759,W600,2.6,1726236259,ETH
TX8260,W760,W637,2.61,1726236260,ETH
TX8261,W761,W674,2.62,1726236261,ETH
TX8262,W762,W711,2.63,1726236262,ETH
TX8263,W763,W748,2.64,1726236263,ETH
TX8264,W764,W785,2.65,1726236264,ETH
TX8265,W765,W822,2.66,1726236265,ETH
TX8266,W766,W859,2.67,1726236266,ETH
TX8267,W767,W896,2.68,1726236267,ETH
TX8268,W768,W933,2.69,1726236268,ETH
TX8269,W769,W970,2.7,1726236269,ETH
TX8270,W770,W1007,2.71,1726236270,ETH
TX8271,W771,W1044,2.72,1726236271,ETH
TX8272,W772,W1081,2.73,1726236272,ETH
TX8273,W773,W1118,2.74,1726236273,ETH
TX8274,W774,W1155,2.75,1726236274,ETH
TX8275,W775,W1192,2.76,1726236275,ETH
TX8276,W776,W1229,2.77,1726236276,ETH
TX8277,W777,W1266,2.78,1726236277,ETH
TX8278,W778,W1303,2.79,1726236278,ETH
TX8279,W779,W1340,2.8,1726236279,ETH
TX8280,W780,W1377,2.81,1726236280,ETH
TX8281,W781,W1414,2.82,1726236281,ETH
TX8282,W782,W1451,2.83,1726236282,ETH
TX8283,W783,W1488,2.84,1726236283,ETH
TX8284,W784,W1525,2.85,1726236284,ETH
TX8285,W785,W1562,2.86,1726236285,ETH
TX8286,W786,W1599,2.87,1726236286,ETH
TX8287,W787,W1636,2.88,1726236287,ETH
TX8288,W788,W1673,2.89,1726236288,ETH
TX8289,W789,W1710,2.9,1726236289,ETH
TX8290,W790,W1747,2.91,1726236290,ETH
TX8291,W791,W1784,2.92,1726236291,ETH
TX8292,W792,W1821,2.93,1726236292,ETH
TX8293,W793,W1858,2.94,1726236293,ETH
TX8294,W794,W1895,2.95,1726236294,ETH
TX8295,W795,W1932,2.96,1726236295,ETH
TX8296,W796,W1969,2.97,1726236296,ETH
TX8297,W797,W2006,2.98,1726236297,ETH
TX8298,W798,W2043,2.99,1726236298,ETH
TX8299,W799,W2080,3,1726236299,ETH
TX8300,W800,W2117,3.01,1726236300,ETH
TX8301,W801,W2154,3.02,1726236301,ETH
TX8302,W802,W2191,3.03,1726236302,ETH
TX8303,W803,W2228,3.04,1726236303,ETH
TX8304,W804,W2265,3.05,1726236304,ETH
TX8305,W805,W2302,3.06,1726236305,ETH
TX8306,W806,W2339,3.07,1726236306,ETH
TX8307,W807,W2376,3.08,1726236307,ETH
TX8308,W808,W2413,3.09,1726236308,ETH
TX8309,W809,W2450,3.1,1726236309,ETH
TX8310,W810,W2487,3.11,1726236310,ETH
TX8311,W811,W24,3.12,1726236311,ETH
TX8312,W812,W61,3.13,1726236312,ETH
TX8313,W813,W98,3.14,1726236313,ETH
TX8314,W814,W135,3.15,1726236314,ETH
TX8315,W815,W172,3.16,1726236315,ETH
TX8316,W816,W209,3.17,1726236316,ETH
TX8317,W817,W246,3.18,1726236317,ETH
TX8318,W818,W283,3.19,1726236318,ETH
TX8319,W819,W320,3.2,1726236319,ETH
TX8320,W820,W357,3.21,1726236320,ETH
TX8321,W821,W394,3.22,1726236321,ETH
TX8322,W822,W431,3.23,1726236322,ETH
TX8323,W823,W468,3.24,1726236323,ETH
TX8324,W824,W505,3.25,1726236324,ETH
TX8325,W825,W542,3.26,1726236325,ETH
TX8326,W826,W579,3.27,1726236326,ETH
TX8327,W827,W616,3.28,1726236327,ETH
TX8328,W828,W653,3.29,1726236328,ETH
TX8329,W829,W690,3.3,1726236329,ETH
TX8330,W830,W727,3.31,1726236330,ETH
TX8331,W831,W764,3.32,1726236331,ETH
TX8332,W832,W801,3.33,1726236332,ETH
TX8333,W833,W838,3.34,1726236333,ETH
TX8334,W834,W875,3.35,1726236334,ETH
TX8335,W835,W912,3.36,1726236335,ETH
TX8336,W836,W949,3.37,1726236336,ETH
TX8337,W837,W986,3.38,1726236337,ETH
TX8338,W838,W1023,3.39,1726236338,ETH
TX8339,W839,W1060,3.4,1726236339,ETH
TX8340,W840,W1097,3.41,1726236340,ETH
TX8341,W841,W1134,3.42,1726236341,ETH
TX8342,W842,W1171,3.43,1726236342,ETH
TX8343,W843,W1208,3.44,1726236343,ETH
TX8344,W844,W1245,3.45,1726236344,ETH
TX8345,W845,W1282,3.46,1726236345,ETH
TX8346,W846,W1319,3.47,1726236346,ETH
TX8347,W847,W1356,3.48,1726236347,ETH
TX8348,W848,W1393,3.49,1726236348,ETH
TX8349,W849,W1430,3.5,1726236349,ETH
TX8350,W850,W1467,3.51,1726236350,ETH
TX8351,W851,W1504,3.52,1726236351,ETH
TX8352,W852,W1541,3.53,1726236352,ETH
TX8353,W853,W1578,3.54,1726236353,ETH
TX8354,W854,W1615,3.55,1726236354,ETH
TX8355,W855,W1652,3.56,1726236355,ETH
TX8356,W856,W1689,3.57,1726236356,ETH
TX8357,W857,W1726,3.58,1726236357,ETH
TX8358,W858,W1763,3.59,1726236358,ETH
TX8359,W859,W1800,3.6,1726236359,ETH
TX8360,W860,W1837,3.61,1726236360,ETH
TX8361,W861,W1874,3.62,1726236361,ETH
TX8362,W862,W1911,3.63,1726236362,ETH
TX8363,W863,W1948,3.64,1726236363,ETH
TX8364,W864,W1985,3.65,1726236364,ETH
TX8365,W865,W2022,3.66,1726236365,ETH
TX8366,W866,W2059,3.67,1726236366,ETH
TX8367,W867,W2096,3.68,1726236367,ETH
TX8368,W868,W2133,3.69,1726236368,ETH
TX8369,W869,W2170,3.7,1726236369,ETH
TX8370,W870,W2207,3.71,1726236370,ETH
TX8371,W871,W2244,3.72,1726236371,ETH
TX8372,W872,W2281,3.73,1726236372,ETH
TX8373,W873,W2318,3.74,1726236373,ETH
TX8374,W874,W2355,3.75,1726236374,ETH
TX8375,W875,W2392,3.76,1726236375,ETH
TX8376,W876,W2429,3.77,1726236376,ETH
TX8377,W877,W2466,3.78,1726236377,ETH
TX8378,W878,W3,3.79,1726236378,ETH
TX8379,W879,W40,3.8,1726236379,ETH
TX8380,W880,W77,3.81,1726236380,ETH
TX8381,W881,W114,3.82,1726236381,ETH
TX8382,W882,W151,3.83,1726236382,ETH
TX8383,W883,W188,3.84,1726236383,ETH
TX8384,W884,W225,3.85,1726236384,ETH
TX8385,W885,W262,3.86,1726236385,ETH
TX8386,W886,W299,3.87,1726236386,ETH
TX8387,W887,W336,3.88,1726236387,ETH
TX8388,W888,W373,3.89,1726236388,ETH
TX8389,W889,W410,3.9,1726236389,ETH
TX8390,W890,W447,3.91,1726236390,ETH
TX8391,W891,W484,3.92,1726236391,ETH
TX8392,W892,W521,3.93,1726236392,ETH
TX8393,W893,W558,3.94,1726236393,ETH
TX8394,W894,W595,3.95,1726236394,ETH
TX8395,W895,W632,3.96,1726236395,ETH
TX8396,W896,W669,3.97,1726236396,ETH
TX8397,W897,W706,3.98,1726236397,ETH
TX8398,W898,W743,3.99,1726236398,ETH
TX8399,W899,W780,4,1726236399,ETH
TX8400,W900,W817,4.01,1726236400,ETH
TX8401,W901,W854,4.02,1726236401,ETH
TX8402,W902,W891,4.03,1726236402,ETH
TX8403,W903,W928,4.04,1726236403,ETH
TX8404,W904,W965,4.05,1726236404,ETH
TX8405,W905,W1002,4.06,1726236405,ETH
TX8406,W906,W1039,4.07,1726236406,ETH
TX8407,W907,W1076,4.08,1726236407,ETH
TX8408,W908,W1113,4.09,1726236408,ETH
TX8409,W909,W1150,4.1,1726236409,ETH
TX8410,W910,W1187,4.11,1726236410,ETH
TX8411,W911,W1224,4.12,1726236411,ETH
TX8412,W912,W1261,4.13,1726236412,ETH
TX8413,W913,W1298,4.14,1726236413,ETH
TX8414,W914,W1335,4.15,1726236414,ETH
TX8415,W915,W1372,4.16,1726236415,ETH
TX8416,W916,W1409,4.17,1726236416,ETH
TX8417,W917,W1446,4.18,1726236417,ETH
TX8418,W918,W1483,4.19,1726236418,ETH
TX8419,W919,W1520,4.2,1726236419,ETH
TX8420,W920,W1557,4.21,1726236420,ETH
TX8421,W921,W1594,4.22,1726236421,ETH
TX8422,W922,W1631,4.23,1726236422,ETH
TX8423,W923,W1668,4.24,1726236423,ETH
TX8424,W924,W1705,4.25,1726236424,ETH
TX8425,W925,W1742,4.26,1726236425,ETH
TX8426,W926,W1779,4.27,1726236426,ETH
TX8427,W927,W1816,4.28,1726236427,ETH
TX8428,W928,W1853,4.29,1726236428,ETH
TX8429,W929,W1890,4.3,1726236429,ETH
TX8430,W930,W1927,4.31,1726236430,ETH
TX8431,W931,W1964,4.32,1726236431,ETH
TX8432,W932,W2001,4.33,1726236432,ETH
TX8433,W933,W2038,4.34,1726236433,ETH
TX8434,W934,W2075,4.35,1726236434,ETH
TX8435,W935,W2112,4.36,1726236435,ETH
TX8436,W936,W2149,4.37,1726236436,ETH
TX8437,W937,W2186,4.38,1726236437,ETH
TX8438,W938,W2223,4.39,1726236438,ETH
TX8439,W939,W2260,4.4,1726236439,ETH
TX8440,W940,W2297,4.41,1726236440,ETH
TX8441,W941,W2334,4.42,1726236441,ETH
TX8442,W942,W2371,4.43,1726236442,ETH
TX8443,W943,W2408,4.44,1726236443,ETH
TX8444,W944,W2445,4.45,1726236444,ETH
TX8445,W945,W2482,4.46,1726236445,ETH
TX8446,W946,W19,4.47,1726236446,ETH
TX8447,W947,W56,4.48,1726236447,ETH
TX8448,W948,W93,4.49,1726236448,ETH
TX8449,W949,W130,4.5,1726236449,ETH
TX8450,W950,W167,4.51,1726236450,ETH
TX8451,W951,W204,4.52,1726236451,ETH
TX8452,W952,W241,4.53,1726236452,ETH
TX8453,W953,W278,4.54,1726236453,ETH
TX8454,W954,W315,4.55,1726236454,ETH
TX8455,W955,W352,4.56,1726236455,ETH
TX8456,W956,W389,4.57,1726236456,ETH
TX8457,W957,W426,4.58,1726236457,ETH
TX8458,W958,W463,4.59,1726236458,ETH
TX8459,W959,W500,4.6,1726236459,ETH
TX8460,W960,W537,4.61,1726236460,ETH
TX8461,W961,W574,4.62,1726236461,ETH
TX8462,W962,W611,4.63,1726236462,ETH
TX8463,W963,W648,4.64,1726236463,ETH
TX8464,W964,W685,4.65,1726236464,ETH
TX8465,W965,W722,4.66,1726236465,ETH
TX8466,W966,W759,4.67,1726236466,ETH
TX8467,W967,W796,4.68,1726236467,ETH
TX8468,W968,W833,4.69,1726236468,ETH
TX8469,W969,W870,4.7,1726236469,ETH
TX8470,W970,W907,4.71,1726236470,ETH
TX8471,W971,W944,4.72,1726236471,ETH
TX8472,W972,W981,4.73,1726236472,ETH
TX8473,W973,W1018,4.74,1726236473,ETH
TX8474,W974,W1055,4.75,1726236474,ETH
TX8475,W975,W1092,4.76,1726236475,ETH
TX8476,W976,W1129,4.77,1726236476,ETH
TX8477,W977,W1166,4.78,1726236477,ETH
TX8478,W978,W1203,4.79,1726236478,ETH
TX8479,W979,W1240,4.8,1726236479,ETH
TX8480,W980,W1277,4.81,1726236480,ETH
TX8481,W981,W1314,4.82,1726236481,ETH
TX8482,W982,W1351,4.83,1726236482,ETH
TX8483,W983,W1388,4.84,1726236483,ETH
TX8484,W984,W1425,4.85,1726236484,ETH
TX8485,W985,W1462,4.86,1726236485,ETH
TX8486,W986,W1499,4.87,1726236486,ETH
TX8487,W987,W1536,4.88,1726236487,ETH
TX8488,W988,W1573,4.89,1726236488,ETH
TX8489,W989,W1610,4.9,1726236489,ETH
TX8490,W990,W1647,4.91,1726236490,ETH
TX8491,W991,W1684,4.92,1726236491,ETH
TX8492,W992,W1721,4.93,1726236492,ETH
TX8493,W993,W1758,4.94,1726236493,ETH
TX8494,W994,W1795,4.95,1726236494,ETH
TX8495,W995,W1832,4.96,1726236495,ETH
TX8496,W996,W1869,4.97,1726236496,ETH
TX8497,W997,W1906,4.98,1726236497,ETH
TX8498,W998,W1943,4.99,1726236498,ETH
TX8499,W999,W1980,5,1726236499,ETH
TX8500,W1000,W2017,5.01,1726236500,ETH
TX8501,W1001,W2054,5.02,1726236501,ETH
TX8502,W1002,W2091,5.03,1726236502,ETH
TX8503,W1003,W2128,5.04,1726236503,ETH
TX8504,W1004,W2165,5.05,1726236504,ETH
TX8505,W1005,W2202,5.06,1726236505,ETH
TX8506,W1006,W2239,5.07,1726236506,ETH
TX8507,W1007,W2276,5.08,1726236507,ETH
TX8508,W1008,W2313,5.09,1726236508,ETH
TX8509,W1009,W2350,5.1,1726236509,ETH
TX8510,W1010,W2387,5.11,1726236510,ETH
TX8511,W1011,W2424,5.12,1726236511,ETH
TX8512,W1012,W2461,5.13,1726236512,ETH
TX8513,W1013,W2498,5.14,1726236513,ETH
TX8514,W1014,W35,5.15,1726236514,ETH
TX8515,W1015,W72,5.16,1726236515,ETH
TX8516,W1016,W109,5.17,1726236516,ETH
TX8517,W1017,W146,5.18,1726236517,ETH
TX8518,W1018,W183,5.19,1726236518,ETH
TX8519,W1019,W220,5.2,1726236519,ETH
TX8520,W1020,W257,5.21,1726236520,ETH
TX8521,W1021,W294,5.22,1726236521,ETH
TX8522,W1022,W331,5.23,1726236522,ETH
TX8523,W1023,W368,5.24,1726236523,ETH
TX8524,W1024,W405,5.25,1726236524,ETH
TX8525,W1025,W442,5.26,1726236525,ETH
TX8526,W1026,W479,5.27,1726236526,ETH
TX8527,W1027,W516,5.28,1726236527,ETH
TX8528,W1028,W553,5.29,1726236528,ETH
TX8529,W1029,W590,5.3,1726236529,ETH
TX8530,W1030,W627,5.31,1726236530,ETH
TX8531,W1031,W664,5.32,1726236531,ETH
TX8532,W1032,W701,5.33,1726236532,ETH
TX8533,W1033,W738,5.34,1726236533,ETH
TX8534,W1034,W775,5.35,1726236534,ETH
TX8535,W1035,W812,5.36,1726236535,ETH
TX8536,W1036,W849,5.37,1726236536,ETH
TX8537,W1037,W886,5.38,1726236537,ETH
TX8538,W1038,W923,5.39,1726236538,ETH
TX8539,W1039,W960,5.4,1726236539,ETH
TX8540,W1040,W997,5.41,1726236540,ETH
TX8541,W1041,W1034,5.42,1726236541,ETH
TX8542,W1042,W1071,5.43,1726236542,ETH
TX8543,W1043,W1108,5.44,1726236543,ETH
TX8544,W1044,W1145,5.45,1726236544,ETH
TX8545,W1045,W1182,5.46,1726236545,ETH
TX8546,W1046,W1219,5.47,1726236546,ETH
TX8547,W1047,W1256,5.48,1726236547,ETH
TX8548,W1048,W1293,5.49,1726236548,ETH
TX8549,W1049,W1330,5.5,1726236549,ETH
TX8550,W1050,W1367,5.51,1726236550,ETH
TX8551,W1051,W1404,5.52,1726236551,ETH
TX8552,W1052,W1441,5.53,1726236552,ETH
TX8553,W1053,W1478,5.54,1726236553,ETH
TX8554,W1054,W1515,5.55,1726236554,ETH
TX8555,W1055,W1552,5.56,1726236555,ETH
TX8556,W1056,W1589,5.57,1726236556,ETH
TX8557,W1057,W1626,5.58,1726236557,ETH
TX8558,W1058,W1663,5.59,1726236558,ETH
TX8559,W1059,W1700,5.6,1726236559,ETH
TX8560,W1060,W1737,5.61,1726236560,ETH
TX8561,W1061,W1774,5.62,1726236561,ETH
TX8562,W1062,W1811,5.63,1726236562,ETH
TX8563,W1063,W1848,5.64,1726236563,ETH
TX8564,W1064,W1885,5.65,1726236564,ETH
TX8565,W1065,W1922,5.66,1726236565,ETH
TX8566,W1066,W1959,5.67,1726236566,ETH
TX8567,W1067,W1996,5.68,1726236567,ETH
TX8568,W1068,W2033,5.69,1726236568,ETH
TX8569,W1069,W2070,5.7,1726236569,ETH
TX8570,W1070,W2107,5.71,1726236570,ETH
TX8571,W1071,W2144,5.72,1726236571,ETH
TX8572,W1072,W2181,5.73,1726236572,ETH
TX8573,W1073,W2218,5.74,1726236573,ETH
TX8574,W1074,W2255,5.75,1726236574,ETH
TX8575,W1075,W2292,5.76,1726236575,ETH
TX8576,W1076,W2329,5.77,1726236576,ETH
TX8577,W1077,W2366,5.78,1726236577,ETH
TX8578,W1078,W2403,5.79,1726236578,ETH
TX8579,W1079,W2440,5.8,1726236579,ETH
TX8580,W1080,W2477,5.81,1726236580,ETH
TX8581,W1081,W14,5.82,1726236581,ETH
TX8582,W1082,W51,5.83,1726236582,ETH
TX8583,W1083,W88,5.84,1726236583,ETH
TX8584,W1084,W125,5.85,1726236584,ETH
TX8585,W1085,W162,5.86,1726236585,ETH
TX8586,W1086,W199,5.87,1726236586,ETH
TX8587,W1087,W236,5.88,1726236587,ETH
TX8588,W1088,W273,5.89,1726236588,ETH
TX8589,W1089,W310,5.9,1726236589,ETH
TX8590,W1090,W347,5.91,1726236590,ETH
TX8591,W1091,W384,5.92,1726236591,ETH
TX8592,W1092,W421,5.93,1726236592,ETH
TX8593,W1093,W458,5.94,1726236593,ETH
TX8594,W1094,W495,5.95,1726236594,ETH
TX8595,W1095,W532,5.96,1726236595,ETH
TX8596,W1096,W569,5.97,1726236596,ETH
TX8597,W1097,W606,5.98,1726236597,ETH
TX8598,W1098,W643,5.99,1726236598,ETH
TX8599,W1099,W680,6,1726236599,ETH
TX8600,W1100,W717,6.01,1726236600,ETH
TX8601,W1101,W754,6.02,1726236601,ETH
TX8602,W1102,W791,6.03,1726236602,ETH
TX8603,W1103,W828,6.04,1726236603,ETH
TX8604,W1104,W865,6.05,1726236604,ETH
TX8605,W1105,W902,6.06,1726236605,ETH
TX8606,W1106,W939,6.07,1726236606,ETH
TX8607,W1107,W976,6.08,1726236607,ETH
TX8608,W1108,W1013,6.09,1726236608,ETH
TX8609,W1109,W1050,6.1,1726236609,ETH
TX8610,W1110,W1087,6.11,1726236610,ETH
TX8611,W1111,W1124,6.12,1726236611,ETH
TX8612,W1112,W1161,6.13,1726236612,ETH
TX8613,W1113,W1198,6.14,1726236613,ETH
TX8614,W1114,W1235,6.15,1726236614,ETH
TX8615,W1115,W1272,6.16,1726236615,ETH
TX8616,W1116,W1309,6.17,1726236616,ETH
TX8617,W1117,W1346,6.18,1726236617,ETH
TX8618,W1118,W1383,6.19,1726236618,ETH
TX8619,W1119,W1420,6.2,1726236619,ETH
TX8620,W1120,W1457,6.21,1726236620,ETH
TX8621,W1121,W1494,6.22,1726236621,ETH
TX8622,W1122,W1531,6.23,1726236622,ETH
TX8623,W1123,W1568,6.24,1726236623,ETH
TX8624,W1124,W1605,6.25,1726236624,ETH
TX8625,W1125,W1642,6.26,1726236625,ETH
TX8626,W1126,W1679,6.27,1726236626,ETH
TX8627,W1127,W1716,6.28,1726236627,ETH
TX8628,W1128,W1753,6.29,1726236628,ETH
TX8629,W1129,W1790,6.3,1726236629,ETH
TX8630,W1130,W1827,6.31,1726236630,ETH
TX8631,W1131,W1864,6.32,1726236631,ETH
TX8632,W1132,W1901,6.33,1726236632,ETH
TX8633,W1133,W1938,6.34,1726236633,ETH
TX8634,W1134,W1975,6.35,1726236634,ETH
TX8635,W1135,W2012,6.36,1726236635,ETH
TX8636,W1136,W2049,6.37,1726236636,ETH
TX8637,W1137,W2086,6.38,1726236637,ETH
TX8638,W1138,W2123,6.39,1726236638,ETH
TX8639,W1139,W2160,6.4,1726236639,ETH
TX8640,W1140,W2197,6.41,1726236640,ETH
TX8641,W1141,W2234,6.42,1726236641,ETH
TX8642,W1142,W2271,6.43,1726236642,ETH
TX8643,W1143,W2308,6.44,1726236643,ETH
TX8644,W1144,W2345,6.45,1726236644,ETH
TX8645,W1145,W2382,6.46,1726236645,ETH
TX8646,W1146,W2419,6.47,1726236646,ETH
TX8647,W1147,W2456,6.48,1726236647,ETH
TX8648,W1148,W2493,6.49,1726236648,ETH
TX8649,W1149,W30,6.5,1726236649,ETH
TX8650,W1150,W67,6.51,1726236650,ETH
TX8651,W1151,W104,6.52,1726236651,ETH
TX8652,W1152,W141,6.53,1726236652,ETH
TX8653,W1153,W178,6.54,1726236653,ETH
TX8654,W1154,W215,6.55,1726236654,ETH
TX8655,W1155,W252,6.56,1726236655,ETH
TX8656,W1156,W289,6.57,1726236656,ETH
TX8657,W1157,W326,6.58,1726236657,ETH
TX8658,W1158,W363,6.59,1726236658,ETH
TX8659,W1159,W400,6.6,1726236659,ETH
TX8660,W1160,W437,6.61,1726236660,ETH
TX8661,W1161,W474,6.62,1726236661,ETH
TX8662,W1162,W511,6.63,1726236662,ETH
TX8663,W1163,W548,6.64,1726236663,ETH
TX8664,W1164,W585,6.65,1726236664,ETH
TX8665,W1165,W622,6.66,1726236665,ETH
TX8666,W1166,W659,6.67,1726236666,ETH
TX8667,W1167,W696,6.68,1726236667,ETH
TX8668,W1168,W733,6.69,1726236668,ETH
TX8669,W1169,W770,6.7,1726236669,ETH
TX8670,W1170,W807,6.71,1726236670,ETH
TX8671,W1171,W844,6.72,1726236671,ETH
TX8672,W1172,W881,6.73,1726236672,ETH
TX8673,W1173,W918,6.74,1726236673,ETH
TX8674,W1174,W955,6.75,1726236674,ETH
TX8675,W1175,W992,6.76,1726236675,ETH
TX8676,W1176,W1029,6.77,1726236676,ETH
TX8677,W1177,W1066,6.78,1726236677,ETH
TX8678,W1178,W1103,6.79,1726236678,ETH
TX8679,W1179,W1140,6.8,1726236679,ETH
TX8680,W1180,W1177,6.81,1726236680,ETH
TX8681,W1181,W1214,6.82,1726236681,ETH
TX8682,W1182,W1251,6.83,1726236682,ETH
TX8683,W1183,W1288,6.84,1726236683,ETH
TX8684,W1184,W1325,6.85,1726236684,ETH
TX8685,W1185,W1362,6.86,1726236685,ETH
TX8686,W1186,W1399,6.87,1726236686,ETH
TX8687,W1187,W1436,6.88,1726236687,ETH
TX8688,W1188,W1473,6.89,1726236688,ETH
TX8689,W1189,W1510,6.9,1726236689,ETH
TX8690,W1190,W1547,6.91,1726236690,ETH
TX8691,W1191,W1584,6.92,1726236691,ETH
TX8692,W1192,W1621,6.93,1726236692,ETH
TX8693,W1193,W1658,6.94,1726236693,ETH
TX8694,W1194,W1695,6.95,1726236694,ETH
TX8695,W1195,W1732,6.96,1726236695,ETH
TX8696,W1196,W1769,6.97,1726236696,ETH
TX8697,W1197,W1806,6.98,1726236697,ETH
TX8698,W1198,W1843,6.99,1726236698,ETH
TX8699,W1199,W1880,7,1726236699,ETH
TX8700,W1200,W1917,7.01,1726236700,ETH
TX8701,W1201,W1954,7.02,1726236701,ETH
TX8702,W1202,W1991,7.03,1726236702,ETH
TX8703,W1203,W2028,7.04,1726236703,ETH
TX8704,W1204,W2065,7.05,1726236704,ETH
TX8705,W1205,W2102,7.06,1726236705,ETH
TX8706,W1206,W2139,7.07,1726236706,ETH
TX8707,W1207,W2176,7.08,1726236707,ETH
TX8708,W1208,W2213,7.09,1726236708,ETH
TX8709,W1209,W2250,7.1,1726236709,ETH
TX8710,W1210,W2287,7.11,1726236710,ETH
TX8711,W1211,W2324,7.12,1726236711,ETH
TX8712,W1212,W2361,7.13,1726236712,ETH
TX8713,W1213,W2398,7.14,1726236713,ETH
TX8714,W1214,W2435,7.15,1726236714,ETH
TX8715,W1215,W2472,7.16,1726236715,ETH
TX8716,W1216,W9,7.17,1726236716,ETH
TX8717,W1217,W46,7.18,1726236717,ETH
TX8718,W1218,W83,7.19,1726236718,ETH
TX8719,W1219,W120,7.2,1726236719,ETH
TX8720,W1220,W157,7.21,1726236720,ETH
TX8721,W1221,W194,7.22,1726236721,ETH
TX8722,W1222,W231,7.23,1726236722,ETH
TX8723,W1223,W268,7.24,1726236723,ETH
TX8724,W1224,W305,7.25,1726236724,ETH
TX8725,W1225,W342,7.26,1726236725,ETH
TX8726,W1226,W379,7.27,1726236726,ETH
TX8727,W1227,W416,7.28,1726236727,ETH
TX8728,W1228,W453,7.29,1726236728,ETH
TX8729,W1229,W490,7.3,1726236729,ETH
TX8730,W1230,W527,7.31,1726236730,ETH
TX8731,W1231,W564,7.32,1726236731,ETH
TX8732,W1232,W601,7.33,1726236732,ETH
TX8733,W1233,W638,7.34,1726236733,ETH
TX8734,W1234,W675,7.35,1726236734,ETH
TX8735,W1235,W712,7.36,1726236735,ETH
TX8736,W1236,W749,7.37,1726236736,ETH
TX8737,W1237,W786,7.38,1726236737,ETH
TX8738,W1238,W823,7.39,1726236738,ETH
TX8739,W1239,W860,7.4,1726236739,ETH
TX8740,W1240,W897,7.41,1726236740,ETH
TX8741,W1241,W934,7.42,1726236741,ETH
TX8742,W1242,W971,7.43,1726236742,ETH
TX8743,W1243,W1008,7.44,1726236743,ETH
TX8744,W1244,W1045,7.45,1726236744,ETH
TX8745,W1245,W1082,7.46,1726236745,ETH
TX8746,W1246,W1119,7.47,1726236746,ETH
TX8747,W1247,W1156,7.48,1726236747,ETH
TX8748,W1248,W1193,7.49,1726236748,ETH
TX8749,W1249,W1230,7.5,1726236749,ETH
TX8750,W1250,W1267,7.51,1726236750,ETH
TX8751,W1251,W1304,7.52,1726236751,ETH
TX8752,W1252,W1341,7.53,1726236752,ETH
TX8753,W1253,W1378,7.54,1726236753,ETH
TX8754,W1254,W1415,7.55,1726236754,ETH
TX8755,W1255,W1452,7.56,1726236755,ETH
TX8756,W1256,W1489,7.57,1726236756,ETH
TX8757,W1257,W1526,7.58,1726236757,ETH
TX8758,W1258,W1563,7.59,1726236758,ETH
TX8759,W1259,W1600,7.6,1726236759,ETH
TX8760,W1260,W1637,7.61,1726236760,ETH
TX8761,W1261,W1674,7.62,1726236761,ETH
TX8762,W1262,W1711,7.63,1726236762,ETH
TX8763,W1263,W1748,7.64,1726236763,ETH
TX8764,W1264,W1785,7.65,1726236764,ETH
TX8765,W1265,W1822,7.66,1726236765,ETH
TX8766,W1266,W1859,7.67,1726236766,ETH
TX8767,W1267,W1896,7.68,1726236767,ETH
TX8768,W1268,W1933,7.69,1726236768,ETH
TX8769,W1269,W1970,7.7,1726236769,ETH
TX8770,W1270,W2007,7.71,1726236770,ETH
TX8771,W1271,W2044,7.72,1726236771,ETH
TX8772,W1272,W2081,7.73,1726236772,ETH
TX8773,W1273,W2118,7.74,1726236773,ETH
TX8774,W1274,W2155,7.75,1726236774,ETH
TX8775,W1275,W2192,7.76,1726236775,ETH
TX8776,W1276,W2229,7.77,1726236776,ETH
TX8777,W1277,W2266,7.78,1726236777,ETH
TX8778,W1278,W2303,7.79,1726236778,ETH
TX8779,W1279,W2340,7.8,1726236779,ETH
TX8780,W1280,W2377,7.81,1726236780,ETH
TX8781,W1281,W2414,7.82,1726236781,ETH
TX8782,W1282,W2451,7.83,1726236782,ETH
TX8783,W1283,W2488,7.84,1726236783,ETH
TX8784,W1284,W25,7.85,1726236784,ETH
TX8785,W1285,W62,7.86,1726236785,ETH
TX8786,W1286,W99,7.87,1726236786,ETH
TX8787,W1287,W136,7.88,1726236787,ETH
TX8788,W1288,W173,7.89,1726236788,ETH
TX8789,W1289,W210,7.9,1726236789,ETH
TX8790,W1290,W247,7.91,1726236790,ETH
TX8791,W1291,W284,7.92,1726236791,ETH
TX8792,W1292,W321,7.93,1726236792,ETH
TX8793,W1293,W358,7.94,1726236793,ETH
TX8794,W1294,W395,7.95,1726236794,ETH
TX8795,W1295,W432,7.96,1726236795,ETH
TX8796,W1296,W469,7.97,1726236796,ETH
TX8797,W1297,W506,7.98,1726236797,ETH
TX8798,W1298,W543,7.99,1726236798,ETH
TX8799,W1299,W580,8,1726236799,ETH
TX8800,W1300,W617,8.01,1726236800,ETH
TX8801,W1301,W654,8.02,1726236801,ETH
TX8802,W1302,W691,8.03,1726236802,ETH
TX8803,W1303,W728,8.04,1726236803,ETH
TX8804,W1304,W765,8.05,1726236804,ETH
TX8805,W1305,W802,8.06,1726236805,ETH
TX8806,W1306,W839,8.07,1726236806,ETH
TX8807,W1307,W876,8.08,1726236807,ETH
TX8808,W1308,W913,8.09,1726236808,ETH
TX8809,W1309,W950,8.1,1726236809,ETH
TX8810,W1310,W987,8.11,1726236810,ETH
TX8811,W1311,W1024,8.12,1726236811,ETH
TX8812,W1312,W1061,8.13,1726236812,ETH
TX8813,W1313,W1098,8.14,1726236813,ETH
TX8814,W1314,W1135,8.15,1726236814,ETH
TX8815,W1315,W1172,8.16,1726236815,ETH
TX8816,W1316,W1209,8.17,1726236816,ETH
TX8817,W1317,W1246,8.18,1726236817,ETH
TX8818,W1318,W1283,8.19,1726236818,ETH
TX8819,W1319,W1320,8.2,1726236819,ETH
TX8820,W1320,W1357,8.21,1726236820,ETH
TX8821,W1321,W1394,8.22,1726236821,ETH
TX8822,W1322,W1431,8.23,1726236822,ETH
TX8823,W1323,W1468,8.24,1726236823,ETH
TX8824,W1324,W1505,8.25,1726236824,ETH
TX8825,W1325,W1542,8.26,1726236825,ETH
TX8826,W1326,W1579,8.27,1726236826,ETH
TX8827,W1327,W1616,8.28,1726236827,ETH
TX8828,W1328,W1653,8.29,1726236828,ETH
TX8829,W1329,W1690,8.3,1726236829,ETH
TX8830,W1330,W1727,8.31,1726236830,ETH
TX8831,W1331,W1764,8.32,1726236831,ETH
TX8832,W1332,W1801,8.33,1726236832,ETH
TX8833,W1333,W1838,8.34,1726236833,ETH
TX8834,W1334,W1875,8.35,1726236834,ETH
TX8835,W1335,W1912,8.36,1726236835,ETH
TX8836,W1336,W1949,8.37,1726236836,ETH
TX8837,W1337,W1986,8.38,1726236837,ETH
TX8838,W1338,W2023,8.39,1726236838,ETH
TX8839,W1339,W2060,8.4,1726236839,ETH
TX8840,W1340,W2097,8.41,1726236840,ETH
TX8841,W1341,W2134,8.42,1726236841,ETH
TX8842,W1342,W2171,8.43,1726236842,ETH
TX8843,W1343,W2208,8.44,1726236843,ETH
TX8844,W1344,W2245,8.45,1726236844,ETH
TX8845,W1345,W2282,8.46,1726236845,ETH
TX8846,W1346,W2319,8.47,1726236846,ETH
TX8847,W1347,W2356,8.48,1726236847,ETH
TX8848,W1348,W2393,8.49,1726236848,ETH
TX8849,W1349,W2430,8.5,1726236849,ETH
TX8850,W1350,W2467,8.51,1726236850,ETH
TX8851,W1351,W4,8.52,1726236851,ETH
TX8852,W1352,W41,8.53,1726236852,ETH
TX8853,W1353,W78,8.54,1726236853,ETH
TX8854,W1354,W115,8.55,1726236854,ETH
TX8855,W1355,W152,8.56,1726236855,ETH
TX8856,W1356,W189,8.57,1726236856,ETH
TX8857,W1357,W226,8.58,1726236857,ETH
TX8858,W1358,W263,8.59,1726236858,ETH
TX8859,W1359,W300,8.6,1726236859,ETH
TX8860,W1360,W337,8.61,1726236860,ETH
TX8861,W1361,W374,8.62,1726236861,ETH
TX8862,W1362,W411,8.63,1726236862,ETH
TX8863,W1363,W448,8.64,1726236863,ETH
TX8864,W1364,W485,8.65,1726236864,ETH
TX8865,W1365,W522,8.66,1726236865,ETH
TX8866,W1366,W559,8.67,1726236866,ETH
TX8867,W1367,W596,8.68,1726236867,ETH
TX8868,W1368,W633,8.69,1726236868,ETH
TX8869,W1369,W670,8.7,1726236869,ETH
TX8870,W1370,W707,8.71,1726236870,ETH
TX8871,W1371,W744,8.72,1726236871,ETH
TX8872,W1372,W781,8.73,1726236872,ETH
TX8873,W1373,W818,8.74,1726236873,ETH
TX8874,W1374,W855,8.75,1726236874,ETH
TX8875,W1375,W892,8.76,1726236875,ETH
TX8876,W1376,W929,8.77,1726236876,ETH
TX8877,W1377,W966,8.78,1726236877,ETH
TX8878,W1378,W1003,8.79,1726236878,ETH
TX8879,W1379,W1040,8.8,1726236879,ETH
TX8880,W1380,W1077,8.81,1726236880,ETH
TX8881,W1381,W1114,8.82,1726236881,ETH
TX8882,W1382,W1151,8.83,1726236882,ETH
TX8883,W1383,W1188,8.84,1726236883,ETH
TX8884,W1384,W1225,8.85,1726236884,ETH
TX8885,W1385,W1262,8.86,1726236885,ETH
TX8886,W1386,W1299,8.87,1726236886,ETH
TX8887,W1387,W1336,8.88,1726236887,ETH
TX8888,W1388,W1373,8.89,1726236888,ETH
TX8889,W1389,W1410,8.9,1726236889,ETH
TX8890,W1390,W1447,8.91,1726236890,ETH
TX8891,W1391,W1484,8.92,1726236891,ETH
TX8892,W1392,W1521,8.93,1726236892,ETH
TX8893,W1393,W1558,8.94,1726236893,ETH
TX8894,W1394,W1595,8.95,1726236894,ETH
TX8895,W1395,W1632,8.96,1726236895,ETH
TX8896,W1396,W1669,8.97,1726236896,ETH
TX8897,W1397,W1706,8.98,1726236897,ETH
TX8898,W1398,W1743,8.99,1726236898,ETH
TX8899,W1399,W1780,9,1726236899,ETH
TX8900,W1400,W1817,9.01,1726236900,ETH
TX8901,W1401,W1854,9.02,1726236901,ETH
TX8902,W1402,W1891,9.03,1726236902,ETH
TX8903,W1403,W1928,9.04,1726236903,ETH
TX8904,W1404,W1965,9.05,1726236904,ETH
TX8905,W1405,W2002,9.06,1726236905,ETH
TX8906,W1406,W2039,9.07,1726236906,ETH
TX8907,W1407,W2076,9.08,1726236907,ETH
TX8908,W1408,W2113,9.09,1726236908,ETH
TX8909,W1409,W2150,9.1,1726236909,ETH
TX8910,W1410,W2187,9.11,1726236910,ETH
TX8911,W1411,W2224,9.12,1726236911,ETH
TX8912,W1412,W2261,9.13,1726236912,ETH
TX8913,W1413,W2298,9.14,1726236913,ETH
TX8914,W1414,W2335,9.15,1726236914,ETH
TX8915,W1415,W2372,9.16,1726236915,ETH
TX8916,W1416,W2409,9.17,1726236916,ETH
TX8917,W1417,W2446,9.18,1726236917,ETH
TX8918,W1418,W2483,9.19,1726236918,ETH
TX8919,W1419,W20,9.2,1726236919,ETH
TX8920,W1420,W57,9.21,1726236920,ETH
TX8921,W1421,W94,9.22,1726236921,ETH
TX8922,W1422,W131,9.23,1726236922,ETH
TX8923,W1423,W168,9.24,1726236923,ETH
TX8924,W1424,W205,9.25,1726236924,ETH
TX8925,W1425,W242,9.26,1726236925,ETH
TX8926,W1426,W279,9.27,1726236926,ETH
TX8927,W1427,W316,9.28,1726236927,ETH
TX8928,W1428,W353,9.29,1726236928,ETH
TX8929,W1429,W390,9.3,1726236929,ETH
TX8930,W1430,W427,9.31,1726236930,ETH
TX8931,W1431,W464,9.32,1726236931,ETH
TX8932,W1432,W501,9.33,1726236932,ETH
TX8933,W1433,W538,9.34,1726236933,ETH
TX8934,W1434,W575,9.35,1726236934,ETH
TX8935,W1435,W612,9.36,1726236935,ETH
TX8936,W1436,W649,9.37,1726236936,ETH
TX8937,W1437,W686,9.38,1726236937,ETH
TX8938,W1438,W723,9.39,1726236938,ETH
TX8939,W1439,W760,9.4,1726236939,ETH
TX8940,W1440,W797,9.41,1726236940,ETH
TX8941,W1441,W834,9.42,1726236941,ETH
TX8942,W1442,W871,9.43,1726236942,ETH
TX8943,W1443,W908,9.44,1726236943,ETH
TX8944,W1444,W945,9.45,1726236944,ETH
TX8945,W1445,W982,9.46,1726236945,ETH
TX8946,W1446,W1019,9.47,1726236946,ETH
TX8947,W1447,W1056,9.48,1726236947,ETH
TX8948,W1448,W1093,9.49,1726236948,ETH
TX8949,W1449,W1130,9.5,1726236949,ETH
TX8950,W1450,W1167,9.51,1726236950,ETH
TX8951,W1451,W1204,9.52,1726236951,ETH
TX8952,W1452,W1241,9.53,1726236952,ETH
TX8953,W1453,W1278,9.54,1726236953,ETH
TX8954,W1454,W1315,9.55,1726236954,ETH
TX8955,W1455,W1352,9.56,1726236955,ETH
TX8956,W1456,W1389,9.57,1726236956,ETH
TX8957,W1457,W1426,9.58,1726236957,ETH
TX8958,W1458,W1463,9.59,1726236958,ETH
TX8959,W1459,W1500,9.6,1726236959,ETH
TX8960,W1460,W1537,9.61,1726236960,ETH
TX8961,W1461,W1574,9.62,1726236961,ETH
TX8962,W1462,W1611,9.63,1726236962,ETH
TX8963,W1463,W1648,9.64,1726236963,ETH
TX8964,W1464,W1685,9.65,1726236964,ETH
TX8965,W1465,W1722,9.66,1726236965,ETH
TX8966,W1466,W1759,9.67,1726236966,ETH
TX8967,W1467,W1796,9.68,1726236967,ETH
TX8968,W1468,W1833,9.69,1726236968,ETH
TX8969,W1469,W1870,9.7,1726236969,ETH
TX8970,W1470,W1907,9.71,1726236970,ETH
TX8971,W1471,W1944,9.72,1726236971,ETH
TX8972,W1472,W1981,9.73,1726236972,ETH
TX8973,W1473,W2018,9.74,1726236973,ETH
TX8974,W1474,W2055,9.75,1726236974,ETH
TX8975,W1475,W2092,9.76,1726236975,ETH
TX8976,W1476,W2129,9.77,1726236976,ETH
TX8977,W1477,W2166,9.78,1726236977,ETH
TX8978,W1478,W2203,9.79,1726236978,ETH
TX8979,W1479,W2240,9.8,1726236979,ETH
TX8980,W1480,W2277,9.81,1726236980,ETH
TX8981,W1481,W2314,9.82,1726236981,ETH
TX8982,W1482,W2351,9.83,1726236982,ETH
TX8983,W1483,W2388,9.84,1726236983,ETH
TX8984,W1484,W2425,9.85,1726236984,ETH
TX8985,W1485,W2462,9.86,1726236985,ETH
TX8986,W1486,W2499,9.87,1726236986,ETH
TX8987,W1487,W36,9.88,1726236987,ETH
TX8988,W1488,W73,9.89,1726236988,ETH
TX8989,W1489,W110,9.9,1726236989,ETH
TX8990,W1490,W147,9.91,1726236990,ETH
TX8991,W1491,W184,9.92,1726236991,ETH
TX8992,W1492,W221,9.93,1726236992,ETH
TX8993,W1493,W258,9.94,1726236993,ETH
TX8994,W1494,W295,9.95,1726236994,ETH
TX8995,W1495,W332,9.96,1726236995,ETH
TX8996,W1496,W369,9.97,1726236996,ETH
TX8997,W1497,W406,9.98,1726236997,ETH
TX8998,W1498,W443,9.99,1726236998,ETH
TX8999,W1499,W480,10,1726236999,ETH
TX9000,W1500,W517,0.01,1726237000,ETH
TX9001,W1501,W554,0.02,1726237001,ETH
TX9002,W1502,W591,0.03,1726237002,ETH
TX9003,W1503,W628,0.04,1726237003,ETH
TX9004,W1504,W665,0.05,1726237004,ETH
TX9005,W1505,W702,0.06,1726237005,ETH
TX9006,W1506,W739,0.07,1726237006,ETH
TX9007,W1507,W776,0.08,1726237007,ETH
TX9008,W1508,W813,0.09,1726237008,ETH
TX9009,W1509,W850,0.1,1726237009,ETH
TX9010,W1510,W887,0.11,1726237010,ETH
TX9011,W1511,W924,0.12,1726237011,ETH
TX9012,W1512,W961,0.13,1726237012,ETH
TX9013,W1513,W998,0.14,1726237013,ETH
TX9014,W1514,W1035,0.15,1726237014,ETH
TX9015,W1515,W1072,0.16,1726237015,ETH
TX9016,W1516,W1109,0.17,1726237016,ETH
TX9017,W1517,W1146,0.18,1726237017,ETH
TX9018,W1518,W1183,0.19,1726237018,ETH
TX9019,W1519,W1220,0.2,1726237019,ETH
TX9020,W1520,W1257,0.21,1726237020,ETH
TX9021,W1521,W1294,0.22,1726237021,ETH
TX9022,W1522,W1331,0.23,1726237022,ETH
TX9023,W1523,W1368,0.24,1726237023,ETH
TX9024,W1524,W1405,0.25,1726237024,ETH
TX9025,W1525,W1442,0.26,1726237025,ETH
TX9026,W1526,W1479,0.27,1726237026,ETH
TX9027,W1527,W1516,0.28,1726237027,ETH
TX9028,W1528,W1553,0.29,1726237028,ETH
TX9029,W1529,W1590,0.3,1726237029,ETH
TX9030,W1530,W1627,0.31,1726237030,ETH
TX9031,W1531,W1664,0.32,1726237031,ETH
TX9032,W1532,W1701,0.33,1726237032,ETH
TX9033,W1533,W1738,0.34,1726237033,ETH
TX9034,W1534,W1775,0.35,1726237034,ETH
TX9035,W1535,W1812,0.36,1726237035,ETH
TX9036,W1536,W1849,0.37,1726237036,ETH
TX9037,W1537,W1886,0.38,1726237037,ETH
TX9038,W1538,W1923,0.39,1726237038,ETH
TX9039,W1539,W1960,0.4,1726237039,ETH
TX9040,W1540,W1997,0.41,1726237040,ETH
TX9041,W1541,W2034,0.42,1726237041,ETH
TX9042,W1542,W2071,0.43,1726237042,ETH
TX9043,W1543,W2108,0.44,1726237043,ETH
TX9044,W1544,W2145,0.45,1726237044,ETH
TX9045,W1545,W2182,0.46,1726237045,ETH
TX9046,W1546,W2219,0.47,1726237046,ETH
TX9047,W1547,W2256,0.48,1726237047,ETH
TX9048,W1548,W2293,0.49,1726237048,ETH
TX9049,W1549,W2330,0.5,1726237049,ETH
TX9050,W1550,W2367,0.51,1726237050,ETH
TX9051,W1551,W2404,0.52,1726237051,ETH
TX9052,W1552,W2441,0.53,1726237052,ETH
TX9053,W1553,W2478,0.54,1726237053,ETH
TX9054,W1554,W15,0.55,1726237054,ETH
TX9055,W1555,W52,0.56,1726237055,ETH
TX9056,W1556,W89,0.57,1726237056,ETH
TX9057,W1557,W126,0.58,1726237057,ETH
TX9058,W1558,W163,0.59,1726237058,ETH
TX9059,W1559,W200,0.6,1726237059,ETH
TX9060,W1560,W237,0.61,1726237060,ETH
TX9061,W1561,W274,0.62,1726237061,ETH
TX9062,W1562,W311,0.63,1726237062,ETH
TX9063,W1563,W348,0.64,1726237063,ETH
TX9064,W1564,W385,0.65,1726237064,ETH
TX9065,W1565,W422,0.66,1726237065,ETH
TX9066,W1566,W459,0.67,1726237066,ETH
TX9067,W1567,W496,0.68,1726237067,ETH
TX9068,W1568,W533,0.69,1726237068,ETH
TX9069,W1569,W570,0.7,1726237069,ETH
TX9070,W1570,W607,0.71,1726237070,ETH
TX9071,W1571,W644,0.72,1726237071,ETH
TX9072,W1572,W681,0.73,1726237072,ETH
TX9073,W1573,W718,0.74,1726237073,ETH
TX9074,W1574,W755,0.75,1726237074,ETH
TX9075,W1575,W792,0.76,1726237075,ETH
TX9076,W1576,W829,0.77,1726237076,ETH
TX9077,W1577,W866,0.78,1726237077,ETH
TX9078,W1578,W903,0.79,1726237078,ETH
TX9079,W1579,W940,0.8,1726237079,ETH
TX9080,W1580,W977,0.81,1726237080,ETH
TX9081,W1581,W1014,0.82,1726237081,ETH
TX9082,W1582,W1051,0.83,1726237082,ETH
TX9083,W1583,W1088,0.84,1726237083,ETH
TX9084,W1584,W1125,0.85,1726237084,ETH
TX9085,W1585,W1162,0.86,1726237085,ETH
TX9086,W1586,W1199,0.87,1726237086,ETH
TX9087,W1587,W1236,0.88,1726237087,ETH
TX9088,W1588,W1273,0.89,1726237088,ETH
TX9089,W1589,W1310,0.9,1726237089,ETH
TX9090,W1590,W1347,0.91,1726237090,ETH
TX9091,W1591,W1384,0.92,1726237091,ETH
TX9092,W1592,W1421,0.93,1726237092,ETH
TX9093,W1593,W1458,0.94,1726237093,ETH
TX9094,W1594,W1495,0.95,1726237094,ETH
TX9095,W1595,W1532,0.96,1726237095,ETH
TX9096,W1596,W1569,0.97,1726237096,ETH
TX9097,W1597,W1606,0.98,1726237097,ETH
TX9098,W1598,W1643,0.99,1726237098,ETH
TX9099,W1599,W1680,1,1726237099,ETH
TX9100,W1600,W1717,1.01,1726237100,ETH
TX9101,W1601,W1754,1.02,1726237101,ETH
TX9102,W1602,W1791,1.03,1726237102,ETH
TX9103,W1603,W1828,1.04,1726237103,ETH
TX9104,W1604,W1865,1.05,1726237104,ETH
TX9105,W1605,W1902,1.06,1726237105,ETH
TX9106,W1606,W1939,1.07,1726237106,ETH
TX9107,W1607,W1976,1.08,1726237107,ETH
TX9108,W1608,W2013,1.09,1726237108,ETH
TX9109,W1609,W2050,1.1,1726237109,ETH
TX9110,W1610,W2087,1.11,1726237110,ETH
TX9111,W1611,W2124,1.12,1726237111,ETH
TX9112,W1612,W2161,1.13,1726237112,ETH
TX9113,W1613,W2198,1.14,1726237113,ETH
TX9114,W1614,W2235,1.15,1726237114,ETH
TX9115,W1615,W2272,1.16,1726237115,ETH
TX9116,W1616,W2309,1.17,1726237116,ETH
TX9117,W1617,W2346,1.18,1726237117,ETH
TX9118,W1618,W2383,1.19,1726237118,ETH
TX9119,W1619,W2420,1.2,1726237119,ETH
TX9120,W1620,W2457,1.21,1726237120,ETH
TX9121,W1621,W2494,1.22,1726237121,ETH
TX9122,W1622,W31,1.23,1726237122,ETH
TX9123,W1623,W68,1.24,1726237123,ETH
TX9124,W1624,W105,1.25,1726237124,ETH
TX9125,W1625,W142,1.26,1726237125,ETH
TX9126,W1626,W179,1.27,1726237126,ETH
TX9127,W1627,W216,1.28,1726237127,ETH
TX9128,W1628,W253,1.29,1726237128,ETH
TX9129,W1629,W290,1.3,1726237129,ETH
TX9130,W1630,W327,1.31,1726237130,ETH
TX9131,W1631,W364,1.32,1726237131,ETH
TX9132,W1632,W401,1.33,1726237132,ETH
TX9133,W1633,W438,1.34,1726237133,ETH
TX9134,W1634,W475,1.35,1726237134,ETH
TX9135,W1635,W512,1.36,1726237135,ETH
TX9136,W1636,W549,1.37,1726237136,ETH
TX9137,W1637,W586,1.38,1726237137,ETH
TX9138,W1638,W623,1.39,1726237138,ETH
TX9139,W1639,W660,1.4,1726237139,ETH
TX9140,W1640,W697,1.41,1726237140,ETH
TX9141,W1641,W734,1.42,1726237141,ETH
TX9142,W1642,W771,1.43,1726237142,ETH
TX9143,W1643,W808,1.44,1726237143,ETH
TX9144,W1644,W845,1.45,1726237144,ETH
TX9145,W1645,W882,1.46,1726237145,ETH
TX9146,W1646,W919,1.47,1726237146,ETH
TX9147,W1647,W956,1.48,1726237147,ETH
TX9148,W1648,W993,1.49,1726237148,ETH
TX9149,W1649,W1030,1.5,1726237149,ETH
TX9150,W1650,W1067,1.51,1726237150,ETH
TX9151,W1651,W1104,1.52,1726237151,ETH
TX9152,W1652,W1141,1.53,1726237152,ETH
TX9153,W1653,W1178,1.54,1726237153,ETH
TX9154,W1654,W1215,1.55,1726237154,ETH
TX9155,W1655,W1252,1.56,1726237155,ETH
TX9156,W1656,W1289,1.57,1726237156,ETH
TX9157,W1657,W1326,1.58,1726237157,ETH
TX9158,W1658,W1363,1.59,1726237158,ETH
TX9159,W1659,W1400,1.6,1726237159,ETH
TX9160,W1660,W1437,1.61,1726237160,ETH
TX9161,W1661,W1474,1.62,1726237161,ETH
TX9162,W1662,W1511,1.63,1726237162,ETH
TX9163,W1663,W1548,1.64,1726237163,ETH
TX9164,W1664,W1585,1.65,1726237164,ETH
TX9165,W1665,W1622,1.66,1726237165,ETH
TX9166,W1666,W1659,1.67,1726237166,ETH
TX9167,W1667,W1696,1.68,1726237167,ETH
TX9168,W1668,W1733,1.69,1726237168,ETH
TX9169,W1669,W1770,1.7,1726237169,ETH
TX9170,W1670,W1807,1.71,1726237170,ETH
TX9171,W1671,W1844,1.72,1726237171,ETH
TX9172,W1672,W1881,1.73,1726237172,ETH
TX9173,W1673,W1918,1.74,1726237173,ETH
TX9174,W1674,W1955,1.75,1726237174,ETH
TX9175,W1675,W1992,1.76,1726237175,ETH
TX9176,W1676,W2029,1.77,1726237176,ETH
TX9177,W1677,W2066,1.78,1726237177,ETH
TX9178,W1678,W2103,1.79,1726237178,ETH
TX9179,W1679,W2140,1.8,1726237179,ETH
TX9180,W1680,W2177,1.81,1726237180,ETH
TX9181,W1681,W2214,1.82,1726237181,ETH
TX9182,W1682,W2251,1.83,1726237182,ETH
TX9183,W1683,W2288,1.84,1726237183,ETH
TX9184,W1684,W2325,1.85,1726237184,ETH
TX9185,W1685,W2362,1.86,1726237185,ETH
TX9186,W1686,W2399,1.87,1726237186,ETH
TX9187,W1687,W2436,1.88,1726237187,ETH
TX9188,W1688,W2473,1.89,1726237188,ETH
TX9189,W1689,W10,1.9,1726237189,ETH
TX9190,W1690,W47,1.91,1726237190,ETH
TX9191,W1691,W84,1.92,1726237191,ETH
TX9192,W1692,W121,1.93,1726237192,ETH
TX9193,W1693,W158,1.94,1726237193,ETH
TX9194,W1694,W195,1.95,1726237194,ETH
TX9195,W1695,W232,1.96,1726237195,ETH
TX9196,W1696,W269,1.97,1726237196,ETH
TX9197,W1697,W306,1.98,1726237197,ETH
TX9198,W1698,W343,1.99,1726237198,ETH
TX9199,W1699,W380,2,1726237199,ETH
TX9200,W1700,W417,2.01,1726237200,ETH
TX9201,W1701,W454,2.02,1726237201,ETH
TX9202,W1702,W491,2.03,1726237202,ETH
TX9203,W1703,W528,2.04,1726237203,ETH
TX9204,W1704,W565,2.05,1726237204,ETH
TX9205,W1705,W602,2.06,1726237205,ETH
TX9206,W1706,W639,2.07,1726237206,ETH
TX9207,W1707,W676,2.08,1726237207,ETH
TX9208,W1708,W713,2.09,1726237208,ETH
TX9209,W1709,W750,2.1,1726237209,ETH
TX9210,W1710,W787,2.11,1726237210,ETH
TX9211,W1711,W824,2.12,1726237211,ETH
TX9212,W1712,W861,2.13,1726237212,ETH
TX9213,W1713,W898,2.14,1726237213,ETH
TX9214,W1714,W935,2.15,1726237214,ETH
TX9215,W1715,W972,2.16,1726237215,ETH
TX9216,W1716,W1009,2.17,1726237216,ETH
TX9217,W1717,W1046,2.18,1726237217,ETH
TX9218,W1718,W1083,2.19,1726237218,ETH
TX9219,W1719,W1120,2.2,1726237219,ETH
TX9220,W1720,W1157,2.21,1726237220,ETH
TX9221,W1721,W1194,2.22,1726237221,ETH
TX9222,W1722,W1231,2.23,1726237222,ETH
TX9223,W1723,W1268,2.24,1726237223,ETH
TX9224,W1724,W1305,2.25,1726237224,ETH
TX9225,W1725,W1342,2.26,1726237225,ETH
TX9226,W1726,W1379,2.27,1726237226,ETH
TX9227,W1727,W1416,2.28,1726237227,ETH
TX9228,W1728,W1453,2.29,1726237228,ETH
TX9229,W1729,W1490,2.3,1726237229,ETH
TX9230,W1730,W1527,2.31,1726237230,ETH
TX9231,W1731,W1564,2.32,1726237231,ETH
TX9232,W1732,W1601,2.33,1726237232,ETH
TX9233,W1733,W1638,2.34,1726237233,ETH
TX9234,W1734,W1675,2.35,1726237234,ETH
TX9235,W1735,W1712,2.36,1726237235,ETH
TX9236,W1736,W1749,2.37,1726237236,ETH
TX9237,W1737,W1786,2.38,1726237237,ETH
TX9238,W1738,W1823,2.39,1726237238,ETH
TX9239,W1739,W1860,2.4,1726237239,ETH
TX9240,W1740,W1897,2.41,1726237240,ETH
TX9241,W1741,W1934,2.42,1726237241,ETH
TX9242,W1742,W1971,2.43,1726237242,ETH
TX9243,W1743,W2008,2.44,1726237243,ETH
TX9244,W1744,W2045,2.45,1726237244,ETH
TX9245,W1745,W2082,2.46,1726237245,ETH
TX9246,W1746,W2119,2.47,1726237246,ETH
TX9247,W1747,W2156,2.48,1726237247,ETH
TX9248,W1748,W2193,2.49,1726237248,ETH
TX9249,W1749,W2230,2.5,1726237249,ETH
TX9250,W1750,W2267,2.51,1726237250,ETH
TX9251,W1751,W2304,2.52,1726237251,ETH
TX9252,W1752,W2341,2.53,1726237252,ETH
TX9253,W1753,W2378,2.54,1726237253,ETH
TX9254,W1754,W2415,2.55,1726237254,ETH
TX9255,W1755,W2452,2.56,1726237255,ETH
TX9256,W1756,W2489,2.57,1726237256,ETH
TX9257,W1757,W26,2.58,1726237257,ETH
TX9258,W1758,W63,2.59,1726237258,ETH
TX9259,W1759,W100,2.6,1726237259,ETH
TX9260,W1760,W137,2.61,1726237260,ETH
TX9261,W1761,W174,2.62,1726237261,ETH
TX9262,W1762,W211,2.63,1726237262,ETH
TX9263,W1763,W248,2.64,1726237263,ETH
TX9264,W1764,W285,2.65,1726237264,ETH
TX9265,W1765,W322,2.66,1726237265,ETH
TX9266,W1766,W359,2.67,1726237266,ETH
TX9267,W1767,W396,2.68,1726237267,ETH
TX9268,W1768,W433,2.69,1726237268,ETH
TX9269,W1769,W470,2.7,1726237269,ETH
TX9270,W1770,W507,2.71,1726237270,ETH
TX9271,W1771,W544,2.72,1726237271,ETH
TX9272,W1772,W581,2.73,1726237272,ETH
TX9273,W1773,W618,2.74,1726237273,ETH
TX9274,W1774,W655,2.75,1726237274,ETH
TX9275,W1775,W692,2.76,1726237275,ETH
TX9276,W1776,W729,2.77,1726237276,ETH
TX9277,W1777,W766,2.78,1726237277,ETH
TX9278,W1778,W803,2.79,1726237278,ETH
TX9279,W1779,W840,2.8,1726237279,ETH
TX9280,W1780,W877,2.81,1726237280,ETH
TX9281,W1781,W914,2.82,1726237281,ETH
TX9282,W1782,W951,2.83,1726237282,ETH
TX9283,W1783,W988,2.84,1726237283,ETH
TX9284,W1784,W1025,2.85,1726237284,ETH
TX9285,W1785,W1062,2.86,1726237285,ETH
TX9286,W1786,W1099,2.87,1726237286,ETH
TX9287,W1787,W1136,2.88,1726237287,ETH
TX9288,W1788,W1173,2.89,1726237288,ETH
TX9289,W1789,W1210,2.9,1726237289,ETH
TX9290,W1790,W1247,2.91,1726237290,ETH
TX9291,W1791,W1284,2.92,1726237291,ETH
TX9292,W1792,W1321,2.93,1726237292,ETH
TX9293,W1793,W1358,2.94,1726237293,ETH
TX9294,W1794,W1395,2.95,1726237294,ETH
TX9295,W1795,W1432,2.96,1726237295,ETH
TX9296,W1796,W1469,2.97,1726237296,ETH
TX9297,W1797,W1506,2.98,1726237297,ETH
TX9298,W1798,W1543,2.99,1726237298,ETH
TX9299,W1799,W1580,3,1726237299,ETH
TX9300,W1800,W1617,3.01,1726237300,ETH
TX9301,W1801,W1654,3.02,1726237301,ETH
TX9302,W1802,W1691,3.03,1726237302,ETH
TX9303,W1803,W1728,3.04,1726237303,ETH
TX9304,W1804,W1765,3.05,1726237304,ETH
TX9305,W1805,W1802,3.06,1726237305,ETH
TX9306,W1806,W1839,3.07,1726237306,ETH
TX9307,W1807,W1876,3.08,1726237307,ETH
TX9308,W1808,W1913,3.09,1726237308,ETH
TX9309,W1809,W1950,3.1,1726237309,ETH
TX9310,W1810,W1987,3.11,1726237310,ETH
TX9311,W1811,W2024,3.12,1726237311,ETH
TX9312,W1812,W2061,3.13,1726237312,ETH
TX9313,W1813,W2098,3.14,1726237313,ETH
TX9314,W1814,W2135,3.15,1726237314,ETH
TX9315,W1815,W2172,3.16,1726237315,ETH
TX9316,W1816,W2209,3.17,1726237316,ETH
TX9317,W1817,W2246,3.18,1726237317,ETH
TX9318,W1818,W2283,3.19,1726237318,ETH
TX9319,W1819,W2320,3.2,1726237319,ETH
TX9320,W1820,W2357,3.21,1726237320,ETH
TX9321,W1821,W2394,3.22,1726237321,ETH
TX9322,W1822,W2431,3.23,1726237322,ETH
TX9323,W1823,W2468,3.24,1726237323,ETH
TX9324,W1824,W5,3.25,1726237324,ETH
TX9325,W1825,W42,3.26,1726237325,ETH
TX9326,W1826,W79,3.27,1726237326,ETH
TX9327,W1827,W116,3.28,1726237327,ETH
TX9328,W1828,W153,3.29,1726237328,ETH
TX9329,W1829,W190,3.3,1726237329,ETH
TX9330,W1830,W227,3.31,1726237330,ETH
TX9331,W1831,W264,3.32,1726237331,ETH
TX9332,W1832,W301,3.33,1726237332,ETH
TX9333,W1833,W338,3.34,1726237333,ETH
TX9334,W1834,W375,3.35,1726237334,ETH
TX9335,W1835,W412,3.36,1726237335,ETH
TX9336,W1836,W449,3.37,1726237336,ETH
TX9337,W1837,W486,3.38,1726237337,ETH
TX9338,W1838,W523,3.39,1726237338,ETH
TX9339,W1839,W560,3.4,1726237339,ETH
TX9340,W1840,W597,3.41,1726237340,ETH
TX9341,W1841,W634,3.42,1726237341,ETH
TX9342,W1842,W671,3.43,1726237342,ETH
TX9343,W1843,W708,3.44,1726237343,ETH
TX9344,W1844,W745,3.45,1726237344,ETH
TX9345,W1845,W782,3.46,1726237345,ETH
TX9346,W1846,W819,3.47,1726237346,ETH
TX9347,W1847,W856,3.48,1726237347,ETH
TX9348,W1848,W893,3.49,1726237348,ETH
TX9349,W1849,W930,3.5,1726237349,ETH
TX9350,W1850,W967,3.51,1726237350,ETH
TX9351,W1851,W1004,3.52,1726237351,ETH
TX9352,W1852,W1041,3.53,1726237352,ETH
TX9353,W1853,W1078,3.54,1726237353,ETH
TX9354,W1854,W1115,3.55,1726237354,ETH
TX9355,W1855,W1152,3.56,1726237355,ETH
TX9356,W1856,W1189,3.57,1726237356,ETH
TX9357,W1857,W1226,3.58,1726237357,ETH
TX9358,W1858,W1263,3.59,1726237358,ETH
TX9359,W1859,W1300,3.6,1726237359,ETH
TX9360,W1860,W1337,3.61,1726237360,ETH
TX9361,W1861,W1374,3.62,1726237361,ETH
TX9362,W1862,W1411,3.63,1726237362,ETH
TX9363,W1863,W1448,3.64,1726237363,ETH
TX9364,W1864,W1485,3.65,1726237364,ETH
TX9365,W1865,W1522,3.66,1726237365,ETH
TX9366,W1866,W1559,3.67,1726237366,ETH
TX9367,W1867,W1596,3.68,1726237367,ETH
TX9368,W1868,W1633,3.69,1726237368,ETH
TX9369,W1869,W1670,3.7,1726237369,ETH
TX9370,W1870,W1707,3.71,1726237370,ETH
TX9371,W1871,W1744,3.72,1726237371,ETH
TX9372,W1872,W1781,3.73,1726237372,ETH
TX9373,W1873,W1818,3.74,1726237373,ETH
TX9374,W1874,W1855,3.75,1726237374,ETH
TX9375,W1875,W1892,3.76,1726237375,ETH
TX9376,W1876,W1929,3.77,1726237376,ETH
TX9377,W1877,W1966,3.78,1726237377,ETH
TX9378,W1878,W2003,3.79,1726237378,ETH
TX9379,W1879,W2040,3.8,1726237379,ETH
TX9380,W1880,W2077,3.81,1726237380,ETH
TX9381,W1881,W2114,3.82,1726237381,ETH
TX9382,W1882,W2151,3.83,1726237382,ETH
TX9383,W1883,W2188,3.84,1726237383,ETH
TX9384,W1884,W2225,3.85,1726237384,ETH
TX9385,W1885,W2262,3.86,1726237385,ETH
TX9386,W1886,W2299,3.87,1726237386,ETH
TX9387,W1887,W2336,3.88,1726237387,ETH
TX9388,W1888,W2373,3.89,1726237388,ETH
TX9389,W1889,W2410,3.9,1726237389,ETH
TX9390,W1890,W2447,3.91,1726237390,ETH
TX9391,W1891,W2484,3.92,1726237391,ETH
TX9392,W1892,W21,3.93,1726237392,ETH
TX9393,W1893,W58,3.94,1726237393,ETH
TX9394,W1894,W95,3.95,1726237394,ETH
TX9395,W1895,W132,3.96,1726237395,ETH
TX9396,W1896,W169,3.97,1726237396,ETH
TX9397,W1897,W206,3.98,1726237397,ETH
TX9398,W1898,W243,3.99,1726237398,ETH
TX9399,W1899,W280,4,1726237399,ETH
TX9400,W1900,W317,4.01,1726237400,ETH
TX9401,W1901,W354,4.02,1726237401,ETH
TX9402,W1902,W391,4.03,1726237402,ETH
TX9403,W1903,W428,4.04,1726237403,ETH
TX9404,W1904,W465,4.05,1726237404,ETH
TX9405,W1905,W502,4.06,1726237405,ETH
TX9406,W1906,W539,4.07,1726237406,ETH
TX9407,W1907,W576,4.08,1726237407,ETH
TX9408,W1908,W613,4.09,1726237408,ETH
TX9409,W1909,W650,4.1,1726237409,ETH
TX9410,W1910,W687,4.11,1726237410,ETH
TX9411,W1911,W724,4.12,1726237411,ETH
TX9412,W1912,W761,4.13,1726237412,ETH
TX9413,W1913,W798,4.14,1726237413,ETH
TX9414,W1914,W835,4.15,1726237414,ETH
TX9415,W1915,W872,4.16,1726237415,ETH
TX9416,W1916,W909,4.17,1726237416,ETH
TX9417,W1917,W946,4.18,1726237417,ETH
TX9418,W1918,W983,4.19,1726237418,ETH
TX9419,W1919,W1020,4.2,1726237419,ETH
TX9420,W1920,W1057,4.21,1726237420,ETH
TX9421,W1921,W1094,4.22,1726237421,ETH
TX9422,W1922,W1131,4.23,1726237422,ETH
TX9423,W1923,W1168,4.24,1726237423,ETH
TX9424,W1924,W1205,4.25,1726237424,ETH
TX9425,W1925,W1242,4.26,1726237425,ETH
TX9426,W1926,W1279,4.27,1726237426,ETH
TX9427,W1927,W1316,4.28,1726237427,ETH
TX9428,W1928,W1353,4.29,1726237428,ETH
TX9429,W1929,W1390,4.3,1726237429,ETH
TX9430,W1930,W1427,4.31,1726237430,ETH
TX9431,W1931,W1464,4.32,1726237431,ETH
TX9432,W1932,W1501,4.33,1726237432,ETH
TX9433,W1933,W1538,4.34,1726237433,ETH
TX9434,W1934,W1575,4.35,1726237434,ETH
TX9435,W1935,W1612,4.36,1726237435,ETH
TX9436,W1936,W1649,4.37,1726237436,ETH
TX9437,W1937,W1686,4.38,1726237437,ETH
TX9438,W1938,W1723,4.39,1726237438,ETH
TX9439,W1939,W1760,4.4,1726237439,ETH
TX9440,W1940,W1797,4.41,1726237440,ETH
TX9441,W1941,W1834,4.42,1726237441,ETH
TX9442,W1942,W1871,4.43,1726237442,ETH
TX9443,W1943,W1908,4.44,1726237443,ETH
TX9444,W1944,W1945,4.45,1726237444,ETH
TX9445,W1945,W1982,4.46,1726237445,ETH
TX9446,W1946,W2019,4.47,1726237446,ETH
TX9447,W1947,W2056,4.48,1726237447,ETH
TX9448,W1948,W2093,4.49,1726237448,ETH
TX9449,W1949,W2130,4.5,1726237449,ETH
TX9450,W1950,W2167,4.51,1726237450,ETH
TX9451,W1951,W2204,4.52,1726237451,ETH
TX9452,W1952,W2241,4.53,1726237452,ETH
TX9453,W1953,W2278,4.54,1726237453,ETH
TX9454,W1954,W2315,4.55,1726237454,ETH
TX9455,W1955,W2352,4.56,1726237455,ETH
TX9456,W1956,W2389,4.57,1726237456,ETH
TX9457,W1957,W2426,4.58,1726237457,ETH
TX9458,W1958,W2463,4.59,1726237458,ETH
TX9459,W1959,W0,4.6,1726237459,ETH
TX9460,W1960,W37,4.61,1726237460,ETH
TX9461,W1961,W74,4.62,1726237461,ETH
TX9462,W1962,W111,4.63,1726237462,ETH
TX9463,W1963,W148,4.64,1726237463,ETH
TX9464,W1964,W185,4.65,1726237464,ETH
TX9465,W1965,W222,4.66,1726237465,ETH
TX9466,W1966,W259,4.67,1726237466,ETH
TX9467,W1967,W296,4.68,1726237467,ETH
TX9468,W1968,W333,4.69,1726237468,ETH
TX9469,W1969,W370,4.7,1726237469,ETH
TX9470,W1970,W407,4.71,1726237470,ETH
TX9471,W1971,W444,4.72,1726237471,ETH
TX9472,W1972,W481,4.73,1726237472,ETH
TX9473,W1973,W518,4.74,1726237473,ETH
TX9474,W1974,W555,4.75,1726237474,ETH
TX9475,W1975,W592,4.76,1726237475,ETH
TX9476,W1976,W629,4.77,1726237476,ETH
TX9477,W1977,W666,4.78,1726237477,ETH
TX9478,W1978,W703,4.79,1726237478,ETH
TX9479,W1979,W740,4.8,1726237479,ETH
TX9480,W1980,W777,4.81,1726237480,ETH
TX9481,W1981,W814,4.82,1726237481,ETH
TX9482,W1982,W851,4.83,1726237482,ETH
TX9483,W1983,W888,4.84,1726237483,ETH
TX9484,W1984,W925,4.85,1726237484,ETH
TX9485,W1985,W962,4.86,1726237485,ETH
TX9486,W1986,W999,4.87,1726237486,ETH
TX9487,W1987,W1036,4.88,1726237487,ETH
TX9488,W1988,W1073,4.89,1726237488,ETH
TX9489,W1989,W1110,4.9,1726237489,ETH
TX9490,W1990,W1147,4.91,1726237490,ETH
TX9491,W1991,W1184,4.92,1726237491,ETH
TX9492,W1992,W1221,4.93,1726237492,ETH
TX9493,W1993,W1258,4.94,1726237493,ETH
TX9494,W1994,W1295,4.95,1726237494,ETH
TX9495,W1995,W1332,4.96,1726237495,ETH
TX9496,W1996,W1369,4.97,1726237496,ETH
TX9497,W1997,W1406,4.98,1726237497,ETH
TX9498,W1998,W1443,4.99,1726237498,ETH
TX9499,W1999,W1480,5,1726237499,ETH
TX9500,W2000,W1517,5.01,1726237500,ETH
TX9501,W2001,W1554,5.02,1726237501,ETH
TX9502,W2002,W1591,5.03,1726237502,ETH
TX9503,W2003,W1628,5.04,1726237503,ETH
TX9504,W2004,W1665,5.05,1726237504,ETH
TX9505,W2005,W1702,5.06,1726237505,ETH
TX9506,W2006,W1739,5.07,1726237506,ETH
TX9507,W2007,W1776,5.08,1726237507,ETH
TX9508,W2008,W1813,5.09,1726237508,ETH
TX9509,W2009,W1850,5.1,1726237509,ETH
TX9510,W2010,W1887,5.11,1726237510,ETH
TX9511,W2011,W1924,5.12,1726237511,ETH
TX9512,W2012,W1961,5.13,1726237512,ETH
TX9513,W2013,W1998,5.14,1726237513,ETH
TX9514,W2014,W2035,5.15,1726237514,ETH
TX9515,W2015,W2072,5.16,1726237515,ETH
TX9516,W2016,W2109,5.17,1726237516,ETH
TX9517,W2017,W2146,5.18,1726237517,ETH
TX9518,W2018,W2183,5.19,1726237518,ETH
TX9519,W2019,W2220,5.2,1726237519,ETH
TX9520,W2020,W2257,5.21,1726237520,ETH
TX9521,W2021,W2294,5.22,1726237521,ETH
TX9522,W2022,W2331,5.23,1726237522,ETH
TX9523,W2023,W2368,5.24,1726237523,ETH
TX9524,W2024,W2405,5.25,1726237524,ETH
TX9525,W2025,W2442,5.26,1726237525,ETH
TX9526,W2026,W2479,5.27,1726237526,ETH
TX9527,W2027,W16,5.28,1726237527,ETH
TX9528,W2028,W53,5.29,1726237528,ETH
TX9529,W2029,W90,5.3,1726237529,ETH
TX9530,W2030,W127,5.31,1726237530,ETH
TX9531,W2031,W164,5.32,1726237531,ETH
TX9532,W2032,W201,5.33,1726237532,ETH
TX9533,W2033,W238,5.34,1726237533,ETH
TX9534,W2034,W275,5.35,1726237534,ETH
TX9535,W2035,W312,5.36,1726237535,ETH
TX9536,W2036,W349,5.37,1726237536,ETH
TX9537,W2037,W386,5.38,1726237537,ETH
TX9538,W2038,W423,5.39,1726237538,ETH
TX9539,W2039,W460,5.4,1726237539,ETH
TX9540,W2040,W497,5.41,1726237540,ETH
TX9541,W2041,W534,5.42,1726237541,ETH
TX9542,W2042,W571,5.43,1726237542,ETH
TX9543,W2043,W608,5.44,1726237543,ETH
TX9544,W2044,W645,5.45,1726237544,ETH
TX9545,W2045,W682,5.46,1726237545,ETH
TX9546,W2046,W719,5.47,1726237546,ETH
TX9547,W2047,W756,5.48,1726237547,ETH
TX9548,W2048,W793,5.49,1726237548,ETH
TX9549,W2049,W830,5.5,1726237549,ETH
TX9550,W2050,W867,5.51,1726237550,ETH
TX9551,W2051,W904,5.52,1726237551,ETH
TX9552,W2052,W941,5.53,1726237552,ETH
TX9553,W2053,W978,5.54,1726237553,ETH
TX9554,W2054,W1015,5.55,1726237554,ETH
TX9555,W2055,W1052,5.56,1726237555,ETH
TX9556,W2056,W1089,5.57,1726237556,ETH
TX9557,W2057,W1126,5.58,1726237557,ETH
TX9558,W2058,W1163,5.59,1726237558,ETH
TX9559,W2059,W1200,5.6,1726237559,ETH
TX9560,W2060,W1237,5.61,1726237560,ETH
TX9561,W2061,W1274,5.62,1726237561,ETH
TX9562,W2062,W1311,5.63,1726237562,ETH
TX9563,W2063,W1348,5.64,1726237563,ETH
TX9564,W2064,W1385,5.65,1726237564,ETH
TX9565,W2065,W1422,5.66,1726237565,ETH
TX9566,W2066,W1459,5.67,1726237566,ETH
TX9567,W2067,W1496,5.68,1726237567,ETH
TX9568,W2068,W1533,5.69,1726237568,ETH
TX9569,W2069,W1570,5.7,1726237569,ETH
TX9570,W2070,W1607,5.71,1726237570,ETH
TX9571,W2071,W1644,5.72,1726237571,ETH
TX9572,W2072,W1681,5.73,1726237572,ETH
TX9573,W2073,W1718,5.74,1726237573,ETH
TX9574,W2074,W1755,5.75,1726237574,ETH
TX9575,W2075,W1792,5.76,1726237575,ETH
TX9576,W2076,W1829,5.77,1726237576,ETH
TX9577,W2077,W1866,5.78,1726237577,ETH
TX9578,W2078,W1903,5.79,1726237578,ETH
TX9579,W2079,W1940,5.8,1726237579,ETH
TX9580,W2080,W1977,5.81,1726237580,ETH
TX9581,W2081,W2014,5.82,1726237581,ETH
TX9582,W2082,W2051,5.83,1726237582,ETH
TX9583,W2083,W2088,5.84,1726237583,ETH
TX9584,W2084,W2125,5.85,1726237584,ETH
TX9585,W2085,W2162,5.86,1726237585,ETH
TX9586,W2086,W2199,5.87,1726237586,ETH
TX9587,W2087,W2236,5.88,1726237587,ETH
TX9588,W2088,W2273,5.89,1726237588,ETH
TX9589,W2089,W2310,5.9,1726237589,ETH
TX9590,W2090,W2347,5.91,1726237590,ETH
TX9591,W2091,W2384,5.92,1726237591,ETH
TX9592,W2092,W2421,5.93,1726237592,ETH
TX9593,W2093,W2458,5.94,1726237593,ETH
TX9594,W2094,W2495,5.95,1726237594,ETH
TX9595,W2095,W32,5.96,1726237595,ETH
TX9596,W2096,W69,5.97,1726237596,ETH
TX9597,W2097,W106,5.98,1726237597,ETH
TX9598,W2098,W143,5.99,1726237598,ETH
TX9599,W2099,W180,6,1726237599,ETH
TX9600,W2100,W217,6.01,1726237600,ETH
TX9601,W2101,W254,6.02,1726237601,ETH
TX9602,W2102,W291,6.03,1726237602,ETH
TX9603,W2103,W328,6.04,1726237603,ETH
TX9604,W2104,W365,6.05,1726237604,ETH
TX9605,W2105,W402,6.06,1726237605,ETH
TX9606,W2106,W439,6.07,1726237606,ETH
TX9607,W2107,W476,6.08,1726237607,ETH
TX9608,W2108,W513,6.09,1726237608,ETH
TX9609,W2109,W550,6.1,1726237609,ETH
TX9610,W2110,W587,6.11,1726237610,ETH
TX9611,W2111,W624,6.12,1726237611,ETH
TX9612,W2112,W661,6.13,1726237612,ETH
TX9613,W2113,W698,6.14,1726237613,ETH
TX9614,W2114,W735,6.15,1726237614,ETH
TX9615,W2115,W772,6.16,1726237615,ETH
TX9616,W2116,W809,6.17,1726237616,ETH
TX9617,W2117,W846,6.18,1726237617,ETH
TX9618,W2118,W883,6.19,1726237618,ETH
TX9619,W2119,W920,6.2,1726237619,ETH
TX9620,W2120,W957,6.21,1726237620,ETH
TX9621,W2121,W994,6.22,1726237621,ETH
TX9622,W2122,W1031,6.23,1726237622,ETH
TX9623,W2123,W1068,6.24,1726237623,ETH
TX9624,W2124,W1105,6.25,1726237624,ETH
TX9625,W2125,W1142,6.26,1726237625,ETH
TX9626,W2126,W1179,6.27,1726237626,ETH
TX9627,W2127,W1216,6.28,1726237627,ETH
TX9628,W2128,W1253,6.29,1726237628,ETH
TX9629,W2129,W1290,6.3,1726237629,ETH
TX9630,W2130,W1327,6.31,1726237630,ETH
TX9631,W2131,W1364,6.32,1726237631,ETH
TX9632,W2132,W1401,6.33,1726237632,ETH
TX9633,W2133,W1438,6.34,1726237633,ETH
TX9634,W2134,W1475,6.35,1726237634,ETH
TX9635,W2135,W1512,6.36,1726237635,ETH
TX9636,W2136,W1549,6.37,1726237636,ETH
TX9637,W2137,W1586,6.38,1726237637,ETH
TX9638,W2138,W1623,6.39,1726237638,ETH
TX9639,W2139,W1660,6.4,1726237639,ETH
TX9640,W2140,W1697,6.41,1726237640,ETH
TX9641,W2141,W1734,6.42,1726237641,ETH
TX9642,W2142,W1771,6.43,1726237642,ETH
TX9643,W2143,W1808,6.44,1726237643,ETH
TX9644,W2144,W1845,6.45,1726237644,ETH
TX9645,W2145,W1882,6.46,1726237645,ETH
TX9646,W2146,W1919,6.47,1726237646,ETH
TX9647,W2147,W1956,6.48,1726237647,ETH
TX9648,W2148,W1993,6.49,1726237648,ETH
TX9649,W2149,W2030,6.5,1726237649,ETH
TX9650,W2150,W2067,6.51,1726237650,ETH
TX9651,W2151,W2104,6.52,1726237651,ETH
TX9652,W2152,W2141,6.53,1726237652,ETH
TX9653,W2153,W2178,6.54,1726237653,ETH
TX9654,W2154,W2215,6.55,1726237654,ETH
TX9655,W2155,W2252,6.56,1726237655,ETH
TX9656,W2156,W2289,6.57,1726237656,ETH
TX9657,W2157,W2326,6.58,1726237657,ETH
TX9658,W2158,W2363,6.59,1726237658,ETH
TX9659,W2159,W2400,6.6,1726237659,ETH
TX9660,W2160,W2437,6.61,1726237660,ETH
TX9661,W2161,W2474,6.62,1726237661,ETH
TX9662,W2162,W11,6.63,1726237662,ETH
TX9663,W2163,W48,6.64,1726237663,ETH
TX9664,W2164,W85,6.65,1726237664,ETH
TX9665,W2165,W122,6.66,1726237665,ETH
TX9666,W2166,W159,6.67,1726237666,ETH
TX9667,W2167,W196,6.68,1726237667,ETH
TX9668,W2168,W233,6.69,1726237668,ETH
TX9669,W2169,W270,6.7,1726237669,ETH
TX9670,W2170,W307,6.71,1726237670,ETH
TX9671,W2171,W344,6.72,1726237671,ETH
TX9672,W2172,W381,6.73,1726237672,ETH
TX9673,W2173,W418,6.74,1726237673,ETH
TX9674,W2174,W455,6.75,1726237674,ETH
TX9675,W2175,W492,6.76,1726237675,ETH
TX9676,W2176,W529,6.77,1726237676,ETH
TX9677,W2177,W566,6.78,1726237677,ETH
TX9678,W2178,W603,6.79,1726237678,ETH
TX9679,W2179,W640,6.8,1726237679,ETH
TX9680,W2180,W677,6.81,1726237680,ETH
TX9681,W2181,W714,6.82,1726237681,ETH
TX9682,W2182,W751,6.83,1726237682,ETH
TX9683,W2183,W788,6.84,1726237683,ETH
TX9684,W2184,W825,6.85,1726237684,ETH
TX9685,W2185,W862,6.86,1726237685,ETH
TX9686,W2186,W899,6.87,1726237686,ETH
TX9687,W2187,W936,6.88,1726237687,ETH
TX9688,W2188,W973,6.89,1726237688,ETH
TX9689,W2189,W1010,6.9,1726237689,ETH
TX9690,W2190,W1047,6.91,1726237690,ETH
TX9691,W2191,W1084,6.92,1726237691,ETH
TX9692,W2192,W1121,6.93,1726237692,ETH
TX9693,W2193,W1158,6.94,1726237693,ETH
TX9694,W2194,W1195,6.95,1726237694,ETH
TX9695,W2195,W1232,6.96,1726237695,ETH
TX9696,W2196,W1269,6.97,1726237696,ETH
TX9697,W2197,W1306,6.98,1726237697,ETH
TX9698,W2198,W1343,6.99,1726237698,ETH
TX9699,W2199,W1380,7,1726237699,ETH
TX9700,W2200,W1417,7.01,1726237700,ETH
TX9701,W2201,W1454,7.02,1726237701,ETH
TX9702,W2202,W1491,7.03,1726237702,ETH
TX9703,W2203,W1528,7.04,1726237703,ETH
TX9704,W2204,W1565,7.05,1726237704,ETH
TX9705,W2205,W1602,7.06,1726237705,ETH
TX9706,W2206,W1639,7.07,1726237706,ETH
TX9707,W2207,W1676,7.08,1726237707,ETH
TX9708,W2208,W1713,7.09,1726237708,ETH
TX9709,W2209,W1750,7.1,1726237709,ETH
TX9710,W2210,W1787,7.11,1726237710,ETH
TX9711,W2211,W1824,7.12,1726237711,ETH
TX9712,W2212,W1861,7.13,1726237712,ETH
TX9713,W2213,W1898,7.14,1726237713,ETH
TX9714,W2214,W1935,7.15,1726237714,ETH
TX9715,W2215,W1972,7.16,1726237715,ETH
TX9716,W2216,W2009,7.17,1726237716,ETH
TX9717,W2217,W2046,7.18,1726237717,ETH
TX9718,W2218,W2083,7.19,1726237718,ETH
TX9719,W2219,W2120,7.2,1726237719,ETH
TX9720,W2220,W2157,7.21,1726237720,ETH
TX9721,W2221,W2194,7.22,1726237721,ETH
TX9722,W2222,W2231,7.23,1726237722,ETH
TX9723,W2223,W2268,7.24,1726237723,ETH
TX9724,W2224,W2305,7.25,1726237724,ETH
TX9725,W2225,W2342,7.26,1726237725,ETH
TX9726,W2226,W2379,7.27,1726237726,ETH
TX9727,W2227,W2416,7.28,1726237727,ETH
TX9728,W2228,W2453,7.29,1726237728,ETH
TX9729,W2229,W2490,7.3,1726237729,ETH
TX9730,W2230,W27,7.31,1726237730,ETH
TX9731,W2231,W64,7.32,1726237731,ETH
TX9732,W2232,W101,7.33,1726237732,ETH
TX9733,W2233,W138,7.34,1726237733,ETH
TX9734,W2234,W175,7.35,1726237734,ETH
TX9735,W2235,W212,7.36,1726237735,ETH
TX9736,W2236,W249,7.37,1726237736,ETH
TX9737,W2237,W286,7.38,1726237737,ETH
TX9738,W2238,W323,7.39,1726237738,ETH
TX9739,W2239,W360,7.4,1726237739,ETH
TX9740,W2240,W397,7.41,1726237740,ETH
TX9741,W2241,W434,7.42,1726237741,ETH
TX9742,W2242,W471,7.43,1726237742,ETH
TX9743,W2243,W508,7.44,1726237743,ETH
TX9744,W2244,W545,7.45,1726237744,ETH
TX9745,W2245,W582,7.46,1726237745,ETH
TX9746,W2246,W619,7.47,1726237746,ETH
TX9747,W2247,W656,7.48,1726237747,ETH
TX9748,W2248,W693,7.49,1726237748,ETH
TX9749,W2249,W730,7.5,1726237749,ETH
TX9750,W2250,W767,7.51,1726237750,ETH
TX9751,W2251,W804,7.52,1726237751,ETH
TX9752,W2252,W841,7.53,1726237752,ETH
TX9753,W2253,W878,7.54,1726237753,ETH
TX9754,W2254,W915,7.55,1726237754,ETH
TX9755,W2255,W952,7.56,1726237755,ETH
TX9756,W2256,W989,7.57,1726237756,ETH
TX9757,W2257,W1026,7.58,1726237757,ETH
TX9758,W2258,W1063,7.59,1726237758,ETH
TX9759,W2259,W1100,7.6,1726237759,ETH
TX9760,W2260,W1137,7.61,1726237760,ETH
TX9761,W2261,W1174,7.62,1726237761,ETH
TX9762,W2262,W1211,7.63,1726237762,ETH
TX9763,W2263,W1248,7.64,1726237763,ETH
TX9764,W2264,W1285,7.65,1726237764,ETH
TX9765,W2265,W1322,7.66,1726237765,ETH
TX9766,W2266,W1359,7.67,1726237766,ETH
TX9767,W2267,W1396,7.68,1726237767,ETH
TX9768,W2268,W1433,7.69,1726237768,ETH
TX9769,W2269,W1470,7.7,1726237769,ETH
TX9770,W2270,W1507,7.71,1726237770,ETH
TX9771,W2271,W1544,7.72,1726237771,ETH
TX9772,W2272,W1581,7.73,1726237772,ETH
TX9773,W2273,W1618,7.74,1726237773,ETH
TX9774,W2274,W1655,7.75,1726237774,ETH
TX9775,W2275,W1692,7.76,1726237775,ETH
TX9776,W2276,W1729,7.77,1726237776,ETH
TX9777,W2277,W1766,7.78,1726237777,ETH
TX9778,W2278,W1803,7.79,1726237778,ETH
TX9779,W2279,W1840,7.8,1726237779,ETH
TX9780,W2280,W1877,7.81,1726237780,ETH
TX9781,W2281,W1914,7.82,1726237781,ETH
TX9782,W2282,W1951,7.83,1726237782,ETH
TX9783,W2283,W1988,7.84,1726237783,ETH
TX9784,W2284,W2025,7.85,1726237784,ETH
TX9785,W2285,W2062,7.86,1726237785,ETH
TX9786,W2286,W2099,7.87,1726237786,ETH
TX9787,W2287,W2136,7.88,1726237787,ETH
TX9788,W2288,W2173,7.89,1726237788,ETH
TX9789,W2289,W2210,7.9,1726237789,ETH
TX9790,W2290,W2247,7.91,1726237790,ETH
TX9791,W2291,W2284,7.92,1726237791,ETH
TX9792,W2292,W2321,7.93,1726237792,ETH
TX9793,W2293,W2358,7.94,1726237793,ETH
TX9794,W2294,W2395,7.95,1726237794,ETH
TX9795,W2295,W2432,7.96,1726237795,ETH
TX9796,W2296,W2469,7.97,1726237796,ETH
TX9797,W2297,W6,7.98,1726237797,ETH
TX9798,W2298,W43,7.99,1726237798,ETH
TX9799,W2299,W80,8,1726237799,ETH
TX9800,W2300,W117,8.01,1726237800,ETH
TX9801,W2301,W154,8.02,1726237801,ETH
TX9802,W2302,W191,8.03,1726237802,ETH
TX9803,W2303,W228,8.04,1726237803,ETH
TX9804,W2304,W265,8.05,1726237804,ETH
TX9805,W2305,W302,8.06,1726237805,ETH
TX9806,W2306,W339,8.07,1726237806,ETH
TX9807,W2307,W376,8.08,1726237807,ETH
TX9808,W2308,W413,8.09,1726237808,ETH
TX9809,W2309,W450,8.1,1726237809,ETH
TX9810,W2310,W487,8.11,1726237810,ETH
TX9811,W2311,W524,8.12,1726237811,ETH
TX9812,W2312,W561,8.13,1726237812,ETH
TX9813,W2313,W598,8.14,1726237813,ETH
TX9814,W2314,W635,8.15,1726237814,ETH
TX9815,W2315,W672,8.16,1726237815,ETH
TX9816,W2316,W709,8.17,1726237816,ETH
TX9817,W2317,W746,8.18,1726237817,ETH
TX9818,W2318,W783,8.19,1726237818,ETH
TX9819,W2319,W820,8.2,1726237819,ETH
TX9820,W2320,W857,8.21,1726237820,ETH
TX9821,W2321,W894,8.22,1726237821,ETH
TX9822,W2322,W931,8.23,1726237822,ETH
TX9823,W2323,W968,8.24,1726237823,ETH
TX9824,W2324,W1005,8.25,1726237824,ETH
TX9825,W2325,W1042,8.26,1726237825,ETH
TX9826,W2326,W1079,8.27,1726237826,ETH
TX9827,W2327,W1116,8.28,1726237827,ETH
TX9828,W2328,W1153,8.29,1726237828,ETH
TX9829,W2329,W1190,8.3,1726237829,ETH
TX9830,W2330,W1227,8.31,1726237830,ETH
TX9831,W2331,W1264,8.32,1726237831,ETH
TX9832,W2332,W1301,8.33,1726237832,ETH
TX9833,W2333,W1338,8.34,1726237833,ETH
TX9834,W2334,W1375,8.35,1726237834,ETH
TX9835,W2335,W1412,8.36,1726237835,ETH
TX9836,W2336,W1449,8.37,1726237836,ETH
TX9837,W2337,W1486,8.38,1726237837,ETH
TX9838,W2338,W1523,8.39,1726237838,ETH
TX9839,W2339,W1560,8.4,1726237839,ETH
TX9840,W2340,W1597,8.41,1726237840,ETH
TX9841,W2341,W1634,8.42,1726237841,ETH
TX9842,W2342,W1671,8.43,1726237842,ETH
TX9843,W2343,W1708,8.44,1726237843,ETH
TX9844,W2344,W1745,8.45,1726237844,ETH
TX9845,W2345,W1782,8.46,1726237845,ETH
TX9846,W2346,W1819,8.47,1726237846,ETH
TX9847,W2347,W1856,8.48,1726237847,ETH
TX9848,W2348,W1893,8.49,1726237848,ETH
TX9849,W2349,W1930,8.5,1726237849,ETH
TX9850,W2350,W1967,8.51,1726237850,ETH
TX9851,W2351,W2004,8.52,1726237851,ETH
TX9852,W2352,W2041,8.53,1726237852,ETH
TX9853,W2353,W2078,8.54,1726237853,ETH
TX9854,W2354,W2115,8.55,1726237854,ETH
TX9855,W2355,W2152,8.56,1726237855,ETH
TX9856,W2356,W2189,8.57,1726237856,ETH
TX9857,W2357,W2226,8.58,1726237857,ETH
TX9858,W2358,W2263,8.59,1726237858,ETH
TX9859,W2359,W2300,8.6,1726237859,ETH
TX9860,W2360,W2337,8.61,1726237860,ETH
TX9861,W2361,W2374,8.62,1726237861,ETH
TX9862,W2362,W2411,8.63,1726237862,ETH
TX9863,W2363,W2448,8.64,1726237863,ETH
TX9864,W2364,W2485,8.65,1726237864,ETH
TX9865,W2365,W22,8.66,1726237865,ETH
TX9866,W2366,W59,8.67,1726237866,ETH
TX9867,W2367,W96,8.68,1726237867,ETH
TX9868,W2368,W133,8.69,1726237868,ETH
TX9869,W2369,W170,8.7,1726237869,ETH
TX9870,W2370,W207,8.71,1726237870,ETH
TX9871,W2371,W244,8.72,1726237871,ETH
TX9872,W2372,W281,8.73,1726237872,ETH
TX9873,W2373,W318,8.74,1726237873,ETH
TX9874,W2374,W355,8.75,1726237874,ETH
TX9875,W2375,W392,8.76,1726237875,ETH
TX9876,W2376,W429,8.77,1726237876,ETH
TX9877,W2377,W466,8.78,1726237877,ETH
TX9878,W2378,W503,8.79,1726237878,ETH
TX9879,W2379,W540,8.8,1726237879,ETH
TX9880,W2380,W577,8.81,1726237880,ETH
TX9881,W2381,W614,8.82,1726237881,ETH
TX9882,W2382,W651,8.83,1726237882,ETH
TX9883,W2383,W688,8.84,1726237883,ETH
TX9884,W2384,W725,8.85,1726237884,ETH
TX9885,W2385,W762,8.86,1726237885,ETH
TX9886,W2386,W799,8.87,1726237886,ETH
TX9887,W2387,W836,8.88,1726237887,ETH
TX9888,W2388,W873,8.89,1726237888,ETH
TX9889,W2389,W910,8.9,1726237889,ETH
TX9890,W2390,W947,8.91,1726237890,ETH
TX9891,W2391,W984,8.92,1726237891,ETH
TX9892,W2392,W1021,8.93,1726237892,ETH
TX9893,W2393,W1058,8.94,1726237893,ETH
TX9894,W2394,W1095,8.95,1726237894,ETH
TX9895,W2395,W1132,8.96,1726237895,ETH
TX9896,W2396,W1169,8.97,1726237896,ETH
TX9897,W2397,W1206,8.98,1726237897,ETH
TX9898,W2398,W1243,8.99,1726237898,ETH
TX9899,W2399,W1280,9,1726237899,ETH
TX9900,W2400,W1317,9.01,1726237900,ETH
TX9901,W2401,W1354,9.02,1726237901,ETH
TX9902,W2402,W1391,9.03,1726237902,ETH
TX9903,W2403,W1428,9.04,1726237903,ETH
TX9904,W2404,W1465,9.05,1726237904,ETH
TX9905,W2405,W1502,9.06,1726237905,ETH
TX9906,W2406,W1539,9.07,1726237906,ETH
TX9907,W2407,W1576,9.08,1726237907,ETH
TX9908,W2408,W1613,9.09,1726237908,ETH
TX9909,W2409,W1650,9.1,1726237909,ETH
TX9910,W2410,W1687,9.11,1726237910,ETH
TX9911,W2411,W1724,9.12,1726237911,ETH
TX9912,W2412,W1761,9.13,1726237912,ETH
TX9913,W2413,W1798,9.14,1726237913,ETH
TX9914,W2414,W1835,9.15,1726237914,ETH
TX9915,W2415,W1872,9.16,1726237915,ETH
TX9916,W2416,W1909,9.17,1726237916,ETH
TX9917,W2417,W1946,9.18,1726237917,ETH
TX9918,W2418,W1983,9.19,1726237918,ETH
TX9919,W2419,W2020,9.2,1726237919,ETH
TX9920,W2420,W2057,9.21,1726237920,ETH
TX9921,W2421,W2094,9.22,1726237921,ETH
TX9922,W2422,W2131,9.23,1726237922,ETH
TX9923,W2423,W2168,9.24,1726237923,ETH
TX9924,W2424,W2205,9.25,1726237924,ETH
TX9925,W2425,W2242,9.26,1726237925,ETH
TX9926,W2426,W2279,9.27,1726237926,ETH
TX9927,W2427,W2316,9.28,1726237927,ETH
TX9928,W2428,W2353,9.29,1726237928,ETH
TX9929,W2429,W2390,9.3,1726237929,ETH
TX9930,W2430,W2427,9.31,1726237930,ETH
TX9931,W2431,W2464,9.32,1726237931,ETH
TX9932,W2432,W1,9.33,1726237932,ETH
TX9933,W2433,W38,9.34,1726237933,ETH
TX9934,W2434,W75,9.35,1726237934,ETH
TX9935,W2435,W112,9.36,1726237935,ETH
TX9936,W2436,W149,9.37,1726237936,ETH
TX9937,W2437,W186,9.38,1726237937,ETH
TX9938,W2438,W223,9.39,1726237938,ETH
TX9939,W2439,W260,9.4,1726237939,ETH
TX9940,W2440,W297,9.41,1726237940,ETH
TX9941,W2441,W334,9.42,1726237941,ETH
TX9942,W2442,W371,9.43,1726237942,ETH
TX9943,W2443,W408,9.44,1726237943,ETH
TX9944,W2444,W445,9.45,1726237944,ETH
TX9945,W2445,W482,9.46,1726237945,ETH
TX9946,W2446,W519,9.47,1726237946,ETH
TX9947,W2447,W556,9.48,1726237947,ETH
TX9948,W2448,W593,9.49,1726237948,ETH
TX9949,W2449,W630,9.5,1726237949,ETH
TX9950,W2450,W667,9.51,1726237950,ETH
TX9951,W2451,W704,9.52,1726237951,ETH
TX9952,W2452,W741,9.53,1726237952,ETH
TX9953,W2453,W778,9.54,1726237953,ETH
TX9954,W2454,W815,9.55,1726237954,ETH
TX9955,W2455,W852,9.56,1726237955,ETH
TX9956,W2456,W889,9.57,1726237956,ETH
TX9957,W2457,W926,9.58,1726237957,ETH
TX9958,W2458,W963,9.59,1726237958,ETH
TX9959,W2459,W1000,9.6,1726237959,ETH
TX9960,W2460,W1037,9.61,1726237960,ETH
TX9961,W2461,W1074,9.62,1726237961,ETH
TX9962,W2462,W1111,9.63,1726237962,ETH
TX9963,W2463,W1148,9.64,1726237963,ETH
TX9964,W2464,W1185,9.65,1726237964,ETH
TX9965,W2465,W1222,9.66,1726237965,ETH
TX9966,W2466,W1259,9.67,1726237966,ETH
TX9967,W2467,W1296,9.68,1726237967,ETH
TX9968,W2468,W1333,9.69,1726237968,ETH
TX9969,W2469,W1370,9.7,1726237969,ETH
TX9970,W2470,W1407,9.71,1726237970,ETH
TX9971,W2471,W1444,9.72,1726237971,ETH
TX9972,W2472,W1481,9.73,1726237972,ETH
TX9973,W2473,W1518,9.74,1726237973,ETH
TX9974,W2474,W1555,9.75,1726237974,ETH
TX9975,W2475,W1592,9.76,1726237975,ETH
TX9976,W2476,W1629,9.77,1726237976,ETH
TX9977,W2477,W1666,9.78,1726237977,ETH
TX9978,W2478,W1703,9.79,1726237978,ETH
TX9979,W2479,W1740,9.8,1726237979,ETH
TX9980,W2480,W1777,9.81,1726237980,ETH
TX9981,W2481,W1814,9.82,1726237981,ETH
TX9982,W2482,W1851,9.83,1726237982,ETH
TX9983,W2483,W1888,9.84,1726237983,ETH
TX9984,W2484,W1925,9.85,1726237984,ETH
TX9985,W2485,W1962,9.86,1726237985,ETH
TX9986,W2486,W1999,9.87,1726237986,ETH
TX9987,W2487,W2036,9.88,1726237987,ETH
TX9988,W2488,W2073,9.89,1726237988,ETH
TX9989,W2489,W2110,9.9,1726237989,ETH
TX9990,W2490,W2147,9.91,1726237990,ETH
TX9991,W2491,W2184,9.92,1726237991,ETH
TX9992,W2492,W2221,9.93,1726237992,ETH
TX9993,W2493,W2258,9.94,1726237993,ETH
TX9994,W2494,W2295,9.95,1726237994,ETH
TX9995,W2495,W2332,9.96,1726237995,ETH
TX9996,W2496,W2369,9.97,1726237996,ETH
TX9997,W2497,W2406,9.98,1726237997,ETH
TX9998,W2498,W2443,9.99,1726237998,ETH
TX9999,W2499,W2480,10,1726237999,ETH
